Order_ID,Customer_ID,Order_Date,Gender,Age,City,Category,Product,Quantity,Unit_Price,Discount_Pct,Payment_Method,Rating,Gross_Sales,Discount_Amount,Net_Sales
ORD100001,CUST1860,2024-09-26,Female,35,Kochi,Beauty,Face Wash,3,30.91,0.151,UPI,1,92.73,14.0,78.73
ORD100002,CUST1641,2024-05-06,Female,33,Bengaluru,Sports,Cricket Bat,2,27.35,0.132,Net Banking,1,54.7,7.22,47.48
ORD100003,CUST1105,2024-11-09,Female,56,Delhi,Electronics,Power Bank,4,146.62,0.095,Credit Card,3,586.48,55.72,530.76
ORD100004,CUST1719,2024-09-19,Male,47,Kochi,Toys,Board Game,3,326.63,0.092,Credit Card,4,979.89,90.15,889.74
ORD100005,CUST1458,2024-07-19,Male,44,Delhi,Clothing,Jeans,4,259.79,0.263,Cash on Delivery,2,1039.16,273.3,765.86
ORD100006,CUST1651,2024-03-12,Male,53,Bengaluru,Electronics,Power Bank,1,132.01,0.116,Cash on Delivery,2,132.01,15.31,116.7
ORD100007,CUST1432,2024-03-04,Female,25,Delhi,Beauty,Face Wash,4,339.3,0.085,Cash on Delivery,2,1357.2,115.36,1241.84
ORD100008,CUST1720,2024-11-13,Female,29,Chennai,Beauty,Shampoo,2,158.63,0.35,Credit Card,2,317.26,111.04,206.22
ORD100009,CUST1217,2024-09-25,Male,50,Mumbai,Clothing,Jeans,2,107.73,0.128,UPI,3,215.46,27.58,187.88
ORD100010,CUST1144,2024-06-20,Female,50,Delhi,Sports,Cricket Bat,4,157.83,0.319,UPI,3,631.32,201.39,429.93
ORD100011,CUST1219,2024-10-20,Female,18,Chennai,Home & Kitchen,Storage Box,2,85.87,0.233,Debit Card,2,171.74,40.02,131.72
ORD100012,CUST1921,2024-09-19,Female,27,Bengaluru,Electronics,Smartwatch,2,311.69,0.265,Debit Card,1,623.38,165.2,458.18
ORD100013,CUST1075,2024-05-09,Male,27,,Toys,Puzzle,4,135.99,0.218,Net Banking,1,543.96,118.58,425.38
ORD100014,CUST1285,2024-10-04,Female,18,Pune,Beauty,Face Wash,4,235.42,0.104,Cash on Delivery,3,941.68,97.93,843.75
ORD100015,CUST1342,2024-09-23,Male,46,Mumbai,Sports,Yoga Mat,2,145.33,0.304,Cash on Delivery,1,290.66,88.36,202.3
ORD100016,CUST1835,2024-06-09,Male,20,Bengaluru,Books,Fiction Book,2,317.08,0.298,Cash on Delivery,4,634.16,188.98,445.18
ORD100017,CUST1358,2024-01-07,Female,54,Chennai,Sports,Dumbbells,1,230.2,0.155,UPI,1,230.2,35.68,194.52
ORD100018,CUST1892,2024-09-05,Male,43,Mumbai,Clothing,Jeans,1,178.56,0.279,Credit Card,1,178.56,49.82,128.74
ORD100019,CUST1987,2024-04-23,Female,50,Delhi,Beauty,Face Wash,3,59.27,0.213,Cash on Delivery,4,177.81,37.87,139.94
ORD100020,CUST1650,2024-05-02,Male,39,Bengaluru,Toys,Remote Car,2,317.14,0.323,UPI,4,634.28,204.87,429.41
ORD100021,CUST1342,2024-08-27,Female,59,Coimbatore,Beauty,Perfume,4,198.18,0.291,UPI,4,792.72,230.68,562.04
ORD100022,CUST1597,2024-09-28,Male,29,Mumbai,Home & Kitchen,Storage Box,1,110.49,0.062,Debit Card,1,110.49,6.85,103.64
ORD100023,CUST1668,2024-01-30,Male,41,Chennai,Electronics,Power Bank,3,309.11,0.314,Credit Card,4,927.33,291.18,636.15
ORD100024,CUST1108,2024-10-03,Male,18,Bengaluru,Electronics,Keyboard,3,33.24,0.341,Credit Card,5,99.72,34.0,65.72
ORD100025,CUST1832,2024-04-08,Male,53,Coimbatore,Beauty,Shampoo,3,120.22,0.273,UPI,4,360.66,98.46,262.2
ORD100026,CUST1435,2024-07-08,Female,42,Hyderabad,Books,Self-Help Book,1,,0.086,Cash on Delivery,2,194.84,16.76,178.08
ORD100027,CUST1844,2024-10-17,Male,25,Hyderabad,Sports,Cricket Bat,2,128.84,0.292,Net Banking,3,257.68,75.24,182.44
ORD100028,CUST1611,2024-03-14,Male,53,Bengaluru,Clothing,Jeans,3,174.71,0.244,Cash on Delivery,5,524.13,127.89,396.24
ORD100029,CUST1859,2024-03-15,Female,60,Coimbatore,Books,Comics,2,103.55,0.152,UPI,1,207.1,31.48,175.62
ORD100030,CUST1081,2024-11-21,Male,20,Coimbatore,Toys,Board Game,4,58.58,0.315,UPI,4,234.32,73.81,160.51
ORD100031,CUST1042,2024-05-04,Male,54,Bengaluru,Beauty,Perfume,3,27.35,0.22,UPI,2,82.05,18.05,64.0
ORD100032,CUST1111,2024-11-13,Female,49,Pune,Electronics,Power Bank,2,67.81,0.306,UPI,5,135.62,41.5,94.12
ORD100033,CUST1873,2024-04-29,Male,33,Mumbai,Home & Kitchen,Storage Box,1,334.24,0.251,Debit Card,1,334.24,83.89,250.35
ORD100034,CUST1992,2024-07-26,Male,45,Bengaluru,Home & Kitchen,Storage Box,1,207.76,0.137,Debit Card,3,207.76,28.46,179.3
ORD100035,CUST1997,2024-06-19,Male,51,Coimbatore,Sports,Dumbbells,2,178.8,0.343,Debit Card,3,357.6,122.66,234.94
ORD100036,CUST1331,2024-11-25,Female,38,Chennai,Books,Academic Book,2,143.75,0.221,UPI,3,287.5,63.54,223.96
ORD100037,CUST1264,2024-07-03,Female,46,Coimbatore,Clothing,Jeans,4,252.32,0.205,UPI,2,1009.28,206.9,802.38
ORD100038,CUST1349,2024-06-17,Male,20,Chennai,Sports,Yoga Mat,4,62.32,0.171,Credit Card,1,249.28,42.63,206.65
ORD100039,CUST1816,2024-06-05,Female,57,Hyderabad,Books,Comics,1,107.5,0.091,Debit Card,5,107.5,9.78,97.72
ORD100040,CUST1251,2024-05-05,Male,57,Bengaluru,Toys,Building Blocks,3,234.73,0.256,Net Banking,3,704.19,180.27,523.92
ORD100041,CUST1546,2024-05-27,Male,27,Bengaluru,Sports,Cricket Bat,2,175.49,0.179,Credit Card,4,350.98,62.83,288.15
ORD100042,CUST1645,2024-06-03,Female,38,Mumbai,Beauty,Shampoo,1,272.98,0.33,Credit Card,3,272.98,90.08,182.9
ORD100043,CUST1361,2024-09-12,Female,28,Coimbatore,Toys,Building Blocks,3,315.53,0.34,UPI,3,946.59,321.84,624.75
ORD100044,CUST1472,2024-01-16,Female,35,Mumbai,Home & Kitchen,Cookware Set,3,290.83,0.28,Debit Card,4,872.49,244.3,628.19
ORD100045,CUST1664,2024-06-16,Male,29,Delhi,Beauty,Perfume,1,76.71,0.123,UPI,3,76.71,9.44,67.27
ORD100046,CUST1789,2024-07-02,Female,55,Kochi,Beauty,Moisturizer,2,45.64,0.265,Credit Card,1,91.28,24.19,67.09
ORD100047,CUST1189,2024-09-09,Female,47,Mumbai,Home & Kitchen,Mixer,3,71.76,0.056,UPI,1,215.28,12.06,203.22
ORD100048,CUST1511,2024-08-11,Male,54,Coimbatore,Books,Self-Help Book,2,277.48,0.298,UPI,3,554.96,165.38,389.58
ORD100049,CUST1154,2024-05-24,Male,52,Mumbai,Toys,Building Blocks,2,321.13,0.198,UPI,1,642.26,127.17,515.09
ORD100050,CUST1015,2024-02-06,Male,49,Chennai,Clothing,T-Shirt,1,325.03,0.331,Cash on Delivery,3,325.03,107.58,217.45
ORD100051,CUST1644,2024-05-04,Female,25,Hyderabad,Books,Comics,1,114.9,0.163,UPI,4,114.9,18.73,96.17
ORD100052,CUST1482,2024-03-26,Female,53,Bengaluru,Clothing,T-Shirt,4,296.51,0.129,Credit Card,3,1186.04,153.0,1033.04
ORD100053,CUST1259,2024-03-09,Female,51,Kochi,Beauty,Shampoo,3,194.64,0.349,Credit Card,1,583.92,203.79,380.13
ORD100054,CUST1055,2024-08-29,Male,23,Chennai,Toys,Puzzle,1,290.64,0.209,Debit Card,4,290.64,60.74,229.9
ORD100055,CUST1944,2024-06-09,Male,21,Coimbatore,Toys,Puzzle,2,198.7,0.309,Debit Card,5,397.4,122.8,274.6
ORD100056,CUST1825,2024-09-22,Female,50,Bengaluru,Beauty,Perfume,1,63.87,0.323,UPI,2,63.87,20.63,43.24
ORD100057,CUST1934,2024-02-16,Female,34,Bengaluru,Sports,Football,2,41.54,0.206,Net Banking,1,83.08,17.11,65.97
ORD100058,CUST1113,2024-11-26,Male,32,Delhi,Sports,Football,1,335.67,0.187,Cash on Delivery,3,335.67,62.77,272.9
ORD100059,CUST1014,2024-06-07,Male,35,Chennai,Clothing,Jeans,3,157.64,0.216,Debit Card,4,472.92,102.15,370.77
ORD100060,CUST1216,2024-03-25,Male,55,Chennai,Clothing,Jeans,3,132.42,0.304,Debit Card,2,397.26,120.77,276.49
ORD100061,CUST1100,2024-05-01,Male,33,Coimbatore,Toys,Remote Car,3,134.36,0.339,UPI,3,403.08,136.64,266.44
ORD100062,CUST1459,2024-10-08,Male,33,Chennai,Sports,Cricket Bat,2,141.94,0.148,Cash on Delivery,4,283.88,42.01,241.87
ORD100063,CUST1644,2024-08-25,Female,35,Delhi,Sports,Cricket Bat,2,331.57,0.272,Cash on Delivery,3,663.14,180.37,482.77
ORD100064,CUST1194,2024-02-27,Female,20,Chennai,Beauty,Shampoo,1,36.01,0.136,Cash on Delivery,4,36.01,4.9,31.11
ORD100065,CUST1396,2024-11-27,Male,19,Chennai,Toys,Remote Car,1,54.89,0.233,Debit Card,1,54.89,12.79,42.1
ORD100066,CUST1538,2024-02-13,Male,35,Pune,Sports,Cricket Bat,2,279.53,0.291,UPI,2,559.06,162.69,396.37
ORD100067,CUST1317,2024-04-02,Male,18,Mumbai,Sports,Dumbbells,2,199.05,0.316,Credit Card,3,398.1,125.8,272.3
ORD100068,CUST1460,2024-09-01,Female,50,Chennai,Home & Kitchen,Mixer,3,58.06,0.185,Credit Card,2,174.18,32.22,141.96
ORD100069,CUST1589,2024-06-26,Male,36,Pune,Clothing,T-Shirt,1,26.54,0.161,Cash on Delivery,5,26.54,4.27,22.27
ORD100070,CUST1951,2024-05-29,Male,39,Kochi,Sports,Dumbbells,2,90.12,0.126,Net Banking,4,180.24,22.71,157.53
ORD100071,CUST1309,2024-11-06,Female,32,Delhi,Books,Comics,4,102.37,0.09,UPI,3,409.48,36.85,372.63
ORD100072,CUST1088,2024-09-22,Male,50,Mumbai,Home & Kitchen,Storage Box,4,19.76,0.159,Cash on Delivery,4,79.04,12.57,66.47
ORD100073,CUST1867,2024-11-18,Male,36,Coimbatore,Beauty,Moisturizer,4,87.39,0.312,Credit Card,5,349.56,109.06,240.5
ORD100074,CUST1576,2024-04-04,Male,19,Hyderabad,Books,Self-Help Book,2,262.34,0.176,Debit Card,1,524.68,92.34,432.34
ORD100075,CUST1471,2024-10-11,Male,38,Delhi,Clothing,Jacket,1,301.57,0.145,Credit Card,3,301.57,43.73,257.84
ORD100076,CUST1719,2024-03-12,Female,25,Mumbai,Books,Fiction Book,1,315.91,0.272,Cash on Delivery,3,315.91,85.93,229.98
ORD100077,CUST1980,2024-09-26,Female,43,Pune,Books,Self-Help Book,1,145.62,0.115,Net Banking,4,145.62,16.75,128.87
ORD100078,CUST1127,2024-07-02,Female,42,Delhi,Toys,Building Blocks,4,122.0,0.127,UPI,2,488.0,61.98,426.02
ORD100079,CUST1859,2024-07-19,Male,38,Mumbai,Sports,Cricket Bat,4,349.95,0.331,Net Banking,2,1399.8,463.33,936.47
ORD100080,CUST1635,2024-02-08,Male,34,Mumbai,Beauty,Moisturizer,4,272.73,0.074,Credit Card,4,1090.92,80.73,1010.19
ORD100081,CUST1584,2024-10-21,Male,43,Hyderabad,Toys,Remote Car,3,195.01,0.174,Credit Card,5,585.03,101.8,483.23
ORD100082,CUST1863,2024-04-03,Male,47,Mumbai,Home & Kitchen,Bedsheet,2,100.35,0.223,Credit Card,1,200.7,44.76,155.94
ORD100083,CUST1303,2024-07-19,Male,55,Chennai,Beauty,Face Wash,2,122.64,0.119,UPI,4,245.28,29.19,216.09
ORD100084,CUST1786,2024-02-25,Female,59,Hyderabad,Books,Fiction Book,4,187.65,0.134,Cash on Delivery,4,750.6,100.58,650.02
ORD100085,CUST1569,2024-11-06,Female,21,Chennai,Clothing,Jeans,4,196.6,0.117,Net Banking,1,786.4,92.01,694.39
ORD100086,CUST1934,2024-04-17,Male,46,Hyderabad,Clothing,Jacket,3,19.58,0.154,UPI,4,58.74,9.05,49.69
ORD100087,CUST1467,2024-09-12,Female,21,Hyderabad,Beauty,Perfume,4,336.4,0.32,UPI,5,1345.6,430.59,915.01
ORD100088,CUST1719,2024-09-13,Female,35,Chennai,Sports,Football,2,207.83,0.179,Credit Card,5,415.66,74.4,341.26
ORD100089,CUST1496,2024-07-03,Male,49,Hyderabad,Books,Academic Book,2,212.37,0.175,Debit Card,1,424.74,74.33,350.41
ORD100090,CUST1393,2024-02-10,Female,41,Pune,Sports,Cricket Bat,4,85.84,0.166,Cash on Delivery,5,343.36,57.0,286.36
ORD100091,CUST1375,2024-04-03,Female,52,Kochi,Books,Fiction Book,2,271.27,0.339,Credit Card,2,542.54,183.92,358.62
ORD100092,CUST1919,2024-07-23,Male,57,Delhi,Toys,Building Blocks,4,261.98,0.085,Cash on Delivery,3,1047.92,89.07,958.85
ORD100093,CUST1837,2024-06-28,Female,59,Pune,Sports,Football,2,46.88,0.312,UPI,2,93.76,29.25,64.51
ORD100094,CUST1225,2024-07-14,Female,46,Pune,Home & Kitchen,Storage Box,2,214.32,0.148,Cash on Delivery,4,428.64,63.44,365.2
ORD100095,CUST1864,2024-03-24,Male,46,Kochi,Home & Kitchen,Cookware Set,1,235.49,0.337,UPI,1,235.49,79.36,156.13
ORD100096,CUST1583,2024-06-29,Female,52,Kochi,Toys,Remote Car,3,294.92,0.145,Debit Card,4,884.76,128.29,756.47
ORD100097,CUST1104,2024-01-29,Female,28,Chennai,Home & Kitchen,Bedsheet,2,84.04,0.075,Credit Card,1,168.08,12.61,155.47
ORD100098,CUST1764,2024-06-11,Male,30,Mumbai,Clothing,Jeans,2,309.01,0.206,Cash on Delivery,5,618.02,127.31,490.71
ORD100099,CUST1162,2024-01-31,Male,32,,Clothing,Kurta,3,169.6,0.118,Debit Card,2,508.8,60.04,448.76
ORD100100,CUST1871,2024-08-10,Male,50,Kochi,Electronics,Keyboard,1,47.34,0.276,Credit Card,3,47.34,13.07,34.27
ORD100101,CUST1454,2024-07-08,Male,33,Delhi,Electronics,Keyboard,1,50.38,0.247,Net Banking,2,50.38,12.44,37.94
ORD100102,CUST1915,2024-10-12,Male,23,Mumbai,Toys,Board Game,4,81.26,0.256,Debit Card,1,325.04,83.21,241.83
ORD100103,CUST1482,2024-06-03,Male,52,Chennai,Books,Fiction Book,3,109.72,0.108,UPI,1,329.16,35.55,293.61
ORD100104,CUST1084,2024-02-24,Female,50,Mumbai,Electronics,Power Bank,3,181.3,0.263,Cash on Delivery,5,543.9,143.05,400.85
ORD100105,CUST1765,2024-03-19,Male,43,Delhi,Beauty,Perfume,1,265.83,0.143,Debit Card,1,265.83,38.01,227.82
ORD100106,CUST1725,2024-09-29,Female,55,Pune,Beauty,Perfume,3,77.55,0.35,Cash on Delivery,1,232.65,81.43,151.22
ORD100107,CUST1302,2024-11-17,Female,52,Delhi,Sports,Football,2,347.54,0.27,Debit Card,3,695.08,187.67,507.41
ORD100108,CUST1203,2024-01-21,Male,56,Bengaluru,Books,Comics,3,69.11,0.227,Net Banking,5,207.33,47.06,160.27
ORD100109,CUST1862,2024-08-14,Female,29,Kochi,Clothing,Kurta,1,215.79,0.31,UPI,1,215.79,66.89,148.9
ORD100110,CUST1778,2024-06-10,Male,23,Bengaluru,Electronics,Power Bank,3,326.2,0.227,Credit Card,2,978.6,222.14,756.46
ORD100111,CUST1297,2024-03-27,Male,32,Mumbai,Sports,Dumbbells,3,293.89,0.216,Cash on Delivery,3,881.67,190.44,691.23
ORD100112,CUST1699,2024-06-20,Male,53,Delhi,Books,Comics,2,,0.121,Cash on Delivery,3,464.08,56.15,407.93
ORD100113,CUST1240,2024-11-09,Male,57,Hyderabad,Home & Kitchen,Storage Box,1,254.69,0.253,Debit Card,1,254.69,64.44,190.25
ORD100114,CUST1181,2024-03-07,Male,22,Chennai,Toys,Remote Car,4,59.96,0.162,UPI,5,239.84,38.85,200.99
ORD100115,CUST1663,2024-10-07,Female,54,Delhi,Books,Self-Help Book,3,18.24,0.063,Net Banking,2,54.72,3.45,51.27
ORD100116,CUST1831,2024-01-31,Male,38,Bengaluru,Electronics,Power Bank,3,160.44,0.295,Credit Card,4,481.32,141.99,339.33
ORD100117,CUST1917,2024-08-29,Female,53,Kochi,Beauty,Perfume,4,44.99,0.066,Cash on Delivery,3,179.96,11.88,168.08
ORD100118,CUST1461,2024-01-26,Male,47,Coimbatore,Beauty,Perfume,3,134.85,0.252,Cash on Delivery,3,404.55,101.95,302.6
ORD100119,CUST1143,2024-01-21,Male,20,Mumbai,Home & Kitchen,Mixer,1,89.95,0.097,Debit Card,5,89.95,8.73,81.22
ORD100120,CUST1543,2024-01-13,Male,38,Mumbai,Toys,Puzzle,2,321.98,0.18,UPI,2,643.96,115.91,528.05
ORD100121,CUST1680,2024-09-26,Male,21,Kochi,Toys,Building Blocks,4,309.82,0.308,Net Banking,5,1239.28,381.7,857.58
ORD100122,CUST1970,2024-07-11,Female,32,Chennai,Toys,Remote Car,2,289.35,0.078,Credit Card,2,578.7,45.14,533.56
ORD100123,CUST1112,2024-08-19,Male,50,Mumbai,Clothing,Jacket,4,254.17,0.25,Net Banking,2,1016.68,254.17,762.51
ORD100124,CUST1655,2024-02-22,Female,47,Chennai,Home & Kitchen,Mixer,1,66.61,0.234,Cash on Delivery,1,66.61,15.59,51.02
ORD100125,CUST1511,2024-11-04,Female,48,Bengaluru,Clothing,Jacket,2,31.2,0.31,Cash on Delivery,2,62.4,19.34,43.06
ORD100126,CUST1587,2024-09-27,Male,46,Kochi,Sports,Dumbbells,2,234.05,0.102,UPI,3,468.1,47.75,420.35
ORD100127,CUST1092,2024-06-12,Male,18,Chennai,Home & Kitchen,Cookware Set,3,230.16,0.29,UPI,4,690.48,200.24,490.24
ORD100128,CUST1016,2024-10-28,Female,43,Kochi,Clothing,Jeans,1,138.76,0.185,Cash on Delivery,3,138.76,25.67,113.09
ORD100129,CUST1605,2024-02-17,Female,38,Coimbatore,Clothing,Jacket,1,173.35,0.179,UPI,2,173.35,31.03,142.32
ORD100130,CUST1199,2024-04-07,Male,40,Pune,Toys,Board Game,3,178.87,0.159,Credit Card,2,536.61,85.32,451.29
ORD100131,CUST1613,2024-01-17,Male,27,Pune,Books,Comics,2,95.38,0.166,Cash on Delivery,5,190.76,31.67,159.09
ORD100132,CUST1026,2024-02-25,Male,48,Bengaluru,Electronics,Power Bank,4,120.25,0.206,Cash on Delivery,2,481.0,99.09,381.91
ORD100133,CUST1800,2024-10-08,Female,44,Chennai,Toys,Board Game,4,155.16,0.082,Debit Card,2,620.64,50.89,569.75
ORD100134,CUST1332,2024-05-17,Female,35,Hyderabad,Home & Kitchen,Bedsheet,2,217.06,0.178,Cash on Delivery,5,434.12,77.27,356.85
ORD100135,CUST1450,2024-08-04,Male,20,Coimbatore,Toys,Remote Car,3,335.2,0.246,Cash on Delivery,4,1005.6,247.38,758.22
ORD100136,CUST1344,2024-10-22,Female,20,Hyderabad,Clothing,T-Shirt,2,195.39,0.199,Cash on Delivery,5,390.78,77.77,313.01
ORD100137,CUST1417,2024-09-12,Male,33,Bengaluru,Electronics,Keyboard,2,259.94,0.1,Cash on Delivery,2,519.88,51.99,467.89
ORD100138,CUST1529,2024-05-13,Male,41,Coimbatore,Sports,Football,3,285.35,0.159,Debit Card,3,856.05,136.11,719.94
ORD100139,CUST1644,2024-04-26,Male,60,Pune,Beauty,Face Wash,2,53.03,0.183,Debit Card,4,106.06,19.41,86.65
ORD100140,CUST1689,2024-02-06,Male,49,Delhi,Clothing,Kurta,1,233.8,0.251,Net Banking,5,233.8,58.68,175.12
ORD100141,CUST1989,2024-10-04,Male,38,Mumbai,Sports,Football,2,176.51,0.32,Cash on Delivery,4,353.02,112.97,240.05
ORD100142,CUST1179,2024-11-25,Female,30,Coimbatore,Sports,Dumbbells,4,206.76,0.215,Credit Card,3,827.04,177.81,649.23
ORD100143,CUST1870,2024-06-16,Male,25,Pune,Electronics,Earbuds,2,27.87,0.253,Cash on Delivery,3,55.74,14.1,41.64
ORD100144,CUST1601,2024-06-16,Male,24,Hyderabad,Sports,Dumbbells,2,318.58,0.073,UPI,2,637.16,46.51,590.65
ORD100145,CUST1309,2024-10-11,Male,21,Bengaluru,Sports,Yoga Mat,3,334.18,0.336,Credit Card,3,1002.54,336.85,665.69
ORD100146,CUST1916,2024-04-24,Female,57,Coimbatore,Books,Academic Book,1,16.17,0.145,Net Banking,2,16.17,2.34,13.83
ORD100147,CUST1706,2024-05-16,Female,18,Bengaluru,Home & Kitchen,Mixer,2,86.29,0.156,Debit Card,1,172.58,26.92,145.66
ORD100148,CUST1184,2024-10-26,Male,55,Mumbai,Sports,Football,1,75.37,0.117,Debit Card,5,75.37,8.82,66.55
ORD100149,CUST1174,2024-05-07,Female,43,Kochi,Sports,Dumbbells,4,276.74,0.075,Debit Card,1,1106.96,83.02,1023.94
ORD100150,CUST1658,2024-11-06,Male,44,Mumbai,Clothing,T-Shirt,4,215.36,0.287,Net Banking,2,861.44,247.23,614.21
ORD100151,CUST1728,2024-02-24,Male,59,Coimbatore,Beauty,Shampoo,4,74.41,0.122,Debit Card,2,297.64,36.31,261.33
ORD100152,CUST1045,2024-06-15,Female,51,Mumbai,Electronics,Power Bank,1,287.68,0.135,Debit Card,2,287.68,38.84,248.84
ORD100153,CUST1627,2024-06-13,Male,24,Pune,Clothing,T-Shirt,3,133.41,0.105,Debit Card,3,400.23,42.02,358.21
ORD100154,CUST1530,2024-04-12,Female,59,Delhi,Sports,Yoga Mat,3,169.39,0.342,Debit Card,5,508.17,173.79,334.38
ORD100155,CUST1968,2024-11-18,Female,25,Hyderabad,Clothing,Jeans,4,144.75,0.284,Debit Card,2,579.0,164.44,414.56
ORD100156,CUST1740,2024-06-10,Male,42,Kochi,Toys,Remote Car,1,189.66,0.329,Credit Card,4,189.66,62.4,127.26
ORD100157,CUST1908,2024-10-21,Female,45,Mumbai,Books,Comics,3,175.85,0.309,Cash on Delivery,4,527.55,163.01,364.54
ORD100158,CUST1034,2024-03-14,Female,28,Mumbai,Toys,Board Game,1,106.99,0.322,UPI,4,106.99,34.45,72.54
ORD100159,CUST1763,2024-04-26,Male,45,Pune,Beauty,Perfume,3,157.23,0.194,Net Banking,4,471.69,91.51,380.18
ORD100160,CUST1333,2024-06-09,Female,45,Kochi,Beauty,Moisturizer,4,319.29,0.101,Cash on Delivery,4,1277.16,128.99,1148.17
ORD100161,CUST1552,2024-07-07,Female,60,Coimbatore,Clothing,Jacket,1,183.47,0.148,Cash on Delivery,4,183.47,27.15,156.32
ORD100162,CUST1877,2024-03-17,Male,57,Mumbai,Electronics,Earbuds,1,321.99,0.138,Cash on Delivery,4,321.99,44.43,277.56
ORD100163,CUST1869,2024-04-14,Male,35,Bengaluru,Books,Self-Help Book,4,199.29,0.265,Debit Card,3,797.16,211.25,585.91
ORD100164,CUST1225,2024-07-27,Male,47,Hyderabad,Clothing,T-Shirt,1,272.55,0.058,Debit Card,1,272.55,15.81,256.74
ORD100165,CUST1239,2024-04-03,Male,53,Hyderabad,Sports,Cricket Bat,3,113.35,0.093,UPI,3,340.05,31.62,308.43
ORD100166,CUST1722,2024-09-11,Male,19,Hyderabad,Home & Kitchen,Bedsheet,3,279.79,0.255,Net Banking,4,839.37,214.04,625.33
ORD100167,CUST1877,2024-06-08,Male,47,Mumbai,Beauty,Perfume,2,103.55,0.087,Debit Card,2,207.1,18.02,189.08
ORD100168,CUST1611,2024-11-20,Female,57,Chennai,Beauty,Shampoo,4,21.55,0.064,UPI,2,86.2,5.52,80.68
ORD100169,CUST1054,2024-03-20,Male,23,Delhi,Home & Kitchen,Cookware Set,4,68.84,0.083,Debit Card,3,275.36,22.85,252.51
ORD100170,CUST1163,2024-10-09,Female,50,Coimbatore,Electronics,Earbuds,2,22.25,0.257,Cash on Delivery,1,44.5,11.44,33.06
ORD100171,CUST1748,2024-06-13,Female,20,Mumbai,Books,Fiction Book,1,332.27,0.092,UPI,4,332.27,30.57,301.7
ORD100172,CUST1740,2024-01-29,Male,35,Chennai,Sports,Football,1,349.99,0.094,Net Banking,5,349.99,32.9,317.09
ORD100173,CUST1895,2024-08-24,Female,53,Mumbai,Books,Fiction Book,1,270.35,0.119,UPI,3,270.35,32.17,238.18
ORD100174,CUST1531,2024-03-11,Female,60,Hyderabad,Electronics,Smartwatch,4,51.22,0.275,Net Banking,1,204.88,56.34,148.54
ORD100175,CUST1427,2024-02-16,Male,49,Delhi,Books,Comics,3,316.15,0.11,Debit Card,2,948.45,104.33,844.12
ORD100176,CUST1111,2024-06-27,Male,49,Hyderabad,Clothing,Kurta,3,264.17,0.061,Net Banking,1,792.51,48.34,744.17
ORD100177,CUST1781,2024-09-20,Female,29,Hyderabad,Sports,Dumbbells,1,126.3,0.322,Debit Card,3,126.3,40.67,85.63
ORD100178,CUST1948,2024-03-27,Female,53,Pune,Electronics,Smartwatch,4,183.26,0.313,Debit Card,2,733.04,229.44,503.6
ORD100179,CUST1045,2024-07-27,Female,46,Bengaluru,Electronics,Keyboard,3,236.69,0.105,Credit Card,4,710.07,74.56,635.51
ORD100180,CUST1491,2024-01-05,Female,58,Kochi,Beauty,Face Wash,4,23.06,0.13,Net Banking,5,92.24,11.99,80.25
ORD100181,CUST1354,2024-03-02,Male,43,Hyderabad,Electronics,Power Bank,2,183.02,0.107,Debit Card,3,366.04,39.17,326.87
ORD100182,CUST1744,2024-09-09,Male,19,Coimbatore,Electronics,Earbuds,3,260.35,0.266,UPI,5,781.05,207.76,573.29
ORD100183,CUST1762,2024-01-05,Male,39,Chennai,Sports,Football,3,78.06,0.125,UPI,3,234.18,29.27,204.91
ORD100184,CUST1217,2024-04-29,Male,51,Hyderabad,Home & Kitchen,Mixer,2,163.67,0.329,Credit Card,1,327.34,107.69,219.65
ORD100185,CUST1951,2024-06-19,Male,51,Mumbai,Beauty,Perfume,3,193.4,0.298,UPI,5,580.2,172.9,407.3
ORD100186,CUST1137,2024-01-23,Male,34,Mumbai,Toys,Puzzle,2,261.41,0.227,Credit Card,2,522.82,118.68,404.14
ORD100187,CUST1780,2024-11-23,Male,25,Chennai,Home & Kitchen,Cookware Set,4,338.09,0.053,Net Banking,5,1352.36,71.68,1280.68
ORD100188,CUST1740,2024-06-19,Female,55,Bengaluru,Clothing,Kurta,3,299.17,0.315,Cash on Delivery,4,897.51,282.72,614.79
ORD100189,CUST1162,2024-04-23,Female,53,Kochi,Beauty,Shampoo,3,223.21,0.268,Debit Card,5,669.63,179.46,490.17
ORD100190,CUST1673,2024-11-23,Male,55,Kochi,Books,Self-Help Book,3,210.52,0.286,Net Banking,4,631.56,180.63,450.93
ORD100191,CUST1270,2024-07-06,Female,46,Mumbai,Electronics,Smartwatch,2,217.07,0.072,Net Banking,3,434.14,31.26,402.88
ORD100192,CUST1273,2024-08-15,Female,53,Chennai,Books,Self-Help Book,4,197.63,0.263,Cash on Delivery,2,790.52,207.91,582.61
ORD100193,CUST1086,2024-01-31,Male,35,Hyderabad,Clothing,Jeans,1,34.89,0.291,Credit Card,2,34.89,10.15,24.74
ORD100194,CUST1745,2024-02-23,Male,51,Kochi,Beauty,Moisturizer,3,248.93,0.337,Debit Card,2,746.79,251.67,495.12
ORD100195,CUST1806,2024-01-16,Female,38,Kochi,Books,Self-Help Book,1,254.97,0.224,Net Banking,2,254.97,57.11,197.86
ORD100196,CUST1504,2024-06-21,Male,52,Coimbatore,Books,Self-Help Book,2,186.68,0.202,UPI,3,373.36,75.42,297.94
ORD100197,CUST1775,2024-10-07,Male,24,Coimbatore,Toys,Building Blocks,3,306.58,0.178,Credit Card,5,919.74,163.71,756.03
ORD100198,CUST1348,2024-10-29,Female,30,Pune,Electronics,Power Bank,2,240.27,0.26,Debit Card,1,480.54,124.94,355.6
ORD100199,CUST1564,2024-07-11,Female,27,Delhi,Books,Fiction Book,4,136.49,0.326,Debit Card,4,545.96,177.98,367.98
ORD100200,CUST1786,2024-01-19,Male,35,Coimbatore,Home & Kitchen,Cookware Set,3,21.6,0.23,Credit Card,4,64.8,14.9,49.9
ORD100201,CUST1430,2024-07-28,Female,53,Pune,Beauty,Face Wash,2,34.82,0.118,Credit Card,3,69.64,8.22,61.42
ORD100202,CUST1616,2024-08-01,Female,22,Hyderabad,Electronics,Power Bank,2,132.85,0.055,Cash on Delivery,2,265.7,14.61,251.09
ORD100203,CUST1144,2024-07-19,Male,49,Pune,Sports,Yoga Mat,3,169.81,0.236,Credit Card,3,509.43,120.23,389.2
ORD100204,CUST1506,2024-08-29,Male,53,Hyderabad,Clothing,Jeans,4,70.9,0.309,Credit Card,5,283.6,87.63,195.97
ORD100205,CUST1850,2024-07-05,Male,46,Pune,Clothing,Jeans,2,78.42,0.07,UPI,5,156.84,10.98,145.86
ORD100206,CUST1772,2024-08-23,Male,45,Mumbai,Books,Fiction Book,3,92.12,0.169,Cash on Delivery,4,276.36,46.7,229.66
ORD100207,CUST1299,2024-06-11,Female,23,Mumbai,Clothing,Jeans,3,276.47,0.332,Net Banking,3,829.41,275.36,554.05
ORD100208,CUST1544,2024-02-20,Male,44,Bengaluru,Toys,Building Blocks,1,273.38,0.201,Cash on Delivery,4,273.38,54.95,218.43
ORD100209,CUST1619,2024-01-27,Female,27,Kochi,Clothing,Kurta,4,143.28,0.116,Net Banking,4,573.12,66.48,506.64
ORD100210,CUST1937,2024-10-30,Male,28,Pune,Sports,Cricket Bat,3,72.74,0.156,Debit Card,4,218.22,34.04,184.18
ORD100211,CUST1828,2024-05-27,Female,55,Chennai,Toys,Puzzle,1,52.15,0.172,UPI,1,52.15,8.97,43.18
ORD100212,CUST1817,2024-04-17,Female,44,Mumbai,Toys,Board Game,3,44.19,0.085,Cash on Delivery,1,132.57,11.27,121.3
ORD100213,CUST1752,2024-04-08,Female,60,Mumbai,Books,Comics,3,146.08,0.248,Credit Card,2,438.24,108.68,329.56
ORD100214,CUST1357,2024-01-18,Male,37,Kochi,Beauty,Shampoo,4,30.26,0.228,Net Banking,2,121.04,27.6,93.44
ORD100215,CUST1376,2024-11-12,Female,33,Coimbatore,Beauty,Face Wash,1,126.77,0.244,UPI,4,126.77,30.93,95.84
ORD100216,CUST1464,2024-01-28,Male,60,Kochi,Beauty,Moisturizer,2,337.11,0.233,Net Banking,3,674.22,157.09,517.13
ORD100217,CUST1425,2024-03-14,Female,44,Mumbai,Clothing,T-Shirt,1,185.01,0.055,Debit Card,5,185.01,10.18,174.83
ORD100218,CUST1956,2024-06-02,Male,55,Bengaluru,Clothing,Jacket,3,290.59,0.102,UPI,4,871.77,88.92,782.85
ORD100219,CUST1874,2024-04-29,Male,19,Pune,Electronics,Smartwatch,3,58.3,0.1,Cash on Delivery,1,174.9,17.49,157.41
ORD100220,CUST1894,2024-01-14,Female,40,Bengaluru,Home & Kitchen,Mixer,2,104.81,0.079,Credit Card,5,209.62,16.56,193.06
ORD100221,CUST1606,2024-04-20,Female,53,Pune,Home & Kitchen,Mixer,4,332.09,0.271,Debit Card,4,1328.36,359.99,968.37
ORD100222,CUST1190,2024-09-18,Female,52,Mumbai,Sports,Dumbbells,3,143.49,0.086,Credit Card,2,430.47,37.02,393.45
ORD100223,CUST1143,2024-03-24,Male,48,Hyderabad,Toys,Puzzle,2,232.22,0.25,Debit Card,1,464.44,116.11,348.33
ORD100224,CUST1274,2024-10-17,Female,25,Chennai,Electronics,Power Bank,1,342.0,0.104,Credit Card,4,342.0,35.57,306.43
ORD100225,CUST1650,2024-04-30,Female,41,Coimbatore,Books,Self-Help Book,2,199.51,0.085,Credit Card,1,399.02,33.92,365.1
ORD100226,CUST1364,2024-01-05,Female,22,Pune,Electronics,Keyboard,4,117.29,0.099,UPI,2,469.16,46.45,422.71
ORD100227,CUST1654,2024-02-06,Male,52,Hyderabad,Clothing,Jacket,2,193.2,0.203,Credit Card,3,386.4,78.44,307.96
ORD100228,CUST1878,2024-09-28,Male,45,Pune,Sports,Dumbbells,4,33.3,0.244,Net Banking,1,133.2,32.5,100.7
ORD100229,CUST1334,2024-05-15,Female,26,Kochi,Toys,Puzzle,3,52.64,0.294,Net Banking,2,157.92,46.43,111.49
ORD100230,CUST1926,2024-11-24,Male,49,Pune,Clothing,Kurta,3,17.4,0.089,Net Banking,2,52.2,4.65,47.55
ORD100231,CUST1511,2024-09-21,Male,48,Kochi,Clothing,Jeans,2,311.21,0.235,Debit Card,1,622.42,146.27,476.15
ORD100232,CUST1801,2024-01-11,Female,20,Mumbai,Home & Kitchen,Storage Box,3,239.88,0.282,UPI,5,719.64,202.94,516.7
ORD100233,CUST1059,2024-04-14,Male,21,Mumbai,Electronics,Smartwatch,1,114.94,0.144,Debit Card,2,114.94,16.55,98.39
ORD100234,CUST1275,2024-08-30,Male,26,Coimbatore,Toys,Remote Car,1,89.09,0.074,Debit Card,3,89.09,6.59,82.5
ORD100235,CUST1929,2024-01-22,Male,21,Pune,Electronics,Keyboard,2,243.83,0.097,UPI,5,487.66,47.3,440.36
ORD100236,CUST1886,2024-11-30,Female,41,Delhi,Beauty,Face Wash,3,323.04,0.077,Net Banking,3,969.12,74.62,894.5
ORD100237,CUST1570,2024-02-25,Male,55,Pune,Sports,Dumbbells,3,115.21,0.316,Net Banking,2,345.63,109.22,236.41
ORD100238,CUST1032,2024-09-24,Female,20,Kochi,Beauty,Perfume,2,122.72,0.163,UPI,4,245.44,40.01,205.43
ORD100239,CUST1059,2024-10-08,Male,44,Pune,Clothing,T-Shirt,2,301.17,0.207,Cash on Delivery,4,602.34,124.68,477.66
ORD100240,CUST1422,2024-06-18,Male,36,Coimbatore,Clothing,Kurta,3,314.28,0.281,Net Banking,1,942.84,264.94,677.9
ORD100241,CUST1897,2024-09-26,Male,53,Chennai,Beauty,Shampoo,3,321.2,0.161,UPI,5,963.6,155.14,808.46
ORD100242,CUST1377,2024-10-23,Female,38,Pune,Beauty,Face Wash,1,113.21,0.245,Net Banking,1,113.21,27.74,85.47
ORD100243,CUST1883,2024-09-03,Male,46,Hyderabad,Books,Self-Help Book,2,55.3,0.073,UPI,4,110.6,8.07,102.53
ORD100244,CUST1534,2024-08-25,Male,57,Chennai,Sports,Dumbbells,3,162.4,0.194,Net Banking,1,487.2,94.52,392.68
ORD100245,CUST1134,2024-05-10,Male,23,Hyderabad,Toys,Puzzle,4,114.08,0.079,UPI,1,456.32,36.05,420.27
ORD100246,CUST1560,2024-04-07,Female,31,Coimbatore,Electronics,Power Bank,2,311.1,0.124,Debit Card,1,622.2,77.15,545.05
ORD100247,CUST1363,2024-10-17,Male,29,Coimbatore,Toys,Puzzle,4,27.27,0.138,Cash on Delivery,4,109.08,15.05,94.03
ORD100248,CUST1225,2024-03-16,Male,25,Hyderabad,Home & Kitchen,Cookware Set,3,227.35,0.265,UPI,3,682.05,180.74,501.31
ORD100249,CUST1674,2024-05-18,Male,45,Bengaluru,Home & Kitchen,Storage Box,2,318.57,0.252,Cash on Delivery,4,637.14,160.56,476.58
ORD100250,CUST1204,2024-06-20,Female,18,Mumbai,Home & Kitchen,Mixer,3,342.18,0.274,UPI,2,1026.54,281.27,745.27
ORD100251,CUST1904,2024-05-10,Male,34,Hyderabad,Toys,Remote Car,4,232.79,0.069,Debit Card,1,931.16,64.25,866.91
ORD100252,CUST1802,2024-05-04,Male,23,Mumbai,Electronics,Power Bank,1,333.22,0.348,Net Banking,4,333.22,115.96,217.26
ORD100253,CUST1781,2024-07-19,Female,44,Coimbatore,Sports,Cricket Bat,1,40.35,0.066,Cash on Delivery,5,40.35,2.66,37.69
ORD100254,CUST1076,2024-04-20,Female,50,Hyderabad,Books,Comics,2,135.36,0.298,UPI,5,270.72,80.67,190.05
ORD100255,CUST1959,2024-11-27,Female,38,Bengaluru,Books,Academic Book,1,17.92,0.272,Debit Card,1,17.92,4.87,13.05
ORD100256,CUST1492,2024-02-29,Female,37,Chennai,Beauty,Face Wash,4,343.7,0.228,Cash on Delivery,5,1374.8,313.45,1061.35
ORD100257,CUST1732,2024-05-10,Male,37,Pune,Beauty,Perfume,4,317.41,0.182,Net Banking,3,1269.64,231.07,1038.57
ORD100258,CUST1191,2024-10-10,Female,26,Bengaluru,Clothing,Jeans,3,24.4,0.277,UPI,1,73.2,20.28,52.92
ORD100259,CUST1767,2024-06-08,Male,34,Bengaluru,Clothing,Jacket,4,21.07,0.272,Cash on Delivery,1,84.28,22.92,61.36
ORD100260,CUST1319,2024-08-24,Female,58,Coimbatore,Toys,Remote Car,1,137.93,0.091,Cash on Delivery,3,137.93,12.55,125.38
ORD100261,CUST1706,2024-08-04,Female,19,Chennai,Clothing,T-Shirt,3,101.61,0.288,Net Banking,4,304.83,87.79,217.04
ORD100262,CUST1277,2024-04-20,Female,51,Pune,Beauty,Face Wash,2,298.72,0.074,Credit Card,1,597.44,44.21,553.23
ORD100263,CUST1931,2024-09-06,Male,25,Chennai,Home & Kitchen,Mixer,2,68.76,0.2,Debit Card,3,137.52,27.5,110.02
ORD100264,CUST1707,2024-03-20,Female,22,Kochi,Clothing,Jeans,2,279.87,0.244,Net Banking,2,559.74,136.58,423.16
ORD100265,CUST1451,2024-09-08,Male,30,Pune,Electronics,Earbuds,3,200.74,0.297,UPI,5,602.22,178.86,423.36
ORD100266,CUST1455,2024-02-12,Female,29,Coimbatore,Books,Fiction Book,3,141.43,0.189,Cash on Delivery,4,424.29,80.19,344.1
ORD100267,CUST1000,2024-08-20,Female,31,Pune,Books,Comics,1,63.82,0.121,UPI,2,63.82,7.72,56.1
ORD100268,CUST1299,2024-02-07,Female,54,Mumbai,Books,Fiction Book,3,349.23,0.197,Cash on Delivery,3,1047.69,206.39,841.3
ORD100269,CUST1788,2024-10-18,Female,56,Kochi,Clothing,T-Shirt,4,222.03,0.125,Net Banking,5,888.12,111.02,777.1
ORD100270,CUST1830,2024-07-28,Female,47,Coimbatore,Clothing,Jacket,1,162.19,0.209,UPI,4,162.19,33.9,128.29
ORD100271,CUST1998,2024-01-14,Female,24,Chennai,Clothing,T-Shirt,4,139.33,0.189,UPI,2,557.32,105.33,451.99
ORD100272,CUST1085,2024-02-06,Female,58,Delhi,Books,Academic Book,3,318.42,0.284,Cash on Delivery,5,955.26,271.29,683.97
ORD100273,CUST1250,2024-03-03,Male,54,Delhi,Clothing,Jacket,2,290.1,0.122,Cash on Delivery,4,580.2,70.78,509.42
ORD100274,CUST1765,2024-11-17,Male,21,Hyderabad,Toys,Remote Car,3,286.75,0.11,Debit Card,1,860.25,94.63,765.62
ORD100275,CUST1360,2024-07-16,Female,34,Mumbai,Toys,Puzzle,3,221.43,0.192,Credit Card,4,664.29,127.54,536.75
ORD100276,CUST1248,2024-04-03,Female,51,Kochi,Home & Kitchen,Bedsheet,4,312.47,0.065,Net Banking,5,1249.88,81.24,1168.64
ORD100277,CUST1281,2024-04-02,Male,21,Chennai,Home & Kitchen,Mixer,1,115.26,0.119,Debit Card,5,115.26,13.72,101.54
ORD100278,CUST1917,2024-01-09,Male,21,Kochi,Sports,Yoga Mat,1,250.74,0.156,Net Banking,1,250.74,39.12,211.62
ORD100279,CUST1857,2024-03-09,Female,44,Pune,Electronics,Earbuds,3,150.49,0.196,Cash on Delivery,5,451.47,88.49,362.98
ORD100280,CUST1005,2024-10-13,Male,32,Chennai,Beauty,Moisturizer,2,216.0,0.131,Cash on Delivery,5,432.0,56.59,375.41
ORD100281,CUST1839,2024-07-19,Male,36,Hyderabad,Clothing,T-Shirt,1,349.38,0.218,UPI,1,349.38,76.16,273.22
ORD100282,CUST1556,2024-05-03,Female,50,Coimbatore,Books,Fiction Book,2,344.82,0.314,Net Banking,4,689.64,216.55,473.09
ORD100283,CUST1843,2024-01-08,Male,41,Pune,Books,Self-Help Book,3,186.73,0.213,Credit Card,4,560.19,119.32,440.87
ORD100284,CUST1621,2024-04-24,Male,48,Chennai,Books,Fiction Book,1,207.24,0.136,Cash on Delivery,1,207.24,28.18,179.06
ORD100285,CUST1687,2024-05-08,Female,23,Bengaluru,Sports,Cricket Bat,4,315.6,0.069,UPI,5,1262.4,87.11,1175.29
ORD100286,CUST1576,2024-02-09,Male,18,Kochi,Home & Kitchen,Storage Box,2,345.19,0.091,Debit Card,2,690.38,62.82,627.56
ORD100287,CUST1733,2024-07-22,Female,28,Bengaluru,Clothing,Jacket,1,275.83,0.218,Net Banking,2,275.83,60.13,215.7
ORD100288,CUST1814,2024-08-09,Female,26,Delhi,Home & Kitchen,Cookware Set,1,36.84,0.255,Debit Card,2,36.84,9.39,27.45
ORD100289,CUST1507,2024-11-30,Female,31,Kochi,Sports,Yoga Mat,4,123.08,0.065,Credit Card,3,492.32,32.0,460.32
ORD100290,CUST1112,2024-04-30,Female,51,Bengaluru,Clothing,T-Shirt,1,315.35,0.106,UPI,4,315.35,33.43,281.92
ORD100291,CUST1092,2024-04-02,Male,24,Chennai,Beauty,Face Wash,2,272.4,0.146,Credit Card,5,544.8,79.54,465.26
ORD100292,CUST1415,2024-10-02,Male,23,Coimbatore,Clothing,T-Shirt,3,263.65,0.146,Cash on Delivery,2,790.95,115.48,675.47
ORD100293,CUST1472,2024-04-27,Male,26,Kochi,Electronics,Smartwatch,3,238.75,0.338,Credit Card,5,716.25,242.09,474.16
ORD100294,CUST1862,2024-07-30,Male,32,Delhi,Clothing,Jacket,2,154.11,0.111,Debit Card,5,308.22,34.21,274.01
ORD100295,CUST1033,2024-09-04,Female,26,Bengaluru,Beauty,Perfume,1,150.09,0.069,Cash on Delivery,1,150.09,10.36,139.73
ORD100296,CUST1887,2024-10-21,Male,25,Chennai,Electronics,Keyboard,3,285.99,0.156,UPI,2,857.97,133.84,724.13
ORD100297,CUST1055,2024-04-16,Male,42,Kochi,Electronics,Keyboard,2,113.42,0.09,Net Banking,1,226.84,20.42,206.42
ORD100298,CUST1497,2024-07-27,Male,22,Coimbatore,Beauty,Perfume,1,244.42,0.088,Debit Card,5,244.42,21.51,222.91
ORD100299,CUST1422,2024-02-13,Male,24,Kochi,Beauty,Moisturizer,1,258.28,0.172,Debit Card,3,258.28,44.42,213.86
ORD100300,CUST1557,2024-09-18,Male,53,Coimbatore,Toys,Board Game,3,297.93,0.142,UPI,2,893.79,126.92,766.87
ORD100301,CUST1042,2024-01-16,Male,18,Mumbai,Beauty,Perfume,1,122.16,0.078,UPI,5,122.16,9.53,112.63
ORD100302,CUST1763,2024-08-21,Male,20,Mumbai,Clothing,Jacket,2,263.53,0.231,Cash on Delivery,4,527.06,121.75,405.31
ORD100303,CUST1134,2024-03-11,Female,20,Mumbai,Sports,Dumbbells,1,50.67,0.201,Debit Card,5,50.67,10.18,40.49
ORD100304,CUST1778,2024-06-03,Female,41,Pune,Sports,Cricket Bat,4,61.25,0.073,Net Banking,5,245.0,17.88,227.12
ORD100305,CUST1566,2024-01-26,Male,47,Chennai,Electronics,Power Bank,3,154.81,0.309,Debit Card,5,464.43,143.51,320.92
ORD100306,CUST1887,2024-08-18,Female,47,Chennai,Sports,Football,4,33.5,0.135,Credit Card,2,134.0,18.09,115.91
ORD100307,CUST1977,2024-06-10,Female,47,Kochi,Home & Kitchen,Cookware Set,1,332.48,0.338,Net Banking,2,332.48,112.38,220.1
ORD100308,CUST1843,2024-08-10,Female,20,Hyderabad,Toys,Building Blocks,2,317.14,0.329,UPI,1,634.28,208.68,425.6
ORD100309,CUST1451,2024-04-26,Female,32,Chennai,Books,Academic Book,2,31.39,0.18,Credit Card,2,62.78,11.3,51.48
ORD100310,CUST1414,2024-01-03,Female,45,Pune,Clothing,Jeans,3,295.83,0.119,Cash on Delivery,3,887.49,105.61,781.88
ORD100311,CUST1662,2024-07-13,Female,47,Mumbai,Sports,Yoga Mat,4,185.47,0.3,Cash on Delivery,3,741.88,222.56,519.32
ORD100312,CUST1649,2024-08-22,Female,32,Bengaluru,Home & Kitchen,Storage Box,1,250.16,0.158,Credit Card,4,250.16,39.53,210.63
ORD100313,CUST1789,2024-08-10,Female,54,Mumbai,Books,Comics,4,312.12,0.099,UPI,4,1248.48,123.6,1124.88
ORD100314,CUST1482,2024-03-28,Female,53,Mumbai,Home & Kitchen,Storage Box,3,208.29,0.215,UPI,5,624.87,134.35,490.52
ORD100315,CUST1462,2024-08-28,Male,50,Delhi,Home & Kitchen,Cookware Set,4,53.97,0.197,Cash on Delivery,3,215.88,42.53,173.35
ORD100316,CUST1117,2024-06-30,Male,52,Kochi,Home & Kitchen,Storage Box,1,15.86,0.305,Debit Card,2,15.86,4.84,11.02
ORD100317,CUST1168,2024-03-11,Female,59,Kochi,Home & Kitchen,Cookware Set,4,181.47,0.269,Debit Card,3,725.88,195.26,530.62
ORD100318,CUST1820,2024-02-07,Female,52,Coimbatore,Toys,Remote Car,2,332.99,0.313,Credit Card,5,665.98,208.45,457.53
ORD100319,CUST1988,2024-04-18,Female,43,Mumbai,Home & Kitchen,Bedsheet,2,206.83,0.27,Credit Card,5,413.66,111.69,301.97
ORD100320,CUST1601,2024-01-08,Female,35,Delhi,Electronics,Power Bank,1,139.93,0.243,Debit Card,5,139.93,34.0,105.93
ORD100321,CUST1343,2024-08-27,Male,33,Bengaluru,Electronics,Keyboard,4,25.36,0.2,Net Banking,3,101.44,20.29,81.15
ORD100322,CUST1057,2024-01-06,Male,53,Delhi,Sports,Dumbbells,4,321.52,0.346,Credit Card,4,1286.08,444.98,841.1
ORD100323,CUST1043,2024-01-17,Female,30,Pune,Home & Kitchen,Storage Box,1,124.6,0.338,UPI,3,124.6,42.11,82.49
ORD100324,CUST1676,2024-02-22,Male,45,Kochi,Sports,Football,2,251.1,0.305,Credit Card,1,502.2,153.17,349.03
ORD100325,CUST1641,2024-04-19,Male,39,Chennai,Beauty,Face Wash,3,247.57,0.283,Cash on Delivery,4,742.71,210.19,532.52
ORD100326,CUST1282,2024-01-07,Male,34,Coimbatore,Toys,Remote Car,3,100.05,0.223,UPI,1,300.15,66.93,233.22
ORD100327,CUST1188,2024-07-30,Male,37,Delhi,Beauty,Shampoo,1,36.37,0.128,Credit Card,4,36.37,4.66,31.71
ORD100328,CUST1069,2024-02-14,Male,21,Chennai,Sports,Cricket Bat,2,143.98,0.313,Net Banking,5,287.96,90.13,197.83
ORD100329,CUST1681,2024-09-26,Male,48,Kochi,Toys,Remote Car,2,121.24,0.053,Debit Card,1,242.48,12.85,229.63
ORD100330,CUST1605,2024-07-06,Female,20,Mumbai,Books,Academic Book,2,249.59,0.118,Cash on Delivery,4,499.18,58.9,440.28
ORD100331,CUST1332,2024-01-28,Male,21,Mumbai,Beauty,Moisturizer,4,289.63,0.171,Debit Card,5,1158.52,198.11,960.41
ORD100332,CUST1731,2024-05-14,Male,28,Bengaluru,Books,Academic Book,1,89.52,0.226,UPI,4,89.52,20.23,69.29
ORD100333,CUST1844,2024-02-16,Female,40,Chennai,Toys,Puzzle,3,191.96,0.218,Net Banking,4,575.88,125.54,450.34
ORD100334,CUST1516,2024-11-24,Male,30,Chennai,Electronics,Smartwatch,4,28.6,0.103,Cash on Delivery,5,114.4,11.78,102.62
ORD100335,CUST1262,2024-07-17,Male,55,Hyderabad,Clothing,T-Shirt,4,86.78,0.081,UPI,4,347.12,28.12,319.0
ORD100336,CUST1005,2024-09-27,Male,57,Hyderabad,Toys,Puzzle,4,270.19,0.117,Cash on Delivery,1,1080.76,126.45,954.31
ORD100337,CUST1794,2024-05-05,Female,34,Mumbai,Clothing,Kurta,1,280.79,0.155,Cash on Delivery,4,280.79,43.52,237.27
ORD100338,CUST1576,2024-02-19,Female,60,Delhi,Beauty,Perfume,1,275.1,0.054,Debit Card,4,275.1,14.86,260.24
ORD100339,CUST1347,2024-03-19,Male,21,Kochi,Clothing,Jacket,4,62.7,0.258,Net Banking,2,250.8,64.71,186.09
ORD100340,CUST1006,2024-05-19,Male,24,Coimbatore,Electronics,Keyboard,3,199.6,0.124,UPI,4,598.8,74.25,524.55
ORD100341,CUST1813,2024-09-15,Female,32,Mumbai,Clothing,Jacket,3,156.61,0.155,Debit Card,5,469.83,72.82,397.01
ORD100342,CUST1925,2024-05-24,Male,58,Kochi,Electronics,Smartwatch,2,347.15,0.15,Credit Card,5,694.3,104.14,590.16
ORD100343,CUST1480,2024-11-07,Male,39,Delhi,Beauty,Moisturizer,3,234.11,0.204,UPI,5,702.33,143.28,559.05
ORD100344,CUST1267,2024-05-01,Female,48,Mumbai,Toys,Remote Car,1,328.29,0.308,Cash on Delivery,4,328.29,101.11,227.18
ORD100345,CUST1619,2024-03-19,Male,46,Bengaluru,Beauty,Perfume,2,63.69,0.095,Cash on Delivery,1,127.38,12.1,115.28
ORD100346,CUST1870,2024-06-15,Female,39,Mumbai,Beauty,Moisturizer,3,166.04,0.152,Debit Card,3,498.12,75.71,422.41
ORD100347,CUST1586,2024-02-07,Male,58,Chennai,Electronics,Keyboard,1,273.49,0.258,Credit Card,2,273.49,70.56,202.93
ORD100348,CUST1012,2024-08-12,Female,59,Bengaluru,Books,Self-Help Book,1,138.23,0.063,Net Banking,1,138.23,8.71,129.52
ORD100349,CUST1194,2024-02-03,Male,37,Kochi,Toys,Puzzle,1,226.89,0.299,Cash on Delivery,2,226.89,67.84,159.05
ORD100350,CUST1097,2024-08-02,Female,48,Bengaluru,Clothing,Jeans,1,186.42,0.339,Cash on Delivery,5,186.42,63.2,123.22
ORD100351,CUST1410,2024-05-08,Male,44,Delhi,Toys,Building Blocks,4,347.3,0.232,Debit Card,3,1389.2,322.29,1066.91
ORD100352,CUST1450,2024-04-29,Male,43,Chennai,Books,Self-Help Book,3,73.25,0.337,Debit Card,4,219.75,74.06,145.69
ORD100353,CUST1534,2024-07-23,Female,22,Delhi,Sports,Football,4,328.34,0.174,Cash on Delivery,3,1313.36,228.52,1084.84
ORD100354,CUST1757,2024-08-24,Female,27,Kochi,Sports,Football,2,149.53,0.175,Cash on Delivery,2,299.06,52.34,246.72
ORD100355,CUST1112,2024-11-07,Male,60,Mumbai,Sports,Dumbbells,3,171.78,0.082,UPI,3,515.34,42.26,473.08
ORD100356,CUST1941,2024-04-06,Female,28,Bengaluru,Sports,Cricket Bat,4,192.08,0.061,Cash on Delivery,5,768.32,46.87,721.45
ORD100357,CUST1263,2024-09-28,Female,46,Chennai,Beauty,Perfume,2,103.9,0.123,UPI,2,207.8,25.56,182.24
ORD100358,CUST1520,2024-10-06,Female,57,Coimbatore,Beauty,Perfume,3,337.83,0.193,Debit Card,2,1013.49,195.6,817.89
ORD100359,CUST1210,2024-11-29,Male,43,Chennai,Sports,Yoga Mat,3,320.35,0.202,Cash on Delivery,5,961.05,194.13,766.92
ORD100360,CUST1355,2024-11-19,Male,27,Hyderabad,Toys,Puzzle,4,340.92,0.115,UPI,2,1363.68,156.82,1206.86
ORD100361,CUST1831,2024-09-21,Female,54,Coimbatore,Electronics,Smartwatch,4,348.97,0.234,Cash on Delivery,5,1395.88,326.64,1069.24
ORD100362,CUST1044,2024-04-08,Female,19,Delhi,Clothing,Jacket,3,239.38,0.104,Net Banking,5,718.14,74.69,643.45
ORD100363,CUST1482,2024-08-20,Male,49,Coimbatore,Clothing,Kurta,3,166.31,0.148,Cash on Delivery,1,498.93,73.84,425.09
ORD100364,CUST1583,2024-09-19,Male,29,Coimbatore,Clothing,Jacket,4,300.0,0.109,UPI,4,1200.0,130.8,1069.2
ORD100365,CUST1569,2024-04-07,Female,45,Pune,Toys,Remote Car,3,22.97,0.259,Cash on Delivery,1,68.91,17.85,51.06
ORD100366,CUST1379,2024-09-29,Male,38,Kochi,Home & Kitchen,Mixer,2,294.53,0.205,Debit Card,5,589.06,120.76,468.3
ORD100367,CUST1377,2024-08-23,Male,42,Chennai,Beauty,Face Wash,3,181.59,0.271,Credit Card,1,544.77,147.63,397.14
ORD100368,CUST1908,2024-06-13,Female,34,Bengaluru,Toys,Remote Car,3,240.53,0.067,Cash on Delivery,5,721.59,48.35,673.24
ORD100369,CUST1240,2024-10-15,Female,40,Hyderabad,Home & Kitchen,Cookware Set,1,140.31,0.178,Credit Card,4,140.31,24.98,115.33
ORD100370,CUST1479,2024-01-30,Female,58,Kochi,Electronics,Power Bank,3,138.49,0.34,Net Banking,3,415.47,141.26,274.21
ORD100371,CUST1363,2024-08-17,Male,53,Delhi,Beauty,Perfume,3,25.63,0.066,Debit Card,2,76.89,5.07,71.82
ORD100372,CUST1764,2024-09-20,Male,35,Hyderabad,Books,Academic Book,4,156.97,0.176,Credit Card,2,627.88,110.51,517.37
ORD100373,CUST1805,2024-01-14,Male,58,Bengaluru,Home & Kitchen,Storage Box,3,151.8,0.062,Cash on Delivery,3,455.4,28.23,427.17
ORD100374,CUST1847,2024-05-16,Female,56,Coimbatore,Home & Kitchen,Mixer,1,90.31,0.094,Net Banking,5,90.31,8.49,81.82
ORD100375,CUST1084,2024-06-22,Female,44,Coimbatore,Books,Academic Book,4,97.85,0.189,Net Banking,5,391.4,73.97,317.43
ORD100376,CUST1098,2024-03-10,Male,43,Chennai,Clothing,Jacket,3,210.69,0.097,Credit Card,3,632.07,61.31,570.76
ORD100377,CUST1375,2024-10-21,Female,19,Hyderabad,Electronics,Keyboard,2,121.45,0.206,UPI,2,242.9,50.04,192.86
ORD100378,CUST1440,2024-07-28,Female,40,Delhi,Sports,Cricket Bat,4,293.13,0.327,Credit Card,3,1172.52,383.41,789.11
ORD100379,CUST1062,2024-04-02,Male,27,Bengaluru,Home & Kitchen,Cookware Set,2,52.31,0.11,UPI,5,104.62,11.51,93.11
ORD100380,CUST1892,2024-05-26,Male,24,Pune,Beauty,Moisturizer,2,208.51,0.082,Net Banking,3,417.02,34.2,382.82
ORD100381,CUST1896,2024-02-07,Female,54,Coimbatore,Sports,Football,4,68.61,0.298,Debit Card,5,274.44,81.78,192.66
ORD100382,CUST1424,2024-01-30,Male,29,Coimbatore,Electronics,Smartwatch,4,191.96,0.188,UPI,1,767.84,144.35,623.49
ORD100383,CUST1768,2024-09-07,Female,44,Coimbatore,Beauty,Shampoo,3,200.1,0.315,UPI,3,600.3,189.09,411.21
ORD100384,CUST1564,2024-11-25,Female,55,Coimbatore,Sports,Yoga Mat,2,230.17,0.142,Debit Card,1,460.34,65.37,394.97
ORD100385,CUST1656,2024-04-02,Male,43,Hyderabad,Home & Kitchen,Bedsheet,4,158.19,0.238,Cash on Delivery,4,632.76,150.6,482.16
ORD100386,CUST1872,2024-03-22,Male,51,Hyderabad,Electronics,Smartwatch,1,185.67,0.327,Cash on Delivery,4,185.67,60.71,124.96
ORD100387,CUST1091,2024-08-17,Male,51,Hyderabad,Beauty,Perfume,3,75.62,0.102,Cash on Delivery,2,226.86,23.14,203.72
ORD100388,CUST1232,2024-06-20,Female,37,Coimbatore,Electronics,Smartwatch,3,170.11,0.29,Net Banking,4,510.33,148.0,362.33
ORD100389,CUST1427,2024-02-16,Female,57,Pune,Clothing,Jeans,4,139.97,0.239,Cash on Delivery,5,559.88,133.81,426.07
ORD100390,CUST1893,2024-08-11,Male,57,Hyderabad,Beauty,Shampoo,2,238.15,0.294,Debit Card,3,476.3,140.03,336.27
ORD100391,CUST1591,2024-03-11,Male,32,Pune,Toys,Puzzle,4,160.67,0.101,Net Banking,3,642.68,64.91,577.77
ORD100392,CUST1396,2024-02-08,Female,53,Bengaluru,Clothing,T-Shirt,1,276.08,0.18,UPI,1,276.08,49.69,226.39
ORD100393,CUST1028,2024-06-04,Male,25,Hyderabad,Toys,Puzzle,4,157.71,0.089,Debit Card,1,630.84,56.14,574.7
ORD100394,CUST1592,2024-09-04,Male,22,Chennai,Toys,Board Game,1,93.98,0.338,Net Banking,3,93.98,31.77,62.21
ORD100395,CUST1269,2024-06-23,Female,40,Kochi,Clothing,T-Shirt,3,106.69,0.069,UPI,3,320.07,22.08,297.99
ORD100396,CUST1327,2024-08-05,Female,44,Bengaluru,Sports,Yoga Mat,1,30.17,0.07,UPI,4,30.17,2.11,28.06
ORD100397,CUST1994,2024-03-20,Female,43,Coimbatore,Beauty,Shampoo,4,195.87,0.319,Credit Card,5,783.48,249.93,533.55
ORD100398,CUST1526,2024-06-14,Female,52,Chennai,Home & Kitchen,Mixer,4,293.35,0.14,Debit Card,1,1173.4,164.28,1009.12
ORD100399,CUST1138,2024-08-26,Male,34,Chennai,Sports,Yoga Mat,1,272.65,0.229,Debit Card,1,272.65,62.44,210.21
ORD100400,CUST1049,2024-06-25,Female,52,Pune,Sports,Cricket Bat,4,161.66,0.136,Debit Card,3,646.64,87.94,558.7
ORD100401,CUST1387,2024-03-21,Male,56,Chennai,Home & Kitchen,Cookware Set,2,80.7,0.245,UPI,2,161.4,39.54,121.86
ORD100402,CUST1065,2024-11-15,Male,21,Bengaluru,Electronics,Smartwatch,3,304.27,0.108,Debit Card,4,912.81,98.58,814.23
ORD100403,CUST1428,2024-01-23,Male,37,Hyderabad,Beauty,Perfume,1,34.02,0.188,Credit Card,2,34.02,6.4,27.62
ORD100404,CUST1414,2024-11-01,Female,27,Delhi,Clothing,T-Shirt,1,148.74,0.21,Debit Card,3,148.74,31.24,117.5
ORD100405,CUST1878,2024-08-30,Female,46,Chennai,Electronics,Power Bank,1,301.97,0.15,Cash on Delivery,3,301.97,45.3,256.67
ORD100406,CUST1334,2024-02-07,Female,35,Bengaluru,Electronics,Keyboard,3,146.71,0.126,Net Banking,4,440.13,55.46,384.67
ORD100407,CUST1275,2024-03-26,Male,30,Hyderabad,Books,Fiction Book,3,54.49,0.092,Net Banking,1,163.47,15.04,148.43
ORD100408,CUST1615,2024-05-03,Male,28,Pune,Beauty,Moisturizer,4,104.09,0.262,Cash on Delivery,5,416.36,109.09,307.27
ORD100409,CUST1638,2024-11-16,Female,33,Chennai,Clothing,T-Shirt,1,216.01,0.1,Debit Card,2,216.01,21.6,194.41
ORD100410,CUST1037,2024-06-22,Female,22,Hyderabad,Electronics,Power Bank,3,65.93,0.138,Net Banking,2,197.79,27.3,170.49
ORD100411,CUST1083,2024-03-27,Male,22,Bengaluru,Toys,Remote Car,1,234.4,0.151,UPI,4,234.4,35.39,199.01
ORD100412,CUST1167,2024-11-04,Female,45,Hyderabad,Toys,Puzzle,2,161.78,0.186,Credit Card,1,323.56,60.18,263.38
ORD100413,CUST1776,2024-02-09,Female,58,Hyderabad,Clothing,Jeans,1,127.02,0.261,Cash on Delivery,3,127.02,33.15,93.87
ORD100414,CUST1209,2024-09-30,Female,39,Pune,Electronics,Keyboard,1,95.71,0.178,UPI,1,95.71,17.04,78.67
ORD100415,CUST1991,2024-10-05,Male,57,Chennai,Clothing,T-Shirt,3,290.82,0.311,Debit Card,2,872.46,271.34,601.12
ORD100416,CUST1440,2024-05-09,Male,24,Kochi,Books,Self-Help Book,4,147.89,0.254,Debit Card,4,591.56,150.26,441.3
ORD100417,CUST1932,2024-01-15,Female,59,Bengaluru,Clothing,T-Shirt,3,262.39,0.302,Cash on Delivery,2,787.17,237.73,549.44
ORD100418,CUST1246,2024-10-23,Male,43,Kochi,Beauty,Shampoo,4,162.52,0.265,UPI,5,650.08,172.27,477.81
ORD100419,CUST1423,2024-11-20,Female,49,Pune,Books,Academic Book,3,45.78,0.095,Cash on Delivery,2,137.34,13.05,124.29
ORD100420,CUST1137,2024-05-06,Female,20,Hyderabad,Electronics,Smartwatch,1,162.57,0.343,Cash on Delivery,4,162.57,55.76,106.81
ORD100421,CUST1845,2024-03-03,Male,43,Hyderabad,Toys,Building Blocks,2,185.08,0.286,Credit Card,1,370.16,105.87,264.29
ORD100422,CUST1596,2024-03-31,Female,34,Kochi,Clothing,Jeans,4,168.38,0.222,Debit Card,5,673.52,149.52,524.0
ORD100423,CUST1075,2024-02-15,Male,56,Kochi,Clothing,Kurta,1,288.44,0.1,UPI,4,288.44,28.84,259.6
ORD100424,CUST1743,2024-07-23,Female,52,Delhi,Clothing,T-Shirt,1,320.14,0.102,Cash on Delivery,4,320.14,32.65,287.49
ORD100425,CUST1886,2024-06-22,Male,55,Chennai,Toys,Building Blocks,4,278.57,0.234,Net Banking,2,1114.28,260.74,853.54
ORD100426,CUST1684,2024-04-29,Female,56,Kochi,Beauty,Face Wash,1,210.23,0.175,Credit Card,2,210.23,36.79,173.44
ORD100427,CUST1807,2024-08-05,Female,48,Mumbai,Books,Comics,4,196.39,0.253,Cash on Delivery,3,785.56,198.75,586.81
ORD100428,CUST1275,2024-07-27,Male,28,Chennai,Beauty,Face Wash,4,230.95,0.162,Credit Card,2,923.8,149.66,774.14
ORD100429,CUST1431,2024-01-04,Female,30,Coimbatore,Clothing,Jacket,3,111.42,0.204,Cash on Delivery,1,334.26,68.19,266.07
ORD100430,CUST1853,2024-05-17,Male,54,Chennai,Beauty,Perfume,3,286.97,0.106,UPI,4,860.91,91.26,769.65
ORD100431,CUST1607,2024-10-16,Female,43,Hyderabad,Electronics,Keyboard,1,302.04,0.097,Net Banking,4,302.04,29.3,272.74
ORD100432,CUST1611,2024-09-23,Female,56,Chennai,Beauty,Moisturizer,2,104.52,0.073,UPI,4,209.04,15.26,193.78
ORD100433,CUST1766,2024-10-13,Male,52,Mumbai,Toys,Building Blocks,4,317.44,0.296,Debit Card,3,1269.76,375.85,893.91
ORD100434,CUST1614,2024-11-15,Female,44,Coimbatore,Beauty,Face Wash,4,299.33,0.217,Credit Card,3,1197.32,259.82,937.5
ORD100435,CUST1126,2024-01-21,Male,24,Bengaluru,Clothing,T-Shirt,2,157.2,0.334,Cash on Delivery,5,314.4,105.01,209.39
ORD100436,CUST1212,2024-03-31,Female,60,Bengaluru,Books,Comics,4,319.52,0.275,Net Banking,3,1278.08,351.47,926.61
ORD100437,CUST1777,2024-06-02,Female,28,Kochi,Clothing,T-Shirt,4,55.35,0.281,Debit Card,4,221.4,62.21,159.19
ORD100438,CUST1241,2024-06-19,Female,28,Bengaluru,Sports,Cricket Bat,1,24.38,0.203,UPI,3,24.38,4.95,19.43
ORD100439,CUST1664,2024-09-20,Female,24,Chennai,Beauty,Perfume,3,131.54,0.295,Net Banking,1,394.62,116.41,278.21
ORD100440,CUST1474,2024-08-30,Male,20,Delhi,Toys,Puzzle,3,204.42,0.333,Net Banking,2,613.26,204.22,409.04
ORD100441,CUST1619,2024-08-24,Female,34,Hyderabad,Beauty,Moisturizer,3,132.73,0.267,Cash on Delivery,4,398.19,106.32,291.87
ORD100442,CUST1237,2024-02-23,Male,54,Kochi,Books,Academic Book,4,330.59,0.082,Net Banking,4,1322.36,108.43,1213.93
ORD100443,CUST1310,2024-08-15,Female,55,Bengaluru,Beauty,Shampoo,4,100.33,0.245,Credit Card,4,401.32,98.32,303.0
ORD100444,CUST1687,2024-09-23,Male,39,Delhi,Books,Comics,3,109.21,0.086,UPI,4,327.63,28.18,299.45
ORD100445,CUST1171,2024-09-08,Male,31,Kochi,Books,Self-Help Book,2,227.67,0.073,Net Banking,2,455.34,33.24,422.1
ORD100446,CUST1308,2024-07-14,Female,32,Pune,Toys,Remote Car,4,16.29,0.258,Net Banking,5,65.16,16.81,48.35
ORD100447,CUST1997,2024-01-30,Female,57,Chennai,Electronics,Power Bank,4,258.73,0.3,Net Banking,4,1034.92,310.48,724.44
ORD100448,CUST1151,2024-02-20,Male,20,Bengaluru,Toys,Puzzle,3,141.45,0.098,Credit Card,2,424.35,41.59,382.76
ORD100449,CUST1577,2024-09-05,Male,20,Bengaluru,Clothing,Jeans,3,342.55,0.072,UPI,3,1027.65,73.99,953.66
ORD100450,CUST1151,2024-10-17,Female,20,Kochi,Toys,Board Game,1,246.62,0.316,Debit Card,5,246.62,77.93,168.69
ORD100451,CUST1706,2024-10-03,Male,56,Bengaluru,Clothing,T-Shirt,2,32.49,0.09,Credit Card,1,64.98,5.85,59.13
ORD100452,CUST1127,2024-05-22,Male,21,Chennai,Electronics,Earbuds,1,46.03,0.061,Net Banking,2,46.03,2.81,43.22
ORD100453,CUST1573,2024-07-15,Male,58,Mumbai,Toys,Remote Car,3,44.54,0.266,Net Banking,1,133.62,35.54,98.08
ORD100454,CUST1439,2024-02-29,Male,25,Hyderabad,Books,Comics,4,334.13,0.304,Net Banking,2,1336.52,406.3,930.22
ORD100455,CUST1690,2024-07-17,Male,41,Bengaluru,Clothing,T-Shirt,1,244.16,0.204,Net Banking,2,244.16,49.81,194.35
ORD100456,CUST1003,2024-03-06,Male,59,Mumbai,Books,Comics,4,158.25,0.212,UPI,5,633.0,134.2,498.8
ORD100457,CUST1515,2024-09-23,Male,22,Kochi,Electronics,Power Bank,1,82.16,0.151,Net Banking,5,82.16,12.41,69.75
ORD100458,CUST1541,2024-09-20,Female,30,Bengaluru,Sports,Dumbbells,1,307.67,0.122,UPI,5,307.67,37.54,270.13
ORD100459,CUST1240,2024-01-18,Male,49,Kochi,Beauty,Moisturizer,4,82.52,0.277,Credit Card,2,330.08,91.43,238.65
ORD100460,CUST1298,2024-11-09,Male,53,Pune,Toys,Puzzle,1,251.74,0.305,UPI,5,251.74,76.78,174.96
ORD100461,CUST1705,2024-09-23,Male,57,Mumbai,Sports,Football,3,270.71,0.146,Debit Card,1,812.13,118.57,693.56
ORD100462,CUST1551,2024-05-06,Female,18,Pune,Clothing,T-Shirt,4,113.71,0.132,Net Banking,1,454.84,60.04,394.8
ORD100463,CUST1578,2024-05-31,Male,51,Hyderabad,Electronics,Power Bank,2,184.15,0.13,Debit Card,2,368.3,47.88,320.42
ORD100464,CUST1934,2024-01-27,Female,31,Bengaluru,Home & Kitchen,Mixer,1,89.7,0.065,UPI,2,89.7,5.83,83.87
ORD100465,CUST1404,2024-11-09,Male,41,Bengaluru,Toys,Puzzle,2,141.94,0.134,Debit Card,5,283.88,38.04,245.84
ORD100466,CUST1868,2024-02-03,Male,56,Chennai,Toys,Remote Car,1,338.32,0.058,Cash on Delivery,4,338.32,19.62,318.7
ORD100467,CUST1973,2024-11-05,Female,56,Pune,Toys,Remote Car,3,247.2,0.287,Cash on Delivery,4,741.6,212.84,528.76
ORD100468,CUST1575,2024-08-07,Female,25,Chennai,Electronics,Keyboard,4,298.62,0.127,UPI,5,1194.48,151.7,1042.78
ORD100469,CUST1211,2024-11-03,Male,38,Bengaluru,Clothing,Kurta,4,196.1,0.257,Credit Card,4,784.4,201.59,582.81
ORD100470,CUST1417,2024-05-04,Male,30,Chennai,Sports,Dumbbells,4,95.08,0.213,UPI,3,380.32,81.01,299.31
ORD100471,CUST1046,2024-10-27,Female,44,Chennai,Home & Kitchen,Bedsheet,4,253.81,0.301,Net Banking,1,1015.24,305.59,709.65
ORD100472,CUST1697,2024-05-22,Male,53,Kochi,Sports,Football,4,182.69,0.338,Cash on Delivery,1,730.76,247.0,483.76
ORD100473,CUST1273,2024-04-27,Male,31,Chennai,Clothing,Jacket,4,74.24,0.16,Credit Card,5,296.96,47.51,249.45
ORD100474,CUST1922,2024-04-22,Male,23,Delhi,Clothing,Jeans,3,153.16,0.077,UPI,3,459.48,35.38,424.1
ORD100475,CUST1652,2024-11-14,Female,20,Hyderabad,Books,Fiction Book,4,227.67,0.275,Cash on Delivery,5,910.68,250.44,660.24
ORD100476,CUST1489,2024-06-04,Female,20,Bengaluru,Home & Kitchen,Storage Box,2,261.34,0.056,Cash on Delivery,1,522.68,29.27,493.41
ORD100477,CUST1186,2024-06-09,Female,33,Hyderabad,Home & Kitchen,Bedsheet,2,96.48,0.117,Debit Card,4,192.96,22.58,170.38
ORD100478,CUST1099,2024-08-03,Female,59,Chennai,Toys,Building Blocks,4,308.46,0.066,Cash on Delivery,2,1233.84,81.43,1152.41
ORD100479,CUST1671,2024-07-05,Male,28,Hyderabad,Toys,Remote Car,2,142.15,0.319,Credit Card,2,284.3,90.69,193.61
ORD100480,CUST1765,2024-06-30,Male,35,Coimbatore,Home & Kitchen,Cookware Set,2,105.83,0.052,Cash on Delivery,4,211.66,11.01,200.65
ORD100481,CUST1265,2024-05-06,Female,47,Delhi,Home & Kitchen,Storage Box,1,80.37,0.198,Credit Card,3,80.37,15.91,64.46
ORD100482,CUST1010,2024-02-25,Female,46,Coimbatore,Books,Fiction Book,2,284.4,0.177,Cash on Delivery,1,568.8,100.68,468.12
ORD100483,CUST1319,2024-11-29,Male,29,Pune,Toys,Remote Car,3,133.65,0.246,Cash on Delivery,5,400.95,98.63,302.32
ORD100484,CUST1763,2024-06-13,Female,23,Kochi,Home & Kitchen,Bedsheet,4,176.94,0.137,UPI,4,707.76,96.96,610.8
ORD100485,CUST1579,2024-11-21,Female,24,Chennai,Clothing,Kurta,1,89.64,0.312,Debit Card,2,89.64,27.97,61.67
ORD100486,CUST1084,2024-06-03,Female,27,Bengaluru,Home & Kitchen,Mixer,3,244.84,0.27,Debit Card,4,734.52,198.32,536.2
ORD100487,CUST1114,2024-07-19,Female,21,Mumbai,Sports,Cricket Bat,4,276.65,0.18,UPI,1,1106.6,199.19,907.41
ORD100488,CUST1106,2024-07-01,Female,37,Delhi,Books,Academic Book,4,128.71,0.157,Cash on Delivery,3,514.84,80.83,434.01
ORD100489,CUST1757,2024-11-19,Male,45,Coimbatore,Sports,Cricket Bat,4,331.6,0.295,Cash on Delivery,3,1326.4,391.29,935.11
ORD100490,CUST1780,2024-02-07,Female,47,Chennai,Sports,Yoga Mat,1,25.25,0.277,Cash on Delivery,2,25.25,6.99,18.26
ORD100491,CUST1407,2024-06-22,Male,57,Chennai,Toys,Remote Car,2,59.54,0.17,Cash on Delivery,3,119.08,20.24,98.84
ORD100492,CUST1688,2024-02-21,Female,30,Coimbatore,Toys,Remote Car,4,212.24,0.152,UPI,5,848.96,129.04,719.92
ORD100493,CUST1020,2024-10-17,Female,46,Delhi,Toys,Building Blocks,4,249.97,0.062,Credit Card,1,999.88,61.99,937.89
ORD100494,CUST1561,2024-06-26,Male,56,Mumbai,Home & Kitchen,Bedsheet,3,98.98,0.075,Credit Card,3,296.94,22.27,274.67
ORD100495,CUST1271,2024-11-05,Female,19,Bengaluru,Beauty,Moisturizer,4,200.61,0.066,Credit Card,5,802.44,52.96,749.48
ORD100496,CUST1819,2024-04-02,Female,51,Pune,Sports,Dumbbells,3,121.66,0.057,Net Banking,5,364.98,20.8,344.18
ORD100497,CUST1488,2024-02-24,Female,21,Coimbatore,Home & Kitchen,Mixer,1,200.62,0.096,Credit Card,5,200.62,19.26,181.36
ORD100498,CUST1850,2024-07-29,Male,41,Chennai,Toys,Remote Car,4,235.87,0.307,Net Banking,3,943.48,289.65,653.83
ORD100499,CUST1562,2024-02-18,Male,53,Chennai,Home & Kitchen,Mixer,1,340.89,0.289,Net Banking,3,340.89,98.52,242.37
ORD100500,CUST1457,2024-05-04,Female,37,Coimbatore,Sports,Dumbbells,2,167.66,0.304,UPI,3,335.32,101.94,233.38
ORD100501,CUST1946,2024-04-15,Male,42,Kochi,Beauty,Face Wash,1,232.15,0.237,Cash on Delivery,5,232.15,55.02,177.13
ORD100502,CUST1995,2024-03-14,Female,44,Bengaluru,Electronics,Keyboard,3,208.64,0.237,UPI,5,625.92,148.34,477.58
ORD100503,CUST1455,2024-02-13,Male,42,Pune,Electronics,Earbuds,1,121.38,0.087,UPI,2,121.38,10.56,110.82
ORD100504,CUST1357,2024-08-07,Male,49,Coimbatore,Sports,Yoga Mat,3,99.78,0.26,UPI,1,299.34,77.83,221.51
ORD100505,CUST1645,2024-09-10,Female,54,Chennai,Sports,Dumbbells,4,345.94,0.134,UPI,2,1383.76,185.42,1198.34
ORD100506,CUST1171,2024-05-11,Male,23,Bengaluru,Beauty,Perfume,4,84.3,0.206,Debit Card,2,337.2,69.46,267.74
ORD100507,CUST1385,2024-04-04,Female,35,Bengaluru,Home & Kitchen,Storage Box,2,279.74,0.336,Cash on Delivery,2,559.48,187.99,371.49
ORD100508,CUST1845,2024-02-22,Female,54,Coimbatore,Beauty,Moisturizer,4,64.11,0.311,Credit Card,5,256.44,79.75,176.69
ORD100509,CUST1896,2024-08-14,Male,34,Coimbatore,Sports,Football,2,284.46,0.12,UPI,2,568.92,68.27,500.65
ORD100510,CUST1415,2024-09-27,Female,39,Bengaluru,Clothing,Jeans,3,77.22,0.271,Net Banking,3,231.66,62.78,168.88
ORD100511,CUST1389,2024-07-02,Female,49,Bengaluru,Clothing,T-Shirt,3,339.0,0.081,Net Banking,2,1017.0,82.38,934.62
ORD100512,CUST1873,2024-05-24,Female,58,Pune,Beauty,Moisturizer,1,244.81,0.058,Credit Card,2,244.81,14.2,230.61
ORD100513,CUST1201,2024-08-05,Female,28,Kochi,Clothing,Jeans,1,45.19,0.058,Cash on Delivery,1,45.19,2.62,42.57
ORD100514,CUST1061,2024-11-02,Female,59,Coimbatore,Books,Academic Book,1,247.21,0.101,Net Banking,5,247.21,24.97,222.24
ORD100515,CUST1072,2024-11-27,Male,48,Bengaluru,Home & Kitchen,Bedsheet,4,217.21,0.258,Credit Card,4,868.84,224.16,644.68
ORD100516,CUST1110,2024-03-05,Male,19,Mumbai,Books,Academic Book,4,128.08,0.159,Credit Card,1,512.32,81.46,430.86
ORD100517,CUST1878,2024-06-08,Male,55,Chennai,Home & Kitchen,Storage Box,2,102.35,0.055,UPI,4,204.7,11.26,193.44
ORD100518,CUST1040,2024-10-20,Male,34,Bengaluru,Beauty,Shampoo,4,255.78,0.346,UPI,4,1023.12,354.0,669.12
ORD100519,CUST1332,2024-07-30,Male,30,Delhi,Clothing,Kurta,1,263.36,0.21,Net Banking,2,263.36,55.31,208.05
ORD100520,CUST1601,2024-09-30,Female,40,Hyderabad,Beauty,Moisturizer,4,124.61,0.168,UPI,4,498.44,83.74,414.7
ORD100521,CUST1608,2024-11-29,Female,42,Delhi,Electronics,Smartwatch,1,308.54,0.206,UPI,5,308.54,63.56,244.98
ORD100522,CUST1831,2024-02-04,Male,41,Hyderabad,Home & Kitchen,Cookware Set,1,105.06,0.206,UPI,4,105.06,21.64,83.42
ORD100523,CUST1979,2024-07-24,Female,20,Delhi,Books,Comics,4,38.4,0.191,UPI,4,153.6,29.34,124.26
ORD100524,CUST1402,2024-06-27,Female,53,Pune,Toys,Board Game,2,215.96,0.234,Net Banking,3,431.92,101.07,330.85
ORD100525,CUST1232,2024-04-05,Female,32,Bengaluru,Clothing,T-Shirt,2,50.87,0.316,Credit Card,2,101.74,32.15,69.59
ORD100526,CUST1090,2024-08-06,Male,24,Chennai,Home & Kitchen,Storage Box,4,107.68,0.141,Cash on Delivery,1,430.72,60.73,369.99
ORD100527,CUST1890,2024-02-04,Male,42,Hyderabad,Electronics,Smartwatch,2,184.91,0.196,Debit Card,5,369.82,72.48,297.34
ORD100528,CUST1373,2024-06-14,Male,44,Chennai,Electronics,Power Bank,4,110.93,0.051,Credit Card,5,443.72,22.63,421.09
ORD100529,CUST1897,2024-05-18,Male,22,Bengaluru,Beauty,Face Wash,1,87.02,0.308,Credit Card,2,87.02,26.8,60.22
ORD100530,CUST1347,2024-05-10,Female,58,Hyderabad,Home & Kitchen,Cookware Set,1,250.57,0.142,Net Banking,5,250.57,35.58,214.99
ORD100531,CUST1755,2024-07-24,Female,43,Hyderabad,Toys,Puzzle,2,198.24,0.131,UPI,1,396.48,51.94,344.54
ORD100532,CUST1642,2024-11-12,Female,60,Hyderabad,Toys,Remote Car,3,296.32,0.349,UPI,2,888.96,310.25,578.71
ORD100533,CUST1712,2024-11-13,Female,46,Chennai,Home & Kitchen,Cookware Set,1,209.72,0.225,UPI,1,209.72,47.19,162.53
ORD100534,CUST1651,2024-08-22,Female,18,Bengaluru,Toys,Remote Car,1,176.95,0.087,Credit Card,2,176.95,15.39,161.56
ORD100535,CUST1306,2024-04-20,Female,26,Kochi,Clothing,Jacket,3,102.52,0.13,Credit Card,2,307.56,39.98,267.58
ORD100536,CUST1102,2024-11-19,Male,59,Pune,Books,Comics,2,280.34,0.156,Credit Card,3,560.68,87.47,473.21
ORD100537,CUST1010,2024-11-30,Male,42,Mumbai,Sports,Cricket Bat,2,80.95,0.346,Cash on Delivery,3,161.9,56.02,105.88
ORD100538,CUST1419,2024-10-10,Female,23,Chennai,Books,Fiction Book,1,96.15,0.179,Cash on Delivery,1,96.15,17.21,78.94
ORD100539,CUST1890,2024-10-19,Female,21,Hyderabad,Books,Fiction Book,1,296.93,0.119,UPI,1,296.93,35.33,261.6
ORD100540,CUST1641,2024-09-30,Male,41,Kochi,Beauty,Perfume,1,263.3,0.221,Net Banking,5,263.3,58.19,205.11
ORD100541,CUST1673,2024-09-11,Female,43,Coimbatore,Electronics,Keyboard,3,220.31,0.171,UPI,3,660.93,113.02,547.91
ORD100542,CUST1258,2024-08-31,Female,28,Coimbatore,Sports,Football,1,28.04,0.066,Credit Card,5,28.04,1.85,26.19
ORD100543,CUST1485,2024-08-01,Male,26,Bengaluru,Beauty,Perfume,1,57.63,0.308,Credit Card,1,57.63,17.75,39.88
ORD100544,CUST1406,2024-08-04,Female,44,Mumbai,Electronics,Keyboard,4,182.49,0.055,Debit Card,2,729.96,40.15,689.81
ORD100545,CUST1136,2024-05-10,Male,36,Chennai,Clothing,T-Shirt,2,265.02,0.32,Cash on Delivery,1,530.04,169.61,360.43
ORD100546,CUST1613,2024-10-24,Male,19,Coimbatore,Sports,Football,3,170.47,0.288,UPI,5,511.41,147.29,364.12
ORD100547,CUST1363,2024-07-31,Female,20,Chennai,Home & Kitchen,Mixer,2,20.79,0.073,UPI,1,41.58,3.04,38.54
ORD100548,CUST1402,2024-07-24,Female,28,Delhi,Clothing,T-Shirt,4,76.73,0.267,UPI,5,306.92,81.95,224.97
ORD100549,CUST1596,2024-09-05,Male,42,Hyderabad,Beauty,Shampoo,4,212.24,0.281,Cash on Delivery,1,848.96,238.56,610.4
ORD100550,CUST1030,2024-01-26,Female,30,Delhi,Home & Kitchen,Storage Box,2,247.56,0.231,Debit Card,4,495.12,114.37,380.75
ORD100551,CUST1935,2024-11-03,Female,18,Coimbatore,Sports,Cricket Bat,3,26.2,0.223,Debit Card,3,78.6,17.53,61.07
ORD100552,CUST1222,2024-07-14,Female,57,Hyderabad,Books,Self-Help Book,2,29.52,0.065,Debit Card,5,59.04,3.84,55.2
ORD100553,CUST1678,2024-11-12,Male,47,Chennai,Books,Self-Help Book,4,102.54,0.068,Credit Card,1,410.16,27.89,382.27
ORD100554,CUST1775,2024-02-04,Female,43,Pune,Electronics,Smartwatch,2,42.97,0.268,Cash on Delivery,2,85.94,23.03,62.91
ORD100555,CUST1153,2024-03-19,Female,28,Delhi,Clothing,Jeans,4,196.55,0.082,Debit Card,4,786.2,64.47,721.73
ORD100556,CUST1248,2024-11-14,Male,48,Bengaluru,Books,Academic Book,3,56.44,0.123,UPI,5,169.32,20.83,148.49
ORD100557,CUST1411,2024-08-20,Female,58,Chennai,Books,Self-Help Book,3,232.15,0.2,Cash on Delivery,3,696.45,139.29,557.16
ORD100558,CUST1816,2024-08-04,Female,47,Delhi,Sports,Yoga Mat,2,275.37,0.099,Credit Card,1,550.74,54.52,496.22
ORD100559,CUST1635,2024-05-15,Male,30,Delhi,Toys,Board Game,4,340.12,0.287,Net Banking,4,1360.48,390.46,970.02
ORD100560,CUST1466,2024-07-05,Male,34,Chennai,Sports,Cricket Bat,3,332.72,0.292,Debit Card,3,998.16,291.46,706.7
ORD100561,CUST1848,2024-07-02,Male,57,Delhi,Clothing,Jeans,4,106.58,0.303,Debit Card,4,426.32,129.17,297.15
ORD100562,CUST1472,2024-03-07,Male,18,Mumbai,Books,Fiction Book,4,24.85,0.065,Cash on Delivery,3,99.4,6.46,92.94
ORD100563,CUST1885,2024-07-08,Male,27,Bengaluru,Beauty,Perfume,1,125.35,0.178,Debit Card,5,125.35,22.31,103.04
ORD100564,CUST1769,2024-06-21,Female,22,Delhi,Toys,Building Blocks,4,252.34,0.304,Cash on Delivery,1,1009.36,306.85,702.51
ORD100565,CUST1172,2024-04-14,Male,45,Pune,Toys,Board Game,4,35.03,0.159,Net Banking,4,140.12,22.28,117.84
ORD100566,CUST1382,2024-04-24,Male,37,Bengaluru,Toys,Building Blocks,1,135.5,0.259,UPI,4,135.5,35.09,100.41
ORD100567,CUST1025,2024-09-14,Female,23,Pune,Beauty,Moisturizer,4,114.84,0.227,Net Banking,3,459.36,104.27,355.09
ORD100568,CUST1238,2024-08-14,Female,58,Bengaluru,Clothing,Jacket,3,88.48,0.154,Debit Card,3,265.44,40.88,224.56
ORD100569,CUST1022,2024-06-06,Male,41,Delhi,Home & Kitchen,Bedsheet,2,251.55,0.133,Net Banking,4,503.1,66.91,436.19
ORD100570,CUST1104,2024-07-21,Male,28,Coimbatore,Sports,Cricket Bat,1,235.8,0.246,Credit Card,3,235.8,58.01,177.79
ORD100571,CUST1004,2024-03-21,Male,58,Kochi,Home & Kitchen,Cookware Set,2,194.39,0.09,Cash on Delivery,2,388.78,34.99,353.79
ORD100572,CUST1671,2024-06-16,Male,48,Hyderabad,Beauty,Perfume,1,320.11,0.308,Debit Card,3,320.11,98.59,221.52
ORD100573,CUST1409,2024-07-07,Male,23,Hyderabad,Sports,Yoga Mat,3,49.55,0.223,Debit Card,5,148.65,33.15,115.5
ORD100574,CUST1469,2024-03-25,Male,53,Chennai,Beauty,Face Wash,3,65.15,0.083,Debit Card,1,195.45,16.22,179.23
ORD100575,CUST1763,2024-02-26,Female,20,Kochi,Beauty,Shampoo,3,143.46,0.261,Debit Card,5,430.38,112.33,318.05
ORD100576,CUST1808,2024-06-25,Male,56,Hyderabad,Sports,Cricket Bat,3,234.72,0.179,UPI,2,704.16,126.04,578.12
ORD100577,CUST1532,2024-11-11,Female,34,Coimbatore,Electronics,Power Bank,2,210.67,0.111,Net Banking,1,421.34,46.77,374.57
ORD100578,CUST1457,2024-06-03,Male,30,Kochi,Toys,Board Game,3,39.8,0.338,Cash on Delivery,1,119.4,40.36,79.04
ORD100579,CUST1649,2024-10-28,Male,20,Mumbai,Beauty,Perfume,4,336.07,0.266,Net Banking,1,1344.28,357.58,986.7
ORD100580,CUST1414,2024-10-12,Male,58,Pune,Home & Kitchen,Storage Box,1,117.2,0.228,Cash on Delivery,5,117.2,26.72,90.48
ORD100581,CUST1441,2024-09-06,Male,42,Mumbai,Sports,Cricket Bat,2,135.26,0.305,Cash on Delivery,2,270.52,82.51,188.01
ORD100582,CUST1298,2024-10-26,Male,44,Delhi,Sports,Yoga Mat,4,223.92,0.213,Cash on Delivery,4,895.68,190.78,704.9
ORD100583,CUST1189,2024-05-17,Male,54,Bengaluru,Clothing,Jeans,4,331.63,0.182,Net Banking,1,1326.52,241.43,1085.09
ORD100584,CUST1199,2024-09-11,Male,39,Coimbatore,Home & Kitchen,Bedsheet,4,237.0,0.107,Net Banking,3,948.0,101.44,846.56
ORD100585,CUST1654,2024-02-18,Female,30,Chennai,Electronics,Keyboard,1,334.85,0.096,Cash on Delivery,3,334.85,32.15,302.7
ORD100586,CUST1829,2024-04-17,Male,51,Pune,Toys,Board Game,2,77.84,0.18,Cash on Delivery,4,155.68,28.02,127.66
ORD100587,CUST1423,2024-07-08,Female,40,Kochi,Books,Comics,1,222.3,0.187,Credit Card,5,222.3,41.57,180.73
ORD100588,CUST1095,2024-01-13,Male,28,Coimbatore,Home & Kitchen,Mixer,4,292.67,0.27,Credit Card,4,1170.68,316.08,854.6
ORD100589,CUST1609,2024-09-13,Male,54,Coimbatore,Books,Fiction Book,3,185.52,0.183,Debit Card,4,556.56,101.85,454.71
ORD100590,CUST1901,2024-11-05,Male,52,Pune,Clothing,T-Shirt,1,136.33,0.228,UPI,2,136.33,31.08,105.25
ORD100591,CUST1527,2024-02-05,Male,28,Kochi,Electronics,Earbuds,1,344.89,0.3,Cash on Delivery,1,344.89,103.47,241.42
ORD100592,CUST1026,2024-11-28,Male,45,Coimbatore,Sports,Football,3,62.23,0.348,Debit Card,1,186.69,64.97,121.72
ORD100593,CUST1081,2024-01-30,Male,57,Hyderabad,Home & Kitchen,Cookware Set,4,152.66,0.147,UPI,2,610.64,89.76,520.88
ORD100594,CUST1521,2024-02-12,Male,52,Delhi,Toys,Board Game,4,307.58,0.321,UPI,3,1230.32,394.93,835.39
ORD100595,CUST1860,2024-09-12,Male,26,Mumbai,Clothing,T-Shirt,4,316.66,0.292,Credit Card,1,1266.64,369.86,896.78
ORD100596,CUST1058,2024-08-17,Male,54,Hyderabad,Books,Comics,4,343.43,0.07,Debit Card,2,1373.72,96.16,1277.56
ORD100597,CUST1752,2024-11-09,Female,20,Coimbatore,Toys,Remote Car,4,311.42,0.15,Cash on Delivery,4,1245.68,186.85,1058.83
ORD100598,CUST1778,2024-05-22,Male,44,Chennai,Toys,Building Blocks,4,32.07,0.116,Credit Card,5,128.28,14.88,113.4
ORD100599,CUST1051,2024-07-10,Female,39,Bengaluru,Electronics,Earbuds,4,326.47,0.249,Cash on Delivery,5,1305.88,325.16,980.72
ORD100600,CUST1211,2024-02-19,Male,19,Chennai,Toys,Puzzle,2,158.44,0.217,Credit Card,2,316.88,68.76,248.12
ORD100601,CUST1003,2024-08-19,Male,49,Bengaluru,Sports,Yoga Mat,4,233.29,0.198,Debit Card,1,933.16,184.77,748.39
ORD100602,CUST1565,2024-11-30,Female,30,Delhi,Beauty,Moisturizer,4,147.08,0.279,UPI,3,588.32,164.14,424.18
ORD100603,CUST1174,2024-07-18,Male,54,Kochi,Electronics,Keyboard,1,287.58,0.15,UPI,5,287.58,43.14,244.44
ORD100604,CUST1915,2024-11-08,Male,55,Kochi,Beauty,Face Wash,3,207.93,0.165,Net Banking,3,623.79,102.93,520.86
ORD100605,CUST1091,2024-05-11,Male,43,Kochi,Electronics,Earbuds,2,298.26,0.31,Debit Card,5,596.52,184.92,411.6
ORD100606,CUST1648,2024-11-25,Male,44,Coimbatore,Beauty,Shampoo,1,79.91,0.342,Debit Card,4,79.91,27.33,52.58
ORD100607,CUST1786,2024-06-28,Female,20,Mumbai,Electronics,Power Bank,1,76.97,0.283,Debit Card,5,76.97,21.78,55.19
ORD100608,CUST1178,2024-02-18,Female,56,Coimbatore,Clothing,Jeans,1,162.53,0.115,Cash on Delivery,5,162.53,18.69,143.84
ORD100609,CUST1252,2024-05-01,Male,47,Hyderabad,Beauty,Perfume,4,16.59,0.084,Credit Card,1,66.36,5.57,60.79
ORD100610,CUST1795,2024-06-13,Male,34,Pune,Sports,Yoga Mat,4,247.11,0.113,UPI,3,988.44,111.69,876.75
ORD100611,CUST1092,2024-01-23,Female,21,Chennai,Sports,Yoga Mat,1,114.18,0.177,Net Banking,1,114.18,20.21,93.97
ORD100612,CUST1441,2024-10-27,Male,39,Kochi,Toys,Building Blocks,3,201.7,0.121,Net Banking,1,605.1,73.22,531.88
ORD100613,CUST1249,2024-03-21,Female,56,Kochi,Electronics,Smartwatch,3,38.45,0.32,Debit Card,3,115.35,36.91,78.44
ORD100614,CUST1013,2024-08-14,Female,55,Pune,Electronics,Smartwatch,3,72.17,0.251,Net Banking,4,216.51,54.34,162.17
ORD100615,CUST1451,2024-11-04,Female,22,Bengaluru,Books,Academic Book,3,223.66,0.175,Net Banking,5,670.98,117.42,553.56
ORD100616,CUST1486,2024-05-25,Female,50,Hyderabad,Beauty,Face Wash,4,117.4,0.132,UPI,1,469.6,61.99,407.61
ORD100617,CUST1346,2024-07-23,Male,21,Pune,Beauty,Face Wash,3,86.93,0.164,Debit Card,1,260.79,42.77,218.02
ORD100618,CUST1811,2024-06-22,Female,34,Mumbai,Home & Kitchen,Storage Box,3,91.66,0.193,Debit Card,1,274.98,53.07,221.91
ORD100619,CUST1095,2024-09-12,Female,37,Delhi,Clothing,T-Shirt,3,86.96,0.264,Credit Card,5,260.88,68.87,192.01
ORD100620,CUST1429,2024-01-13,Female,18,Mumbai,Clothing,T-Shirt,2,223.66,0.077,Net Banking,4,447.32,34.44,412.88
ORD100621,CUST1180,2024-04-30,Female,23,Coimbatore,Beauty,Shampoo,4,71.18,0.305,Cash on Delivery,3,284.72,86.84,197.88
ORD100622,CUST1757,2024-07-23,Female,55,Bengaluru,Sports,Dumbbells,2,136.51,0.088,UPI,1,273.02,24.03,248.99
ORD100623,CUST1556,2024-01-31,Male,45,Mumbai,Electronics,Keyboard,4,245.44,0.129,Cash on Delivery,2,981.76,126.65,855.11
ORD100624,CUST1704,2024-10-15,Female,51,Bengaluru,Sports,Cricket Bat,3,187.08,0.348,UPI,1,561.24,195.31,365.93
ORD100625,CUST1107,2024-07-30,Female,42,Pune,Electronics,Power Bank,3,215.09,0.107,UPI,1,645.27,69.04,576.23
ORD100626,CUST1456,2024-01-01,Male,37,Hyderabad,Home & Kitchen,Mixer,4,99.05,0.08,Cash on Delivery,3,396.2,31.7,364.5
ORD100627,CUST1050,2024-01-05,Female,18,Hyderabad,Beauty,Shampoo,3,327.46,0.242,Net Banking,3,982.38,237.74,744.64
ORD100628,CUST1322,2024-02-23,Female,41,Bengaluru,Clothing,T-Shirt,3,153.65,0.168,Cash on Delivery,3,460.95,77.44,383.51
ORD100629,CUST1944,2024-08-10,Male,51,Coimbatore,Sports,Football,3,111.13,0.078,UPI,5,333.39,26.0,307.39
ORD100630,CUST1725,2024-06-22,Female,26,Bengaluru,Beauty,Face Wash,3,317.95,0.051,Debit Card,5,953.85,48.65,905.2
ORD100631,CUST1078,2024-06-10,Female,39,Coimbatore,Electronics,Keyboard,2,234.52,0.074,UPI,1,469.04,34.71,434.33
ORD100632,CUST1368,2024-07-06,Male,35,Kochi,Beauty,Face Wash,3,220.67,0.207,Cash on Delivery,2,662.01,137.04,524.97
ORD100633,CUST1869,2024-06-14,Male,55,Kochi,Clothing,Kurta,4,312.06,0.119,UPI,3,1248.24,148.54,1099.7
ORD100634,CUST1169,2024-04-25,Male,25,Hyderabad,Home & Kitchen,Cookware Set,3,34.61,0.283,UPI,3,103.83,29.38,74.45
ORD100635,CUST1756,2024-01-03,Male,22,Pune,Clothing,Jacket,4,295.62,0.307,UPI,3,1182.48,363.02,819.46
ORD100636,CUST1320,2024-01-10,Female,27,Coimbatore,Clothing,T-Shirt,4,242.08,0.093,UPI,4,968.32,90.05,878.27
ORD100637,CUST1476,2024-08-18,Female,24,Chennai,Toys,Remote Car,2,135.6,0.151,Net Banking,1,271.2,40.95,230.25
ORD100638,CUST1875,2024-09-06,Female,54,Chennai,Toys,Puzzle,1,100.88,0.094,Debit Card,5,100.88,9.48,91.4
ORD100639,CUST1671,2024-03-21,Male,29,Bengaluru,Beauty,Perfume,2,50.11,0.136,Debit Card,2,100.22,13.63,86.59
ORD100640,CUST1283,2024-03-22,Female,33,Kochi,Electronics,Keyboard,4,330.26,0.122,Credit Card,2,1321.04,161.17,1159.87
ORD100641,CUST1008,2024-05-16,Male,29,Chennai,Beauty,Moisturizer,4,62.54,0.286,Credit Card,2,250.16,71.55,178.61
ORD100642,CUST1234,2024-08-03,Male,53,Coimbatore,Beauty,Face Wash,3,101.91,0.154,UPI,4,305.73,47.08,258.65
ORD100643,CUST1417,2024-07-17,Female,46,Coimbatore,Clothing,Jacket,4,246.52,0.199,Net Banking,4,986.08,196.23,789.85
ORD100644,CUST1133,2024-07-06,Female,38,Kochi,Books,Self-Help Book,1,252.9,0.252,Credit Card,4,252.9,63.73,189.17
ORD100645,CUST1881,2024-01-13,Male,52,Delhi,Toys,Building Blocks,3,68.86,0.297,Debit Card,3,206.58,61.35,145.23
ORD100646,CUST1055,2024-05-24,Male,21,Delhi,Electronics,Keyboard,3,287.73,0.14,Net Banking,2,863.19,120.85,742.34
ORD100647,CUST1540,2024-09-09,Female,47,Pune,Clothing,T-Shirt,3,185.95,0.113,UPI,4,557.85,63.04,494.81
ORD100648,CUST1975,2024-07-16,Female,33,Pune,Sports,Cricket Bat,3,299.23,0.344,Credit Card,1,897.69,308.81,588.88
ORD100649,CUST1334,2024-09-27,Female,34,Coimbatore,Toys,Building Blocks,2,44.24,0.146,Credit Card,2,88.48,12.92,75.56
ORD100650,CUST1536,2024-08-20,Male,24,Hyderabad,Clothing,Jeans,3,29.35,0.251,Credit Card,4,88.05,22.1,65.95
ORD100651,CUST1073,2024-10-28,Male,22,Kochi,Home & Kitchen,Cookware Set,3,228.39,0.253,Net Banking,4,685.17,173.35,511.82
ORD100652,CUST1728,2024-07-10,Male,47,Mumbai,Electronics,Earbuds,4,65.26,0.204,Debit Card,2,261.04,53.25,207.79
ORD100653,CUST1976,2024-07-09,Male,54,Bengaluru,Toys,Puzzle,1,190.86,0.119,Debit Card,2,190.86,22.71,168.15
ORD100654,CUST1772,2024-07-05,Male,57,Coimbatore,Books,Fiction Book,2,19.73,0.092,Credit Card,2,39.46,3.63,35.83
ORD100655,CUST1149,2024-03-29,Female,28,Delhi,Beauty,Face Wash,2,276.28,0.196,Net Banking,5,552.56,108.3,444.26
ORD100656,CUST1351,2024-05-26,Male,50,Chennai,Home & Kitchen,Storage Box,1,316.34,0.203,Debit Card,3,316.34,64.22,252.12
ORD100657,CUST1722,2024-02-26,Male,22,Bengaluru,Beauty,Face Wash,2,296.03,0.282,Net Banking,1,592.06,166.96,425.1
ORD100658,CUST1798,2024-05-24,Male,51,Chennai,Home & Kitchen,Bedsheet,2,336.05,0.263,UPI,1,672.1,176.76,495.34
ORD100659,CUST1402,2024-02-20,Female,42,Delhi,Toys,Puzzle,2,317.54,0.324,Credit Card,1,635.08,205.77,429.31
ORD100660,CUST1960,2024-06-13,Female,55,Coimbatore,Home & Kitchen,Bedsheet,2,163.75,0.341,Net Banking,2,327.5,111.68,215.82
ORD100661,CUST1203,2024-11-15,Female,20,Hyderabad,Books,Comics,3,148.45,0.268,Credit Card,2,445.35,119.35,326.0
ORD100662,CUST1741,2024-05-31,Male,51,Chennai,Electronics,Power Bank,3,315.22,0.073,Credit Card,3,945.66,69.03,876.63
ORD100663,CUST1495,2024-09-04,Male,38,Coimbatore,Books,Academic Book,2,325.52,0.172,Credit Card,4,651.04,111.98,539.06
ORD100664,CUST1711,2024-05-27,Female,42,Pune,Clothing,Jeans,4,340.9,0.233,Credit Card,5,1363.6,317.72,1045.88
ORD100665,CUST1595,2024-10-30,Male,41,Delhi,Home & Kitchen,Mixer,2,272.39,0.227,Cash on Delivery,3,544.78,123.67,421.11
ORD100666,CUST1431,2024-03-11,Female,48,Bengaluru,Beauty,Face Wash,3,82.67,0.104,UPI,4,248.01,25.79,222.22
ORD100667,CUST1814,2024-10-06,Male,43,Pune,Beauty,Perfume,1,331.56,0.225,Net Banking,4,331.56,74.6,256.96
ORD100668,CUST1840,2024-08-30,Male,35,Hyderabad,Electronics,Smartwatch,1,332.29,0.155,Net Banking,2,332.29,51.5,280.79
ORD100669,CUST1816,2024-10-24,Male,36,Bengaluru,Home & Kitchen,Cookware Set,2,238.15,0.152,Credit Card,4,476.3,72.4,403.9
ORD100670,CUST1088,2024-02-14,Female,21,Hyderabad,Home & Kitchen,Cookware Set,2,302.19,0.3,Net Banking,2,604.38,181.31,423.07
ORD100671,CUST1422,2024-10-26,Female,49,Chennai,Clothing,T-Shirt,2,202.99,0.177,Credit Card,2,405.98,71.86,334.12
ORD100672,CUST1748,2024-10-31,Female,48,Mumbai,Sports,Cricket Bat,1,331.28,0.208,UPI,5,331.28,68.91,262.37
ORD100673,CUST1865,2024-04-09,Female,42,Coimbatore,Electronics,Keyboard,2,46.47,0.219,Debit Card,5,92.94,20.35,72.59
ORD100674,CUST1361,2024-07-28,Female,49,Coimbatore,Toys,Building Blocks,3,304.43,0.219,UPI,4,913.29,200.01,713.28
ORD100675,CUST1739,2024-07-15,Male,29,Pune,Toys,Board Game,3,33.59,0.114,Credit Card,3,100.77,11.49,89.28
ORD100676,CUST1565,2024-01-17,Female,27,Kochi,Home & Kitchen,Storage Box,1,128.6,0.23,Credit Card,4,128.6,29.58,99.02
ORD100677,CUST1220,2024-06-24,Male,57,Kochi,Electronics,Keyboard,2,60.33,0.15,Debit Card,4,120.66,18.1,102.56
ORD100678,CUST1892,2024-08-08,Female,59,Bengaluru,Sports,Yoga Mat,3,175.51,0.247,UPI,1,526.53,130.05,396.48
ORD100679,CUST1444,2024-03-09,Female,54,Mumbai,Clothing,T-Shirt,3,92.8,0.094,UPI,2,278.4,26.17,252.23
ORD100680,CUST1604,2024-05-01,Female,20,Hyderabad,Home & Kitchen,Cookware Set,4,333.94,0.348,UPI,1,1335.76,464.84,870.92
ORD100681,CUST1288,2024-07-15,Male,41,Pune,Clothing,Jacket,2,202.37,0.282,Net Banking,3,404.74,114.14,290.6
ORD100682,CUST1025,2024-11-07,Male,49,Coimbatore,Books,Academic Book,3,315.74,0.175,Net Banking,2,947.22,165.76,781.46
ORD100683,CUST1452,2024-01-21,Female,19,Kochi,Clothing,Jeans,4,108.15,0.14,Net Banking,2,432.6,60.56,372.04
ORD100684,CUST1721,2024-11-09,Male,59,Chennai,Sports,Yoga Mat,2,23.7,0.166,Credit Card,5,47.4,7.87,39.53
ORD100685,CUST1326,2024-09-30,Female,51,Delhi,Toys,Board Game,4,274.84,0.266,UPI,2,1099.36,292.43,806.93
ORD100686,CUST1928,2024-10-10,Female,31,Chennai,Home & Kitchen,Bedsheet,2,250.3,0.247,Net Banking,5,500.6,123.65,376.95
ORD100687,CUST1749,2024-01-16,Female,39,Hyderabad,Home & Kitchen,Storage Box,2,197.74,0.261,Cash on Delivery,3,395.48,103.22,292.26
ORD100688,CUST1641,2024-07-09,Male,57,Mumbai,Electronics,Earbuds,3,288.14,0.317,Credit Card,1,864.42,274.02,590.4
ORD100689,CUST1805,2024-05-03,Male,54,Delhi,Beauty,Moisturizer,3,296.43,0.187,UPI,1,889.29,166.3,722.99
ORD100690,CUST1860,2024-11-03,Female,53,Coimbatore,Sports,Football,3,211.95,0.251,Net Banking,4,635.85,159.6,476.25
ORD100691,CUST1720,2024-09-05,Male,60,Kochi,Books,Academic Book,1,338.59,0.182,Net Banking,5,338.59,61.62,276.97
ORD100692,CUST1824,2024-08-05,Male,49,Hyderabad,Electronics,Earbuds,1,256.1,0.241,Cash on Delivery,5,256.1,61.72,194.38
ORD100693,CUST1712,2024-01-10,Male,58,Delhi,Books,Fiction Book,4,241.75,0.192,Credit Card,1,967.0,185.66,781.34
ORD100694,CUST1860,2024-10-20,Male,59,Chennai,Home & Kitchen,Storage Box,4,136.08,0.283,Credit Card,5,544.32,154.04,390.28
ORD100695,CUST1103,2024-06-13,Female,18,Chennai,Electronics,Power Bank,4,15.76,0.052,UPI,2,63.04,3.28,59.76
ORD100696,CUST1343,2024-02-23,Female,46,Kochi,Sports,Cricket Bat,3,95.72,0.115,Debit Card,3,287.16,33.02,254.14
ORD100697,CUST1886,2024-10-19,Male,32,Kochi,Beauty,Moisturizer,4,270.91,0.139,Net Banking,1,1083.64,150.63,933.01
ORD100698,CUST1473,2024-10-29,Male,39,Kochi,Toys,Building Blocks,2,252.81,0.334,UPI,2,505.62,168.88,336.74
ORD100699,CUST1014,2024-06-15,Male,25,Hyderabad,Toys,Building Blocks,1,125.89,0.202,Net Banking,2,125.89,25.43,100.46
ORD100700,CUST1847,2024-08-09,Male,47,Pune,Home & Kitchen,Mixer,1,224.57,0.159,Net Banking,5,224.57,35.71,188.86
ORD100701,CUST1654,2024-07-23,Male,53,Bengaluru,Books,Self-Help Book,2,80.42,0.171,Net Banking,2,160.84,27.5,133.34
ORD100702,CUST1909,2024-04-11,Female,35,Pune,Home & Kitchen,Storage Box,2,103.32,0.186,Debit Card,2,206.64,38.44,168.2
ORD100703,CUST1016,2024-09-07,Female,48,Mumbai,Books,Comics,4,332.38,0.31,Cash on Delivery,2,1329.52,412.15,917.37
ORD100704,CUST1146,2024-11-30,Female,31,Kochi,Electronics,Earbuds,2,153.42,0.339,Net Banking,2,306.84,104.02,202.82
ORD100705,CUST1509,2024-11-08,Male,50,Hyderabad,Books,Fiction Book,3,97.07,0.303,Debit Card,3,291.21,88.24,202.97
ORD100706,CUST1181,2024-08-18,Female,21,Pune,Sports,Dumbbells,2,178.18,0.302,Net Banking,2,356.36,107.62,248.74
ORD100707,CUST1520,2024-04-30,Male,55,Pune,Beauty,Shampoo,3,144.65,0.11,Cash on Delivery,2,433.95,47.73,386.22
ORD100708,CUST1346,2024-10-31,Male,34,Coimbatore,Beauty,Face Wash,3,259.39,0.131,UPI,3,778.17,101.94,676.23
ORD100709,CUST1209,2024-11-06,Female,39,Chennai,Sports,Yoga Mat,1,337.31,0.229,Cash on Delivery,4,337.31,77.24,260.07
ORD100710,CUST1769,2024-01-02,Female,52,Mumbai,Sports,Football,2,213.23,0.247,Cash on Delivery,1,426.46,105.34,321.12
ORD100711,CUST1038,2024-04-23,Female,19,Mumbai,Electronics,Smartwatch,1,213.03,0.111,UPI,2,213.03,23.65,189.38
ORD100712,CUST1874,2024-07-04,Female,58,Bengaluru,Toys,Remote Car,4,137.22,0.274,Debit Card,3,548.88,150.39,398.49
ORD100713,CUST1153,2024-07-12,Female,44,Coimbatore,Beauty,Shampoo,3,204.15,0.11,Debit Card,5,612.45,67.37,545.08
ORD100714,CUST1579,2024-08-26,Female,59,Coimbatore,Electronics,Smartwatch,4,121.98,0.129,UPI,5,487.92,62.94,424.98
ORD100715,CUST1990,2024-06-21,Male,41,Chennai,Beauty,Perfume,4,15.37,0.142,UPI,5,61.48,8.73,52.75
ORD100716,CUST1113,2024-01-05,Male,26,Pune,Books,Self-Help Book,1,305.14,0.304,Cash on Delivery,3,305.14,92.76,212.38
ORD100717,CUST1925,2024-02-25,Male,43,Coimbatore,Sports,Dumbbells,3,158.86,0.27,UPI,1,476.58,128.68,347.9
ORD100718,CUST1303,2024-09-12,Male,42,Hyderabad,Clothing,T-Shirt,1,179.85,0.209,UPI,5,179.85,37.59,142.26
ORD100719,CUST1740,2024-08-20,Male,57,Pune,Toys,Puzzle,4,42.97,0.296,UPI,4,171.88,50.88,121.0
ORD100720,CUST1856,2024-08-06,Female,42,Delhi,Electronics,Keyboard,4,295.43,0.294,Debit Card,5,1181.72,347.43,834.29
ORD100721,CUST1231,2024-05-27,Male,35,Chennai,Sports,Dumbbells,3,72.06,0.167,Cash on Delivery,5,216.18,36.1,180.08
ORD100722,CUST1347,2024-04-02,Female,25,Coimbatore,Home & Kitchen,Cookware Set,4,152.56,0.284,UPI,4,610.24,173.31,436.93
ORD100723,CUST1860,2024-04-13,Female,32,Coimbatore,Clothing,Kurta,4,296.49,0.112,Credit Card,3,1185.96,132.83,1053.13
ORD100724,CUST1102,2024-08-18,Male,43,Hyderabad,Electronics,Earbuds,4,168.36,0.201,Credit Card,4,673.44,135.36,538.08
ORD100725,CUST1108,2024-06-17,Male,33,Hyderabad,Clothing,Jeans,1,326.94,0.085,Debit Card,4,326.94,27.79,299.15
ORD100726,CUST1301,2024-02-13,Female,33,Coimbatore,Clothing,Jeans,1,85.12,0.178,Net Banking,5,85.12,15.15,69.97
ORD100727,CUST1602,2024-05-13,Male,18,Coimbatore,Books,Self-Help Book,4,254.6,0.206,UPI,2,1018.4,209.79,808.61
ORD100728,CUST1805,2024-10-03,Female,58,Chennai,Clothing,Kurta,2,342.63,0.074,Net Banking,3,685.26,50.71,634.55
ORD100729,CUST1562,2024-07-19,Female,53,Hyderabad,Sports,Football,2,199.12,0.189,Debit Card,3,398.24,75.27,322.97
ORD100730,CUST1492,2024-10-17,Male,28,Delhi,Sports,Dumbbells,1,246.88,0.246,UPI,2,246.88,60.73,186.15
ORD100731,CUST1870,2024-06-19,Male,23,Bengaluru,Home & Kitchen,Storage Box,3,146.73,0.234,Cash on Delivery,3,440.19,103.0,337.19
ORD100732,CUST1171,2024-06-11,Female,53,Kochi,Clothing,Kurta,4,266.7,0.066,Credit Card,5,1066.8,70.41,996.39
ORD100733,CUST1900,2024-11-14,Female,53,Bengaluru,Clothing,Jeans,4,319.47,0.079,UPI,1,1277.88,100.95,1176.93
ORD100734,CUST1312,2024-06-18,Male,56,Coimbatore,Home & Kitchen,Mixer,3,250.52,0.155,Debit Card,3,751.56,116.49,635.07
ORD100735,CUST1275,2024-02-15,Female,41,Chennai,Clothing,Jacket,3,328.54,0.303,Net Banking,4,985.62,298.64,686.98
ORD100736,CUST1952,2024-05-14,Female,49,Kochi,Toys,Remote Car,3,212.2,0.311,UPI,5,636.6,197.98,438.62
ORD100737,CUST1645,2024-08-04,Male,49,Chennai,Books,Academic Book,2,208.34,0.143,Net Banking,2,416.68,59.59,357.09
ORD100738,CUST1431,2024-04-25,Female,27,Pune,Home & Kitchen,Storage Box,3,117.05,0.266,Debit Card,2,351.15,93.41,257.74
ORD100739,CUST1329,2024-05-17,Male,40,Hyderabad,Home & Kitchen,Mixer,4,252.73,0.223,UPI,1,1010.92,225.44,785.48
ORD100740,CUST1441,2024-10-19,Female,29,Mumbai,Home & Kitchen,Bedsheet,2,310.45,0.345,Debit Card,2,620.9,214.21,406.69
ORD100741,CUST1790,2024-05-25,Female,50,Chennai,Clothing,Jeans,2,231.52,0.078,Net Banking,5,463.04,36.12,426.92
ORD100742,CUST1152,2024-04-12,Female,59,Pune,Clothing,Jacket,3,93.07,0.214,UPI,4,279.21,59.75,219.46
ORD100743,CUST1174,2024-02-06,Male,21,Delhi,Electronics,Earbuds,3,197.28,0.228,Credit Card,3,591.84,134.94,456.9
ORD100744,CUST1304,2024-05-14,Female,21,Hyderabad,Clothing,Jeans,1,268.24,0.142,UPI,4,268.24,38.09,230.15
ORD100745,CUST1481,2024-09-13,Male,29,Mumbai,Sports,Dumbbells,2,329.69,0.064,Debit Card,5,659.38,42.2,617.18
ORD100746,CUST1813,2024-04-10,Male,23,Delhi,Sports,Football,3,67.46,0.066,Credit Card,3,202.38,13.36,189.02
ORD100747,CUST1210,2024-06-06,Female,18,Pune,Home & Kitchen,Cookware Set,3,57.71,0.186,UPI,2,173.13,32.2,140.93
ORD100748,CUST1785,2024-08-07,Female,60,Delhi,Home & Kitchen,Mixer,3,153.34,0.258,UPI,5,460.02,118.69,341.33
ORD100749,CUST1906,2024-11-06,Male,43,Chennai,Beauty,Perfume,4,57.08,0.26,Credit Card,5,228.32,59.36,168.96
ORD100750,CUST1435,2024-09-29,Female,51,Delhi,Beauty,Face Wash,3,343.44,0.104,Cash on Delivery,3,1030.32,107.15,923.17
ORD100751,CUST1960,2024-04-05,Female,42,Hyderabad,Books,Fiction Book,3,157.14,0.307,Net Banking,1,471.42,144.73,326.69
ORD100752,CUST1892,2024-02-25,Male,50,Mumbai,Home & Kitchen,Storage Box,2,193.76,0.163,Credit Card,1,387.52,63.17,324.35
ORD100753,CUST1796,2024-08-12,Male,47,Hyderabad,Books,Academic Book,2,91.07,0.339,Net Banking,1,182.14,61.75,120.39
ORD100754,CUST1379,2024-03-26,Female,24,Hyderabad,Sports,Yoga Mat,4,165.46,0.085,Net Banking,4,661.84,56.26,605.58
ORD100755,CUST1300,2024-05-11,Female,24,Bengaluru,Toys,Board Game,2,344.87,0.301,Net Banking,1,689.74,207.61,482.13
ORD100756,CUST1863,2024-02-04,Male,39,Hyderabad,Books,Comics,3,178.71,0.323,Debit Card,1,536.13,173.17,362.96
ORD100757,CUST1441,2024-09-16,Female,33,Pune,Home & Kitchen,Mixer,1,17.96,0.297,Cash on Delivery,4,17.96,5.33,12.63
ORD100758,CUST1031,2024-02-23,Female,54,Bengaluru,Electronics,Smartwatch,1,96.25,0.293,UPI,3,96.25,28.2,68.05
ORD100759,CUST1716,2024-05-07,Female,31,Coimbatore,Clothing,T-Shirt,1,342.78,0.158,Net Banking,3,342.78,54.16,288.62
ORD100760,CUST1346,2024-05-16,Female,32,Mumbai,Sports,Dumbbells,1,346.34,0.264,Cash on Delivery,1,346.34,91.43,254.91
ORD100761,CUST1934,2024-01-15,Female,40,Delhi,Toys,Board Game,3,85.52,0.224,Cash on Delivery,2,256.56,57.47,199.09
ORD100762,CUST1854,2024-09-16,Female,26,Chennai,Books,Self-Help Book,3,221.11,0.177,UPI,2,663.33,117.41,545.92
ORD100763,CUST1104,2024-07-26,Female,54,Bengaluru,Clothing,Jacket,3,40.76,0.348,UPI,4,122.28,42.55,79.73
ORD100764,CUST1900,2024-06-30,Female,18,Kochi,Clothing,Kurta,2,208.44,0.137,UPI,5,416.88,57.11,359.77
ORD100765,CUST1948,2024-02-29,Female,54,Coimbatore,Electronics,Keyboard,3,57.18,0.174,Debit Card,5,171.54,29.85,141.69
ORD100766,CUST1755,2024-01-18,Male,44,Chennai,Clothing,T-Shirt,1,289.25,0.321,Cash on Delivery,1,289.25,92.85,196.4
ORD100767,CUST1275,2024-01-19,Male,56,Kochi,Books,Academic Book,2,329.76,0.137,UPI,4,659.52,90.35,569.17
ORD100768,CUST1669,2024-07-28,Female,30,Coimbatore,Clothing,Kurta,1,72.95,0.096,Credit Card,4,72.95,7.0,65.95
ORD100769,CUST1867,2024-09-07,Female,56,Bengaluru,Clothing,Kurta,1,170.01,0.143,Cash on Delivery,1,170.01,24.31,145.7
ORD100770,CUST1814,2024-09-23,Female,55,Bengaluru,Toys,Puzzle,1,49.18,0.278,UPI,4,49.18,13.67,35.51
ORD100771,CUST1430,2024-09-25,Female,37,Bengaluru,Books,Academic Book,1,128.61,0.308,UPI,3,128.61,39.61,89.0
ORD100772,CUST1706,2024-05-11,Male,30,Coimbatore,Sports,Yoga Mat,2,36.81,0.084,Credit Card,1,73.62,6.18,67.44
ORD100773,CUST1385,2024-01-01,Female,26,Coimbatore,Toys,Remote Car,3,103.62,0.237,Net Banking,4,310.86,73.67,237.19
ORD100774,CUST1253,2024-03-23,Male,24,Pune,Beauty,Face Wash,3,346.72,0.22,Credit Card,5,1040.16,228.84,811.32
ORD100775,CUST1672,2024-09-20,Male,43,Hyderabad,Clothing,Jeans,2,29.94,0.251,Credit Card,3,59.88,15.03,44.85
ORD100776,CUST1465,2024-09-12,Female,59,Kochi,Beauty,Moisturizer,1,302.75,0.251,Debit Card,2,302.75,75.99,226.76
ORD100777,CUST1224,2024-06-19,Female,42,Coimbatore,Toys,Puzzle,1,40.95,0.338,UPI,3,40.95,13.84,27.11
ORD100778,CUST1660,2024-01-09,Female,59,,Books,Self-Help Book,3,192.21,0.154,Net Banking,3,576.63,88.8,487.83
ORD100779,CUST1321,2024-09-17,Male,50,Hyderabad,Beauty,Face Wash,4,166.46,0.14,Cash on Delivery,5,665.84,93.22,572.62
ORD100780,CUST1587,2024-09-30,Male,47,Pune,Electronics,Keyboard,2,327.07,0.224,Debit Card,4,654.14,146.53,507.61
ORD100781,CUST1361,2024-03-17,Female,49,Pune,Books,Self-Help Book,1,81.68,0.179,Net Banking,4,81.68,14.62,67.06
ORD100782,CUST1884,2024-09-26,Male,57,Bengaluru,Electronics,Power Bank,2,75.19,0.192,Net Banking,4,150.38,28.87,121.51
ORD100783,CUST1849,2024-08-02,Female,54,Delhi,Sports,Cricket Bat,1,265.82,0.071,Net Banking,4,265.82,18.87,246.95
ORD100784,CUST1473,2024-10-24,Male,24,Delhi,Toys,Remote Car,1,258.12,0.094,Cash on Delivery,2,258.12,24.26,233.86
ORD100785,CUST1709,2024-07-28,Male,43,Delhi,Electronics,Earbuds,2,249.23,0.331,Net Banking,1,498.46,164.99,333.47
ORD100786,CUST1177,2024-01-30,Female,37,Hyderabad,Home & Kitchen,Mixer,4,23.75,0.07,UPI,5,95.0,6.65,88.35
ORD100787,CUST1996,2024-08-04,Female,55,Pune,Beauty,Moisturizer,3,102.09,0.227,Net Banking,3,306.27,69.52,236.75
ORD100788,CUST1214,2024-02-06,Male,26,Kochi,Home & Kitchen,Storage Box,4,296.36,0.276,Net Banking,5,1185.44,327.18,858.26
ORD100789,CUST1866,2024-03-27,Female,53,Delhi,Beauty,Shampoo,2,216.29,0.054,UPI,4,432.58,23.36,409.22
ORD100790,CUST1845,2024-10-19,Male,38,Coimbatore,Toys,Board Game,2,216.74,0.117,Credit Card,3,433.48,50.72,382.76
ORD100791,CUST1178,2024-11-20,Female,58,Coimbatore,Books,Self-Help Book,2,114.13,0.163,Debit Card,4,228.26,37.21,191.05
ORD100792,CUST1008,2024-06-08,Female,52,Hyderabad,Home & Kitchen,Bedsheet,1,102.16,0.202,Credit Card,4,102.16,20.64,81.52
ORD100793,CUST1736,2024-04-07,Female,32,Pune,Home & Kitchen,Cookware Set,2,332.1,0.152,Credit Card,5,664.2,100.96,563.24
ORD100794,CUST1868,2024-05-11,Male,54,Pune,Clothing,Jeans,2,258.8,0.245,Net Banking,2,517.6,126.81,390.79
ORD100795,CUST1715,2024-03-22,Male,26,Kochi,Clothing,Jeans,2,57.5,0.118,Cash on Delivery,2,115.0,13.57,101.43
ORD100796,CUST1055,2024-07-11,Female,18,Hyderabad,Home & Kitchen,Bedsheet,1,329.13,0.058,Debit Card,2,329.13,19.09,310.04
ORD100797,CUST1644,2024-05-21,Female,39,Bengaluru,Clothing,T-Shirt,3,210.09,0.05,Net Banking,1,630.27,31.51,598.76
ORD100798,CUST1391,2024-01-20,Male,34,Pune,Books,Self-Help Book,4,126.68,0.154,Net Banking,3,506.72,78.03,428.69
ORD100799,CUST1914,2024-07-23,Female,23,Pune,Beauty,Moisturizer,4,148.04,0.158,Net Banking,3,592.16,93.56,498.6
ORD100800,CUST1799,2024-08-03,Male,60,Delhi,Toys,Board Game,1,258.01,0.335,Credit Card,1,258.01,86.43,171.58
ORD100801,CUST1798,2024-08-11,Male,19,Pune,Beauty,Moisturizer,1,141.05,0.063,UPI,5,141.05,8.89,132.16
ORD100802,CUST1407,2024-11-12,Female,43,Delhi,Home & Kitchen,Bedsheet,4,208.88,0.209,Debit Card,4,835.52,174.62,660.9
ORD100803,CUST1321,2024-08-23,Male,29,Chennai,Electronics,Keyboard,4,253.02,0.223,Credit Card,2,1012.08,225.69,786.39
ORD100804,CUST1821,2024-08-14,Female,30,Kochi,Toys,Remote Car,3,80.45,0.26,UPI,1,241.35,62.75,178.6
ORD100805,CUST1115,2024-03-11,Female,27,Hyderabad,Clothing,Kurta,2,331.32,0.242,Cash on Delivery,4,662.64,160.36,502.28
ORD100806,CUST1100,2024-06-04,Female,34,Bengaluru,Clothing,T-Shirt,3,134.32,0.052,UPI,1,402.96,20.95,382.01
ORD100807,CUST1062,2024-05-25,Male,46,Coimbatore,Toys,Puzzle,3,155.49,0.24,Credit Card,1,466.47,111.95,354.52
ORD100808,CUST1511,2024-11-17,Male,31,Coimbatore,Books,Academic Book,4,249.0,0.147,Net Banking,3,996.0,146.41,849.59
ORD100809,CUST1075,2024-06-07,Male,49,Delhi,Sports,Cricket Bat,3,218.94,0.282,Cash on Delivery,5,656.82,185.22,471.6
ORD100810,CUST1581,2024-08-18,Male,37,Pune,Electronics,Earbuds,1,162.44,0.107,Cash on Delivery,1,162.44,17.38,145.06
ORD100811,CUST1167,2024-06-30,Female,51,Chennai,Clothing,T-Shirt,3,232.66,0.265,Debit Card,3,697.98,184.96,513.02
ORD100812,CUST1889,2024-01-20,Male,37,Hyderabad,Clothing,Kurta,4,317.45,0.238,Debit Card,3,1269.8,302.21,967.59
ORD100813,CUST1431,2024-11-09,Male,33,Bengaluru,Electronics,Keyboard,2,283.1,0.246,Cash on Delivery,2,566.2,139.29,426.91
ORD100814,CUST1093,2024-08-12,Female,39,Mumbai,Toys,Puzzle,1,291.13,0.103,Net Banking,3,291.13,29.99,261.14
ORD100815,CUST1692,2024-03-18,Female,47,Hyderabad,Clothing,Jacket,1,101.57,0.251,UPI,4,101.57,25.49,76.08
ORD100816,CUST1338,2024-01-20,Male,37,Chennai,Electronics,Keyboard,4,155.5,0.271,Net Banking,1,622.0,168.56,453.44
ORD100817,CUST1261,2024-11-09,Male,56,Pune,Electronics,Power Bank,2,200.53,0.197,Net Banking,5,401.06,79.01,322.05
ORD100818,CUST1658,2024-04-12,Female,40,Delhi,Sports,Dumbbells,3,29.8,0.152,Credit Card,2,89.4,13.59,75.81
ORD100819,CUST1954,2024-01-06,Female,30,Mumbai,Toys,Board Game,4,272.88,0.1,Debit Card,2,1091.52,109.15,982.37
ORD100820,CUST1978,2024-07-25,Female,19,Kochi,Books,Fiction Book,1,123.36,0.137,Credit Card,1,123.36,16.9,106.46
ORD100821,CUST1435,2024-01-06,Male,34,Hyderabad,Clothing,Kurta,1,109.67,0.279,Cash on Delivery,3,109.67,30.6,79.07
ORD100822,CUST1847,2024-03-13,Male,20,Chennai,Toys,Puzzle,4,101.86,0.173,Net Banking,3,407.44,70.49,336.95
ORD100823,CUST1209,2024-10-26,Male,19,Coimbatore,Books,Self-Help Book,3,109.93,0.261,Credit Card,1,329.79,86.08,243.71
ORD100824,CUST1845,2024-01-13,Male,33,Bengaluru,Toys,Remote Car,1,128.23,0.272,Cash on Delivery,2,128.23,34.88,93.35
ORD100825,CUST1941,2024-09-08,Male,30,Chennai,Beauty,Shampoo,3,217.62,0.252,Debit Card,4,652.86,164.52,488.34
ORD100826,CUST1516,2024-07-26,Male,56,Mumbai,Clothing,Jeans,1,210.49,0.252,Cash on Delivery,4,210.49,53.04,157.45
ORD100827,CUST1522,2024-04-12,Female,49,Delhi,Toys,Board Game,4,100.66,0.233,Credit Card,2,402.64,93.82,308.82
ORD100828,CUST1563,2024-04-05,Female,52,Hyderabad,Books,Fiction Book,4,84.15,0.206,Credit Card,4,336.6,69.34,267.26
ORD100829,CUST1072,2024-06-08,Female,41,Coimbatore,Electronics,Earbuds,4,291.83,0.109,Cash on Delivery,4,1167.32,127.24,1040.08
ORD100830,CUST1857,2024-06-27,Female,22,Hyderabad,Books,Fiction Book,2,46.06,0.303,Credit Card,2,92.12,27.91,64.21
ORD100831,CUST1736,2024-10-25,Male,54,Kochi,Toys,Board Game,2,186.8,0.339,Credit Card,1,373.6,126.65,246.95
ORD100832,CUST1868,2024-03-28,Female,39,Pune,Sports,Yoga Mat,4,189.39,0.19,Net Banking,1,757.56,143.94,613.62
ORD100833,CUST1115,2024-07-16,Male,36,Bengaluru,Home & Kitchen,Storage Box,3,207.34,0.33,Cash on Delivery,5,622.02,205.27,416.75
ORD100834,CUST1801,2024-08-17,Female,43,Mumbai,Toys,Remote Car,3,311.69,0.349,Cash on Delivery,2,935.07,326.34,608.73
ORD100835,CUST1362,2024-01-05,Female,25,Chennai,Beauty,Moisturizer,1,224.01,0.196,Credit Card,5,224.01,43.91,180.1
ORD100836,CUST1817,2024-10-27,Male,38,Coimbatore,Sports,Football,3,341.17,0.267,Debit Card,2,1023.51,273.28,750.23
ORD100837,CUST1992,2024-11-28,Male,44,Pune,Beauty,Face Wash,3,306.9,0.243,Cash on Delivery,4,920.7,223.73,696.97
ORD100838,CUST1878,2024-01-29,Male,47,Mumbai,Electronics,Earbuds,2,86.94,0.121,UPI,2,173.88,21.04,152.84
ORD100839,CUST1914,2024-03-28,Male,39,Pune,Home & Kitchen,Bedsheet,4,95.8,0.064,Debit Card,4,383.2,24.52,358.68
ORD100840,CUST1113,2024-09-20,Male,60,Delhi,Sports,Yoga Mat,1,130.5,0.186,UPI,5,130.5,24.27,106.23
ORD100841,CUST1328,2024-09-28,Male,60,Delhi,Clothing,T-Shirt,3,146.16,0.286,Cash on Delivery,4,438.48,125.41,313.07
ORD100842,CUST1292,2024-02-22,Female,22,Mumbai,Beauty,Moisturizer,4,200.25,0.148,Cash on Delivery,1,801.0,118.55,682.45
ORD100843,CUST1513,2024-11-03,Male,21,Hyderabad,Sports,Yoga Mat,3,92.89,0.285,UPI,3,278.67,79.42,199.25
ORD100844,CUST1975,2024-04-20,Female,40,Hyderabad,Home & Kitchen,Storage Box,1,89.49,0.246,Net Banking,2,89.49,22.01,67.48
ORD100845,CUST1685,2024-04-08,Male,53,Coimbatore,Clothing,Jeans,3,142.77,0.259,Debit Card,2,428.31,110.93,317.38
ORD100846,CUST1544,2024-04-29,Female,40,Mumbai,Electronics,Keyboard,3,240.13,0.136,UPI,5,720.39,97.97,622.42
ORD100847,CUST1804,2024-08-12,Female,27,Mumbai,Home & Kitchen,Cookware Set,3,245.52,0.191,Credit Card,5,736.56,140.68,595.88
ORD100848,CUST1176,2024-03-10,Female,42,Pune,Toys,Puzzle,2,342.0,0.105,UPI,5,684.0,71.82,612.18
ORD100849,CUST1659,2024-06-30,Male,58,Delhi,Clothing,Jeans,3,82.81,0.124,Cash on Delivery,5,248.43,30.81,217.62
ORD100850,CUST1502,2024-01-26,Male,25,Kochi,Electronics,Keyboard,2,146.61,0.077,Cash on Delivery,3,293.22,22.58,270.64
ORD100851,CUST1203,2024-02-19,Male,37,Bengaluru,Books,Comics,3,338.17,0.088,Cash on Delivery,3,1014.51,89.28,925.23
ORD100852,CUST1645,2024-09-14,Female,45,Chennai,Books,Comics,3,246.15,0.113,Credit Card,3,738.45,83.44,655.01
ORD100853,CUST1839,2024-05-08,Female,34,Mumbai,Electronics,Smartwatch,3,213.41,0.224,Debit Card,4,640.23,143.41,496.82
ORD100854,CUST1827,2024-09-22,Female,19,Delhi,Electronics,Keyboard,4,195.78,0.182,UPI,1,783.12,142.53,640.59
ORD100855,CUST1842,2024-09-04,Female,46,Coimbatore,Books,Fiction Book,4,40.3,0.13,UPI,5,161.2,20.96,140.24
ORD100856,CUST1811,2024-11-29,Male,49,Pune,Sports,Football,4,314.28,0.308,Cash on Delivery,5,1257.12,387.19,869.93
ORD100857,CUST1468,2024-02-16,Male,46,Kochi,Beauty,Face Wash,4,224.54,0.208,Net Banking,5,898.16,186.82,711.34
ORD100858,CUST1049,2024-11-09,Male,46,Chennai,Electronics,Earbuds,4,206.51,0.327,Credit Card,3,826.04,270.12,555.92
ORD100859,CUST1964,2024-10-25,Male,46,Delhi,Home & Kitchen,Mixer,1,195.73,0.24,Net Banking,3,195.73,46.98,148.75
ORD100860,CUST1453,2024-05-25,Female,32,Coimbatore,Sports,Cricket Bat,2,146.29,0.055,Debit Card,3,292.58,16.09,276.49
ORD100861,CUST1632,2024-02-15,Male,18,Delhi,Beauty,Moisturizer,3,100.31,0.324,Cash on Delivery,4,300.93,97.5,203.43
ORD100862,CUST1020,2024-02-14,Female,60,Hyderabad,Beauty,Face Wash,2,268.03,0.307,Credit Card,2,536.06,164.57,371.49
ORD100863,CUST1887,2024-06-20,Male,26,Coimbatore,Beauty,Shampoo,3,185.71,0.241,Debit Card,4,557.13,134.27,422.86
ORD100864,CUST1887,2024-01-04,Male,53,Coimbatore,Sports,Dumbbells,1,26.37,0.21,Debit Card,3,26.37,5.54,20.83
ORD100865,CUST1927,2024-02-02,Male,41,Hyderabad,Clothing,Jacket,1,148.7,0.186,Cash on Delivery,2,148.7,27.66,121.04
ORD100866,CUST1173,2024-06-27,Female,41,Delhi,Electronics,Power Bank,3,326.08,0.195,Net Banking,4,978.24,190.76,787.48
ORD100867,CUST1842,2024-07-07,Female,18,Coimbatore,Electronics,Smartwatch,4,140.25,0.281,Net Banking,2,561.0,157.64,403.36
ORD100868,CUST1624,2024-10-15,Female,60,Bengaluru,Beauty,Face Wash,2,153.43,0.204,Net Banking,1,306.86,62.6,244.26
ORD100869,CUST1145,2024-11-22,Female,40,Chennai,Clothing,T-Shirt,2,224.03,0.103,UPI,3,448.06,46.15,401.91
ORD100870,CUST1570,2024-03-30,Female,53,Pune,Books,Fiction Book,3,283.56,0.067,Debit Card,3,850.68,57.0,793.68
ORD100871,CUST1476,2024-04-20,Male,51,Coimbatore,Beauty,Face Wash,2,238.93,0.088,Credit Card,2,477.86,42.05,435.81
ORD100872,CUST1624,2024-03-07,Male,23,Bengaluru,Clothing,Jeans,1,299.77,0.125,Cash on Delivery,1,299.77,37.47,262.3
ORD100873,CUST1083,2024-03-16,Male,58,Delhi,Electronics,Earbuds,3,53.18,0.16,Credit Card,3,159.54,25.53,134.01
ORD100874,CUST1562,2024-05-27,Male,43,Pune,Home & Kitchen,Mixer,4,324.74,0.318,UPI,4,1298.96,413.07,885.89
ORD100875,CUST1676,2024-11-28,Male,25,Kochi,Beauty,Face Wash,3,317.81,0.122,Debit Card,5,953.43,116.32,837.11
ORD100876,CUST1714,2024-10-26,Female,42,Coimbatore,Electronics,Keyboard,4,188.91,0.146,Cash on Delivery,2,755.64,110.32,645.32
ORD100877,CUST1768,2024-11-01,Male,44,Bengaluru,Home & Kitchen,Storage Box,3,224.29,0.117,Net Banking,3,672.87,78.73,594.14
ORD100878,CUST1625,2024-05-31,Male,46,Delhi,Home & Kitchen,Mixer,4,86.29,0.214,Credit Card,5,345.16,73.86,271.3
ORD100879,CUST1700,2024-08-08,Male,31,Pune,Toys,Remote Car,1,165.06,0.235,Net Banking,2,165.06,38.79,126.27
ORD100880,CUST1090,2024-08-30,Male,58,Hyderabad,Toys,Board Game,1,82.91,0.21,Debit Card,3,82.91,17.41,65.5
ORD100881,CUST1797,2024-03-22,Female,28,Bengaluru,Home & Kitchen,Storage Box,1,22.36,0.336,Cash on Delivery,4,22.36,7.51,14.85
ORD100882,CUST1366,2024-06-03,Female,39,Mumbai,Toys,Puzzle,4,343.6,0.349,Credit Card,3,1374.4,479.67,894.73
ORD100883,CUST1547,2024-07-03,Female,54,Pune,Electronics,Keyboard,3,101.81,0.301,Credit Card,5,305.43,91.93,213.5
ORD100884,CUST1546,2024-05-04,Male,21,Delhi,Sports,Football,1,213.69,0.292,Cash on Delivery,2,213.69,62.4,151.29
ORD100885,CUST1975,2024-06-07,Female,35,Delhi,Books,Self-Help Book,4,115.58,0.16,Cash on Delivery,3,462.32,73.97,388.35
ORD100886,CUST1324,2024-05-27,Male,38,Pune,Home & Kitchen,Mixer,2,139.16,0.224,Cash on Delivery,3,278.32,62.34,215.98
ORD100887,CUST1383,2024-01-21,Male,51,Kochi,Home & Kitchen,Storage Box,3,148.25,0.155,UPI,4,444.75,68.94,375.81
ORD100888,CUST1759,2024-09-14,Female,51,Pune,Clothing,Jeans,1,127.24,0.285,Debit Card,2,127.24,36.26,90.98
ORD100889,CUST1633,2024-10-28,Female,52,Bengaluru,Books,Self-Help Book,1,228.53,0.102,Debit Card,2,228.53,23.31,205.22
ORD100890,CUST1317,2024-09-09,Male,33,Mumbai,Toys,Board Game,2,336.91,0.115,UPI,2,673.82,77.49,596.33
ORD100891,CUST1343,2024-11-08,Male,39,Bengaluru,Home & Kitchen,Mixer,1,158.59,0.062,UPI,2,158.59,9.83,148.76
ORD100892,CUST1827,2024-05-24,Female,19,Coimbatore,Electronics,Earbuds,3,341.06,0.233,Cash on Delivery,1,1023.18,238.4,784.78
ORD100893,CUST1835,2024-01-19,Male,53,Kochi,Books,Comics,1,238.71,0.257,Debit Card,5,238.71,61.35,177.36
ORD100894,CUST1146,2024-03-30,Male,31,Coimbatore,Clothing,Jacket,1,218.39,0.051,Cash on Delivery,2,218.39,11.14,207.25
ORD100895,CUST1399,2024-10-13,Female,38,Bengaluru,Beauty,Face Wash,3,94.43,0.203,Credit Card,2,283.29,57.51,225.78
ORD100896,CUST1768,2024-02-16,Male,47,Pune,Electronics,Keyboard,2,36.08,0.163,Net Banking,5,72.16,11.76,60.4
ORD100897,CUST1118,2024-07-02,Male,51,Chennai,Books,Academic Book,3,300.4,0.288,UPI,4,901.2,259.55,641.65
ORD100898,CUST1183,2024-01-01,Male,21,Hyderabad,Books,Comics,3,207.28,0.062,Debit Card,2,621.84,38.55,583.29
ORD100899,CUST1158,2024-04-18,Male,50,Hyderabad,Books,Self-Help Book,4,153.83,0.065,Credit Card,2,615.32,40.0,575.32
ORD100900,CUST1527,2024-02-07,Male,34,Mumbai,Sports,Football,4,287.01,0.236,UPI,5,1148.04,270.94,877.1
ORD100901,CUST1450,2024-02-07,Female,35,Hyderabad,Sports,Yoga Mat,1,119.04,0.227,Cash on Delivery,2,119.04,27.02,92.02
ORD100902,CUST1320,2024-02-25,Male,23,Mumbai,Books,Self-Help Book,3,277.51,0.299,Net Banking,5,832.53,248.93,583.6
ORD100903,CUST1135,2024-06-29,Male,48,Chennai,Clothing,Jacket,3,124.87,0.228,Cash on Delivery,4,374.61,85.41,289.2
ORD100904,CUST1636,2024-08-19,Female,38,Coimbatore,Sports,Dumbbells,3,323.5,0.335,Credit Card,4,970.5,325.12,645.38
ORD100905,CUST1806,2024-04-06,Male,22,Mumbai,Electronics,Power Bank,4,104.77,0.144,Net Banking,3,419.08,60.35,358.73
ORD100906,CUST1212,2024-10-01,Female,24,Coimbatore,Toys,Board Game,1,61.08,0.169,UPI,1,61.08,10.32,50.76
ORD100907,CUST1665,2024-05-11,Male,49,Chennai,Sports,Football,2,248.86,0.343,UPI,5,497.72,170.72,327.0
ORD100908,CUST1794,2024-09-03,Male,22,Coimbatore,Clothing,Jacket,4,69.55,0.082,Credit Card,3,278.2,22.81,255.39
ORD100909,CUST1556,2024-06-26,Female,40,Pune,Books,Self-Help Book,4,333.04,0.289,Debit Card,1,1332.16,384.99,947.17
ORD100910,CUST1573,2024-08-30,Male,48,Bengaluru,Books,Comics,1,234.61,0.053,Cash on Delivery,5,234.61,12.43,222.18
ORD100911,CUST1166,2024-11-23,Male,57,Coimbatore,Beauty,Moisturizer,2,92.34,0.196,UPI,2,184.68,36.2,148.48
ORD100912,CUST1956,2024-11-29,Female,24,Pune,Electronics,Smartwatch,2,84.95,0.096,Debit Card,2,169.9,16.31,153.59
ORD100913,CUST1955,2024-07-15,Male,30,Pune,Electronics,Power Bank,1,324.5,0.23,Credit Card,4,324.5,74.64,249.86
ORD100914,CUST1711,2024-11-18,Male,24,Coimbatore,Electronics,Keyboard,1,218.63,0.289,Cash on Delivery,2,218.63,63.18,155.45
ORD100915,CUST1901,2024-08-22,Male,55,Kochi,Electronics,Smartwatch,3,314.4,0.06,Debit Card,1,943.2,56.59,886.61
ORD100916,CUST1606,2024-03-31,Male,43,Bengaluru,Electronics,Power Bank,3,51.93,0.099,Net Banking,2,155.79,15.42,140.37
ORD100917,CUST1660,2024-11-09,Male,60,Hyderabad,Clothing,Kurta,3,325.01,0.153,Debit Card,4,975.03,149.18,825.85
ORD100918,CUST1828,2024-02-18,Male,19,Chennai,Clothing,Jeans,2,189.22,0.127,Cash on Delivery,3,378.44,48.06,330.38
ORD100919,CUST1038,2024-06-05,Male,48,Chennai,Home & Kitchen,Mixer,4,238.92,0.165,Credit Card,4,955.68,157.69,797.99
ORD100920,CUST1219,2024-02-21,Male,19,Chennai,Sports,Yoga Mat,3,139.91,0.336,UPI,1,419.73,141.03,278.7
ORD100921,CUST1203,2024-09-19,Male,22,Pune,Clothing,Jacket,4,34.81,0.08,Cash on Delivery,2,139.24,11.14,128.1
ORD100922,CUST1632,2024-10-27,Female,36,Delhi,Beauty,Perfume,2,335.92,0.177,Cash on Delivery,2,671.84,118.92,552.92
ORD100923,CUST1242,2024-10-01,Female,33,Chennai,Toys,Remote Car,1,348.19,0.187,Cash on Delivery,1,348.19,65.11,283.08
ORD100924,CUST1390,2024-02-04,Male,33,Mumbai,Sports,Dumbbells,2,137.12,0.134,Debit Card,4,274.24,36.75,237.49
ORD100925,CUST1493,2024-03-31,Male,20,Chennai,Books,Academic Book,3,331.2,0.134,Net Banking,2,993.6,133.14,860.46
ORD100926,CUST1743,2024-04-23,Female,41,Bengaluru,Books,Comics,2,71.19,0.264,Cash on Delivery,3,142.38,37.59,104.79
ORD100927,CUST1516,2024-02-08,Male,32,Chennai,Books,Self-Help Book,4,66.82,0.235,Credit Card,5,267.28,62.81,204.47
ORD100928,CUST1024,2024-06-26,Male,60,Delhi,Beauty,Moisturizer,1,39.49,0.294,Cash on Delivery,2,39.49,11.61,27.88
ORD100929,CUST1686,2024-01-12,Female,51,Chennai,Toys,Puzzle,3,146.08,0.172,UPI,1,438.24,75.38,362.86
ORD100930,CUST1427,2024-07-24,Male,36,Coimbatore,Beauty,Perfume,2,32.52,0.232,Cash on Delivery,5,65.04,15.09,49.95
ORD100931,CUST1113,2024-07-11,Male,50,Kochi,Home & Kitchen,Mixer,1,147.21,0.318,Cash on Delivery,2,147.21,46.81,100.4
ORD100932,CUST1651,2024-07-18,Female,42,Coimbatore,Home & Kitchen,Cookware Set,3,61.36,0.305,Cash on Delivery,2,184.08,56.14,127.94
ORD100933,CUST1269,2024-11-01,Male,39,Coimbatore,Home & Kitchen,Cookware Set,4,259.73,0.326,Cash on Delivery,4,1038.92,338.69,700.23
ORD100934,CUST1460,2024-09-20,Male,57,Coimbatore,Beauty,Shampoo,3,294.18,0.131,UPI,1,882.54,115.61,766.93
ORD100935,CUST1966,2024-03-27,Male,43,Kochi,Beauty,Perfume,1,245.42,0.346,Credit Card,2,245.42,84.92,160.5
ORD100936,CUST1237,2024-07-10,Female,38,Kochi,Books,Self-Help Book,1,82.17,0.295,Net Banking,1,82.17,24.24,57.93
ORD100937,CUST1884,2024-09-25,Female,42,Bengaluru,Electronics,Keyboard,2,271.89,0.288,Cash on Delivery,5,543.78,156.61,387.17
ORD100938,CUST1463,2024-10-12,Female,51,Delhi,Clothing,Kurta,3,98.58,0.25,UPI,2,295.74,73.94,221.8
ORD100939,CUST1931,2024-08-03,Male,49,Hyderabad,Electronics,Keyboard,2,269.43,0.345,Net Banking,3,538.86,185.91,352.95
ORD100940,CUST1848,2024-01-29,Female,41,Coimbatore,Clothing,Kurta,2,205.08,0.182,Credit Card,3,410.16,74.65,335.51
ORD100941,CUST1831,2024-05-25,Male,25,Chennai,Books,Academic Book,4,137.85,0.272,UPI,3,551.4,149.98,401.42
ORD100942,CUST1206,2024-10-14,Male,45,Mumbai,Beauty,Shampoo,1,42.97,0.26,Debit Card,1,42.97,11.17,31.8
ORD100943,CUST1790,2024-01-25,Female,36,Mumbai,Books,Comics,1,292.22,0.27,Cash on Delivery,2,292.22,78.9,213.32
ORD100944,CUST1366,2024-07-16,Male,58,Coimbatore,Home & Kitchen,Mixer,1,329.78,0.275,Net Banking,5,329.78,90.69,239.09
ORD100945,CUST1909,2024-06-30,Male,57,Hyderabad,Sports,Cricket Bat,4,238.08,0.107,UPI,3,952.32,101.9,850.42
ORD100946,CUST1989,2024-03-15,Male,18,Kochi,Books,Self-Help Book,2,338.12,0.155,Debit Card,5,676.24,104.82,571.42
ORD100947,CUST1611,2024-04-25,Female,60,Mumbai,Toys,Building Blocks,1,327.93,0.168,Cash on Delivery,3,327.93,55.09,272.84
ORD100948,CUST1911,2024-11-23,Female,56,Pune,Beauty,Shampoo,2,80.19,0.274,Cash on Delivery,2,160.38,43.94,116.44
ORD100949,CUST1532,2024-07-18,Female,57,Delhi,Electronics,Earbuds,4,259.96,0.265,Cash on Delivery,2,1039.84,275.56,764.28
ORD100950,CUST1033,2024-11-10,Female,39,Mumbai,Home & Kitchen,Mixer,3,132.02,0.3,Net Banking,4,396.06,118.82,277.24
ORD100951,CUST1873,2024-06-06,Male,29,Hyderabad,Sports,Yoga Mat,1,178.32,0.287,Debit Card,2,178.32,51.18,127.14
ORD100952,CUST1529,2024-10-10,Male,44,Hyderabad,Books,Fiction Book,1,67.58,0.229,UPI,3,67.58,15.48,52.1
ORD100953,CUST1043,2024-07-26,Female,55,Pune,Books,Fiction Book,1,341.55,0.092,Cash on Delivery,5,341.55,31.42,310.13
ORD100954,CUST1065,2024-11-01,Male,37,Hyderabad,Books,Academic Book,4,258.26,0.241,Cash on Delivery,5,1033.04,248.96,784.08
ORD100955,CUST1722,2024-04-19,Female,60,Coimbatore,Electronics,Earbuds,1,104.41,0.316,Debit Card,2,104.41,32.99,71.42
ORD100956,CUST1922,2024-05-08,Male,29,Bengaluru,Electronics,Power Bank,2,139.44,0.243,Cash on Delivery,2,278.88,67.77,211.11
ORD100957,CUST1696,2024-01-14,Male,54,Bengaluru,Beauty,Perfume,2,156.53,0.319,Cash on Delivery,4,313.06,99.87,213.19
ORD100958,CUST1441,2024-03-17,Male,20,Chennai,Sports,Football,3,265.42,0.35,Cash on Delivery,4,796.26,278.69,517.57
ORD100959,CUST1306,2024-02-16,Female,54,Coimbatore,Sports,Cricket Bat,3,325.11,0.158,UPI,4,975.33,154.1,821.23
ORD100960,CUST1418,2024-03-02,Male,58,Mumbai,Sports,Dumbbells,4,122.68,0.267,Cash on Delivery,1,490.72,131.02,359.7
ORD100961,CUST1322,2024-04-13,Male,48,Chennai,Sports,Football,2,173.29,0.212,Net Banking,3,346.58,73.47,273.11
ORD100962,CUST1272,2024-10-19,Female,44,Chennai,Home & Kitchen,Storage Box,2,213.72,0.186,Net Banking,1,427.44,79.5,347.94
ORD100963,CUST1128,2024-05-06,Female,35,Kochi,Clothing,T-Shirt,2,146.77,0.122,Credit Card,5,293.54,35.81,257.73
ORD100964,CUST1568,2024-10-03,Female,55,Kochi,Clothing,Jacket,1,183.9,0.124,UPI,5,183.9,22.8,161.1
ORD100965,CUST1218,2024-09-29,Female,23,Hyderabad,Electronics,Power Bank,3,50.41,0.105,Debit Card,4,151.23,15.88,135.35
ORD100966,CUST1144,2024-11-24,Male,30,Pune,Sports,Cricket Bat,3,71.17,0.239,Credit Card,2,213.51,51.03,162.48
ORD100967,CUST1275,2024-06-19,Female,23,Hyderabad,Electronics,Earbuds,2,149.37,0.093,Debit Card,4,298.74,27.78,270.96
ORD100968,CUST1798,2024-10-11,Male,29,Coimbatore,Books,Self-Help Book,4,321.5,0.179,Cash on Delivery,3,1286.0,230.19,1055.81
ORD100969,CUST1572,2024-05-20,Female,40,Pune,Sports,Football,1,132.03,0.207,Credit Card,4,132.03,27.33,104.7
ORD100970,CUST1490,2024-07-30,Male,32,Mumbai,Books,Self-Help Book,4,98.68,0.181,Cash on Delivery,2,394.72,71.44,323.28
ORD100971,CUST1591,2024-09-28,Female,36,Kochi,Books,Self-Help Book,3,263.86,0.306,Cash on Delivery,3,791.58,242.22,549.36
ORD100972,CUST1565,2024-02-17,Male,27,Bengaluru,Clothing,Jeans,1,332.96,0.183,Debit Card,5,332.96,60.93,272.03
ORD100973,CUST1497,2024-01-20,Male,33,Kochi,Clothing,T-Shirt,3,168.81,0.075,Net Banking,1,506.43,37.98,468.45
ORD100974,CUST1839,2024-02-25,Female,39,Hyderabad,Electronics,Earbuds,4,17.88,0.348,Net Banking,2,71.52,24.89,46.63
ORD100975,CUST1729,2024-08-29,Female,27,Kochi,Home & Kitchen,Cookware Set,2,245.53,0.303,Cash on Delivery,2,491.06,148.79,342.27
ORD100976,CUST1184,2024-06-07,Male,58,Coimbatore,Toys,Remote Car,2,154.05,0.248,Debit Card,1,308.1,76.41,231.69
ORD100977,CUST1816,2024-04-03,Male,56,Delhi,Sports,Dumbbells,4,240.67,0.277,Debit Card,2,962.68,266.66,696.02
ORD100978,CUST1175,2024-09-14,Female,55,Chennai,Home & Kitchen,Storage Box,1,108.04,0.088,Net Banking,4,108.04,9.51,98.53
ORD100979,CUST1078,2024-01-06,Female,18,Coimbatore,Sports,Cricket Bat,1,15.81,0.28,Debit Card,1,15.81,4.43,11.38
ORD100980,CUST1420,2024-02-28,Female,39,Pune,Books,Self-Help Book,3,130.41,0.112,UPI,2,391.23,43.82,347.41
ORD100981,CUST1392,2024-06-06,Male,52,Coimbatore,Electronics,Power Bank,4,251.11,0.197,UPI,5,1004.44,197.87,806.57
ORD100982,CUST1785,2024-11-02,Male,32,Bengaluru,Beauty,Face Wash,3,146.69,0.103,UPI,2,440.07,45.33,394.74
ORD100983,CUST1694,2024-09-07,Female,27,Bengaluru,Beauty,Moisturizer,1,88.42,0.276,Credit Card,2,88.42,24.4,64.02
ORD100984,CUST1058,2024-08-17,Female,44,Hyderabad,Sports,Football,3,170.44,0.124,UPI,4,511.32,63.4,447.92
ORD100985,CUST1498,2024-08-26,Female,18,Hyderabad,Books,Self-Help Book,2,267.04,0.126,Cash on Delivery,4,534.08,67.29,466.79
ORD100986,CUST1794,2024-04-14,Female,44,Chennai,Electronics,Smartwatch,4,55.01,0.083,Debit Card,5,220.04,18.26,201.78
ORD100987,CUST1732,2024-05-30,Male,37,Bengaluru,Home & Kitchen,Storage Box,3,246.74,0.266,UPI,1,740.22,196.9,543.32
ORD100988,CUST1500,2024-10-23,Female,47,Mumbai,Clothing,Jeans,2,238.56,0.139,Credit Card,4,477.12,66.32,410.8
ORD100989,CUST1615,2024-09-01,Male,47,Kochi,Home & Kitchen,Mixer,3,139.2,0.205,Credit Card,4,417.6,85.61,331.99
ORD100990,CUST1561,2024-07-19,Male,41,Bengaluru,Beauty,Shampoo,3,340.06,0.15,Credit Card,1,1020.18,153.03,867.15
ORD100991,CUST1231,2024-01-28,Female,43,Bengaluru,Toys,Building Blocks,3,314.73,0.282,Cash on Delivery,5,944.19,266.26,677.93
ORD100992,CUST1563,2024-09-02,Female,19,Coimbatore,Beauty,Face Wash,2,120.91,0.118,Cash on Delivery,2,241.82,28.53,213.29
ORD100993,CUST1674,2024-05-02,Female,60,Chennai,Beauty,Moisturizer,3,25.42,0.332,UPI,3,76.26,25.32,50.94
ORD100994,CUST1056,2024-05-09,Male,21,Chennai,Books,Comics,1,118.28,0.146,UPI,4,118.28,17.27,101.01
ORD100995,CUST1694,2024-08-13,Female,59,Kochi,Electronics,Earbuds,2,83.58,0.081,Cash on Delivery,3,167.16,13.54,153.62
ORD100996,CUST1249,2024-05-11,Male,59,Hyderabad,Sports,Cricket Bat,2,198.33,0.122,Debit Card,2,396.66,48.39,348.27
ORD100997,CUST1007,2024-07-10,Male,48,Hyderabad,Toys,Remote Car,3,322.78,0.072,Credit Card,2,968.34,69.72,898.62
ORD100998,CUST1754,2024-01-05,Female,50,Chennai,Clothing,Jeans,4,306.56,0.191,Net Banking,4,1226.24,234.21,992.03
ORD100999,CUST1389,2024-03-02,Female,19,Mumbai,Electronics,Earbuds,4,117.45,0.125,UPI,1,469.8,58.72,411.08
ORD101000,CUST1411,2024-06-29,Male,58,Kochi,Books,Fiction Book,2,158.58,0.316,Credit Card,3,317.16,100.22,216.94
ORD101001,CUST1623,2024-11-16,Male,40,Kochi,Clothing,Jacket,3,27.24,0.205,Credit Card,4,81.72,16.75,64.97
ORD101002,CUST1559,2024-09-11,Male,32,Pune,Sports,Football,1,197.29,0.12,Cash on Delivery,5,197.29,23.67,173.62
ORD101003,CUST1619,2024-05-19,Female,46,Pune,Clothing,Jacket,2,36.23,0.185,Cash on Delivery,5,72.46,13.41,59.05
ORD101004,CUST1943,2024-11-20,Male,41,Pune,Books,Self-Help Book,3,329.43,0.109,Credit Card,2,988.29,107.72,880.57
ORD101005,CUST1650,2024-04-02,Male,33,Pune,Toys,Remote Car,3,305.42,0.104,Cash on Delivery,1,916.26,95.29,820.97
ORD101006,CUST1046,2024-10-25,Male,31,Delhi,Home & Kitchen,Bedsheet,4,86.75,0.14,UPI,5,347.0,48.58,298.42
ORD101007,CUST1222,2024-05-15,Female,23,Bengaluru,Electronics,Smartwatch,2,249.29,0.082,Net Banking,3,498.58,40.88,457.7
ORD101008,CUST1449,2024-01-30,Male,57,Coimbatore,Home & Kitchen,Storage Box,4,205.29,0.107,UPI,3,821.16,87.86,733.3
ORD101009,CUST1472,2024-01-01,Male,46,Kochi,Beauty,Face Wash,4,283.45,0.331,Net Banking,5,1133.8,375.29,758.51
ORD101010,CUST1360,2024-11-24,Male,30,Bengaluru,Sports,Football,3,174.34,0.25,Cash on Delivery,4,523.02,130.76,392.26
ORD101011,CUST1184,2024-08-03,Male,49,Chennai,Toys,Building Blocks,1,79.24,0.326,Net Banking,3,79.24,25.83,53.41
ORD101012,CUST1106,2024-02-20,Female,47,Coimbatore,Toys,Building Blocks,2,229.35,0.127,Cash on Delivery,1,458.7,58.25,400.45
ORD101013,CUST1144,2024-11-28,Female,24,Chennai,Sports,Football,4,41.89,0.307,Credit Card,1,167.56,51.44,116.12
ORD101014,CUST1949,2024-01-14,Female,25,Coimbatore,Electronics,Earbuds,3,210.84,0.159,Debit Card,3,632.52,100.57,531.95
ORD101015,CUST1395,2024-04-22,Male,27,Kochi,Home & Kitchen,Bedsheet,4,86.26,0.093,Cash on Delivery,1,345.04,32.09,312.95
ORD101016,CUST1960,2024-09-07,Male,22,Chennai,Books,Self-Help Book,4,244.45,0.291,Net Banking,2,977.8,284.54,693.26
ORD101017,CUST1334,2024-01-18,Female,53,Coimbatore,Toys,Puzzle,1,292.39,0.068,UPI,4,292.39,19.88,272.51
ORD101018,CUST1311,2024-10-30,Female,24,Bengaluru,Beauty,Shampoo,4,51.69,0.171,Credit Card,1,206.76,35.36,171.4
ORD101019,CUST1489,2024-08-15,Female,52,Hyderabad,Clothing,Jacket,2,149.09,0.296,Credit Card,5,298.18,88.26,209.92
ORD101020,CUST1945,2024-11-14,Female,40,Delhi,Sports,Yoga Mat,4,260.73,0.235,Debit Card,3,1042.92,245.09,797.83
ORD101021,CUST1562,2024-10-07,Male,23,Pune,Electronics,Power Bank,3,69.84,0.205,UPI,5,209.52,42.95,166.57
ORD101022,CUST1035,2024-10-03,Female,54,Chennai,Beauty,Perfume,2,204.79,0.156,Debit Card,1,409.58,63.89,345.69
ORD101023,CUST1271,2024-03-17,Female,25,Chennai,Electronics,Earbuds,1,240.07,0.073,Credit Card,3,240.07,17.53,222.54
ORD101024,CUST1979,2024-03-09,Female,60,Hyderabad,Sports,Football,1,133.86,0.347,Credit Card,5,133.86,46.45,87.41
ORD101025,CUST1154,2024-03-22,Male,18,Pune,Toys,Puzzle,3,293.71,0.102,Debit Card,4,881.13,89.88,791.25
ORD101026,CUST1835,2024-02-21,Female,44,Mumbai,Home & Kitchen,Bedsheet,3,186.07,0.127,UPI,5,558.21,70.89,487.32
ORD101027,CUST1927,2024-08-10,Male,31,Hyderabad,Electronics,Smartwatch,3,225.04,0.121,Cash on Delivery,4,675.12,81.69,593.43
ORD101028,CUST1214,2024-01-20,Male,40,Bengaluru,Home & Kitchen,Storage Box,1,62.19,0.322,Credit Card,4,62.19,20.03,42.16
ORD101029,CUST1558,2024-05-23,Female,54,Kochi,Beauty,Shampoo,3,22.76,0.279,Credit Card,2,68.28,19.05,49.23
ORD101030,CUST1598,2024-07-13,Female,51,Pune,Home & Kitchen,Bedsheet,1,32.0,0.187,Credit Card,3,32.0,5.98,26.02
ORD101031,CUST1793,2024-06-29,Female,30,Kochi,Sports,Cricket Bat,1,317.81,0.337,UPI,1,317.81,107.1,210.71
ORD101032,CUST1797,2024-06-12,Female,20,Mumbai,Beauty,Shampoo,2,310.69,0.066,UPI,2,621.38,41.01,580.37
ORD101033,CUST1060,2024-03-15,Female,30,Coimbatore,Sports,Yoga Mat,3,285.54,0.318,UPI,1,856.62,272.41,584.21
ORD101034,CUST1318,2024-02-06,Female,52,Pune,Electronics,Keyboard,3,81.87,0.068,UPI,2,245.61,16.7,228.91
ORD101035,CUST1939,2024-11-27,Male,40,Delhi,Home & Kitchen,Mixer,4,191.03,0.167,Cash on Delivery,4,764.12,127.61,636.51
ORD101036,CUST1353,2024-06-04,Male,50,Mumbai,Toys,Board Game,4,281.7,0.066,Net Banking,2,1126.8,74.37,1052.43
ORD101037,CUST1245,2024-07-18,Male,39,Delhi,Home & Kitchen,Bedsheet,2,241.01,0.35,Credit Card,3,482.02,168.71,313.31
ORD101038,CUST1628,2024-07-09,Female,40,Mumbai,Home & Kitchen,Mixer,4,53.7,0.324,Net Banking,3,214.8,69.6,145.2
ORD101039,CUST1195,2024-05-03,Female,20,Pune,Sports,Football,1,315.01,0.225,Cash on Delivery,1,315.01,70.88,244.13
ORD101040,CUST1146,2024-08-30,Female,18,Mumbai,Clothing,Kurta,4,68.83,0.115,Cash on Delivery,5,275.32,31.66,243.66
ORD101041,CUST1797,2024-05-06,Male,48,Kochi,Clothing,T-Shirt,2,72.55,0.133,Debit Card,4,145.1,19.3,125.8
ORD101042,CUST1118,2024-05-18,Male,26,Kochi,Toys,Remote Car,4,316.84,0.185,Debit Card,1,1267.36,234.46,1032.9
ORD101043,CUST1890,2024-09-26,Male,33,Mumbai,Toys,Board Game,4,177.35,0.147,Net Banking,1,709.4,104.28,605.12
ORD101044,CUST1249,2024-04-16,Female,33,Mumbai,Toys,Building Blocks,3,139.92,0.056,Net Banking,1,419.76,23.51,396.25
ORD101045,CUST1106,2024-08-22,Male,45,Coimbatore,Clothing,Kurta,4,200.48,0.247,Credit Card,2,801.92,198.07,603.85
ORD101046,CUST1740,2024-08-11,Female,58,Pune,Home & Kitchen,Mixer,1,343.77,0.234,Cash on Delivery,1,343.77,80.44,263.33
ORD101047,CUST1176,2024-01-11,Male,50,Bengaluru,Books,Self-Help Book,1,55.08,0.321,Cash on Delivery,1,55.08,17.68,37.4
ORD101048,CUST1366,2024-08-17,Female,45,Coimbatore,Beauty,Moisturizer,3,268.58,0.193,Cash on Delivery,3,805.74,155.51,650.23
ORD101049,CUST1350,2024-09-25,Female,53,Pune,Electronics,Smartwatch,3,127.0,0.153,Net Banking,3,381.0,58.29,322.71
ORD101050,CUST1506,2024-03-31,Male,39,Delhi,Books,Comics,1,54.21,0.203,Debit Card,1,54.21,11.0,43.21
ORD101051,CUST1472,2024-11-02,Female,24,Coimbatore,Toys,Board Game,3,156.35,0.108,Cash on Delivery,3,469.05,50.66,418.39
ORD101052,CUST1195,2024-01-07,Female,39,Bengaluru,Clothing,Kurta,1,198.83,0.238,Net Banking,3,198.83,47.32,151.51
ORD101053,CUST1234,2024-03-01,Female,60,Coimbatore,Books,Academic Book,4,84.0,0.281,Debit Card,2,336.0,94.42,241.58
ORD101054,CUST1193,2024-11-12,Female,51,Chennai,Clothing,T-Shirt,1,150.77,0.096,Debit Card,1,150.77,14.47,136.3
ORD101055,CUST1055,2024-10-13,Female,33,Coimbatore,Books,Comics,2,227.95,0.146,Debit Card,4,455.9,66.56,389.34
ORD101056,CUST1649,2024-09-10,Male,31,Delhi,Toys,Building Blocks,4,208.11,0.31,Credit Card,1,832.44,258.06,574.38
ORD101057,CUST1470,2024-07-21,Male,57,Delhi,Electronics,Earbuds,3,257.26,0.202,Net Banking,2,771.78,155.9,615.88
ORD101058,CUST1108,2024-03-08,Female,22,Pune,Books,Fiction Book,3,295.2,0.21,Debit Card,4,885.6,185.98,699.62
ORD101059,CUST1330,2024-06-12,Female,58,Hyderabad,Sports,Dumbbells,3,152.06,0.267,Credit Card,4,456.18,121.8,334.38
ORD101060,CUST1667,2024-07-08,Male,47,Coimbatore,Toys,Puzzle,4,156.69,0.223,UPI,5,626.76,139.77,486.99
ORD101061,CUST1284,2024-01-31,Female,52,Chennai,Electronics,Earbuds,2,181.39,0.071,UPI,1,362.78,25.76,337.02
ORD101062,CUST1400,2024-07-18,Female,32,Pune,Toys,Building Blocks,4,204.73,0.291,UPI,1,818.92,238.31,580.61
ORD101063,CUST1742,2024-01-30,Female,45,Coimbatore,Books,Self-Help Book,3,51.29,0.327,Debit Card,4,153.87,50.32,103.55
ORD101064,CUST1670,2024-02-12,Female,32,Chennai,Toys,Remote Car,4,119.73,0.066,Cash on Delivery,2,478.92,31.61,447.31
ORD101065,CUST1700,2024-02-26,Female,18,Pune,Home & Kitchen,Bedsheet,3,72.58,0.086,UPI,2,217.74,18.73,199.01
ORD101066,CUST1381,2024-03-05,Female,37,Coimbatore,Electronics,Keyboard,1,144.26,0.261,Debit Card,2,144.26,37.65,106.61
ORD101067,CUST1483,2024-01-28,Male,60,Delhi,Home & Kitchen,Mixer,3,341.07,0.231,UPI,5,1023.21,236.36,786.85
ORD101068,CUST1845,2024-11-16,Female,28,Delhi,Toys,Board Game,4,210.21,0.165,Credit Card,4,840.84,138.74,702.1
ORD101069,CUST1871,2024-09-25,Male,24,Chennai,Clothing,Kurta,1,158.84,0.212,Net Banking,5,158.84,33.67,125.17
ORD101070,CUST1055,2024-06-19,Male,57,Kochi,Home & Kitchen,Storage Box,4,204.59,0.261,UPI,3,818.36,213.59,604.77
ORD101071,CUST1837,2024-05-03,Female,57,Kochi,Electronics,Power Bank,1,239.14,0.201,UPI,3,239.14,48.07,191.07
ORD101072,CUST1892,2024-03-05,Female,54,Coimbatore,Toys,Remote Car,4,160.71,0.092,Debit Card,3,642.84,59.14,583.7
ORD101073,CUST1941,2024-11-13,Male,59,Chennai,Sports,Dumbbells,4,164.98,0.077,Debit Card,1,659.92,50.81,609.11
ORD101074,CUST1268,2024-09-24,Male,60,Mumbai,Electronics,Earbuds,1,249.97,0.182,Credit Card,3,249.97,45.49,204.48
ORD101075,CUST1500,2024-09-08,Male,57,Coimbatore,Beauty,Face Wash,3,35.39,0.327,Credit Card,2,106.17,34.72,71.45
ORD101076,CUST1042,2024-06-06,Female,59,Pune,Home & Kitchen,Bedsheet,1,195.93,0.217,Net Banking,5,195.93,42.52,153.41
ORD101077,CUST1109,2024-01-10,Male,50,Kochi,Sports,Football,3,198.35,0.157,Cash on Delivery,1,595.05,93.42,501.63
ORD101078,CUST1561,2024-08-01,Male,31,Delhi,Sports,Cricket Bat,4,268.51,0.323,Cash on Delivery,1,1074.04,346.91,727.13
ORD101079,CUST1205,2024-06-12,Female,37,Pune,Toys,Board Game,1,344.19,0.167,Cash on Delivery,5,344.19,57.48,286.71
ORD101080,CUST1224,2024-04-09,Female,34,Hyderabad,Home & Kitchen,Cookware Set,1,281.58,0.203,Cash on Delivery,1,281.58,57.16,224.42
ORD101081,CUST1296,2024-04-15,Male,39,Coimbatore,Books,Academic Book,2,183.77,0.085,Debit Card,3,367.54,31.24,336.3
ORD101082,CUST1458,2024-01-20,Female,48,Delhi,Electronics,Earbuds,2,71.77,0.271,Credit Card,2,143.54,38.9,104.64
ORD101083,CUST1152,2024-10-19,Female,28,Coimbatore,Electronics,Earbuds,1,212.07,0.26,UPI,2,212.07,55.14,156.93
ORD101084,CUST1801,2024-02-25,Male,18,Bengaluru,Beauty,Perfume,2,294.49,0.288,Net Banking,3,588.98,169.63,419.35
ORD101085,CUST1667,2024-09-29,Female,43,Hyderabad,Electronics,Power Bank,2,327.36,0.148,Credit Card,4,654.72,96.9,557.82
ORD101086,CUST1790,2024-11-21,Male,60,Chennai,Beauty,Face Wash,1,291.48,0.181,Net Banking,1,291.48,52.76,238.72
ORD101087,CUST1925,2024-01-16,Male,55,Pune,Beauty,Face Wash,2,78.3,0.101,Cash on Delivery,4,156.6,15.82,140.78
ORD101088,CUST1599,2024-07-27,Male,18,Pune,Beauty,Shampoo,1,253.71,0.339,Credit Card,5,253.71,86.01,167.7
ORD101089,CUST1361,2024-01-23,Male,43,Hyderabad,Sports,Cricket Bat,4,309.85,0.076,Cash on Delivery,2,1239.4,94.19,1145.21
ORD101090,CUST1976,2024-10-05,Male,40,Mumbai,Sports,Football,4,243.14,0.245,Debit Card,4,972.56,238.28,734.28
ORD101091,CUST1565,2024-06-18,Male,36,Delhi,Books,Comics,2,244.73,0.262,UPI,5,489.46,128.24,361.22
ORD101092,CUST1463,2024-01-08,Male,46,Coimbatore,Toys,Board Game,4,182.55,0.097,Debit Card,5,730.2,70.83,659.37
ORD101093,CUST1415,2024-09-15,Male,36,Hyderabad,Books,Fiction Book,2,228.39,0.16,Credit Card,4,456.78,73.08,383.7
ORD101094,CUST1039,2024-09-13,Female,57,Mumbai,Books,Fiction Book,4,113.62,0.063,Credit Card,5,454.48,28.63,425.85
ORD101095,CUST1954,2024-11-05,Male,57,Bengaluru,Toys,Remote Car,1,44.75,0.217,Debit Card,4,44.75,9.71,35.04
ORD101096,CUST1818,2024-06-11,Female,45,Coimbatore,Home & Kitchen,Cookware Set,2,292.28,0.348,Cash on Delivery,3,584.56,203.43,381.13
ORD101097,CUST1698,2024-11-08,Male,37,Coimbatore,Books,Academic Book,3,330.95,0.179,Debit Card,1,992.85,177.72,815.13
ORD101098,CUST1221,2024-08-10,Female,43,Pune,Beauty,Moisturizer,1,302.04,0.347,Net Banking,5,302.04,104.81,197.23
ORD101099,CUST1927,2024-06-25,Male,56,Coimbatore,Electronics,Keyboard,4,126.86,0.088,Net Banking,2,507.44,44.65,462.79
ORD101100,CUST1176,2024-04-29,Male,30,Coimbatore,Books,Fiction Book,2,46.33,0.168,Cash on Delivery,4,92.66,15.57,77.09
ORD101101,CUST1241,2024-04-08,Male,55,Coimbatore,Clothing,Kurta,2,108.85,0.321,Cash on Delivery,4,217.7,69.88,147.82
ORD101102,CUST1069,2024-07-26,Male,43,Mumbai,Home & Kitchen,Mixer,2,297.35,0.313,Net Banking,2,594.7,186.14,408.56
ORD101103,CUST1287,2024-09-04,Female,20,Bengaluru,Beauty,Face Wash,4,234.7,0.147,Net Banking,4,938.8,138.0,800.8
ORD101104,CUST1327,2024-01-12,Male,50,Kochi,Beauty,Moisturizer,1,338.84,0.254,Credit Card,4,338.84,86.07,252.77
ORD101105,CUST1794,2024-05-17,Male,26,Chennai,Clothing,T-Shirt,4,129.8,0.316,Cash on Delivery,4,519.2,164.07,355.13
ORD101106,CUST1325,2024-01-16,Female,40,Mumbai,Beauty,Moisturizer,4,199.74,0.28,Net Banking,5,798.96,223.71,575.25
ORD101107,CUST1954,2024-05-12,Female,58,Pune,Clothing,Jeans,4,279.66,0.239,Credit Card,2,1118.64,267.35,851.29
ORD101108,CUST1302,2024-09-24,Female,51,Coimbatore,Home & Kitchen,Cookware Set,4,93.39,0.096,Net Banking,4,373.56,35.86,337.7
ORD101109,CUST1524,2024-08-19,Female,48,Pune,Electronics,Keyboard,4,337.97,0.072,Debit Card,1,1351.88,97.34,1254.54
ORD101110,CUST1592,2024-02-11,Female,20,Mumbai,Books,Academic Book,3,213.45,0.234,Credit Card,4,640.35,149.84,490.51
ORD101111,CUST1828,2024-08-28,Male,54,Kochi,Books,Fiction Book,2,17.65,0.2,Debit Card,1,35.3,7.06,28.24
ORD101112,CUST1750,2024-01-05,Male,32,Bengaluru,Home & Kitchen,Cookware Set,2,23.43,0.121,Cash on Delivery,2,46.86,5.67,41.19
ORD101113,CUST1866,2024-01-05,Female,20,Bengaluru,Toys,Building Blocks,4,310.54,0.138,UPI,1,1242.16,171.42,1070.74
ORD101114,CUST1936,2024-11-01,Female,59,Pune,Electronics,Keyboard,2,231.17,0.168,Debit Card,5,462.34,77.67,384.67
ORD101115,CUST1117,2024-01-11,Female,26,Hyderabad,Electronics,Smartwatch,3,270.63,0.199,Debit Card,2,811.89,161.57,650.32
ORD101116,CUST1093,2024-03-29,Female,31,Mumbai,Clothing,T-Shirt,1,277.65,0.167,Net Banking,2,277.65,46.37,231.28
ORD101117,CUST1448,2024-02-14,Female,24,Mumbai,Clothing,T-Shirt,2,155.85,0.166,Cash on Delivery,2,311.7,51.74,259.96
ORD101118,CUST1150,2024-07-14,Male,44,Hyderabad,Beauty,Perfume,2,282.53,0.085,Credit Card,4,565.06,48.03,517.03
ORD101119,CUST1493,2024-06-23,Female,55,Kochi,Books,Self-Help Book,2,329.07,0.31,Net Banking,5,658.14,204.02,454.12
ORD101120,CUST1589,2024-10-08,Female,40,Mumbai,Electronics,Keyboard,3,72.68,0.233,UPI,4,218.04,50.8,167.24
ORD101121,CUST1276,2024-11-26,Male,55,Pune,Toys,Puzzle,3,270.99,0.094,Debit Card,1,812.97,76.42,736.55
ORD101122,CUST1098,2024-09-06,Female,58,Bengaluru,Clothing,T-Shirt,2,118.11,0.177,Debit Card,3,236.22,41.81,194.41
ORD101123,CUST1963,2024-06-05,Male,55,Kochi,Beauty,Moisturizer,1,122.7,0.175,Credit Card,1,122.7,21.47,101.23
ORD101124,CUST1370,2024-01-16,Male,24,Kochi,Books,Fiction Book,3,153.27,0.23,Cash on Delivery,1,459.81,105.76,354.05
ORD101125,CUST1838,2024-11-05,Male,26,Chennai,Home & Kitchen,Mixer,1,304.35,0.233,Credit Card,1,304.35,70.91,233.44
ORD101126,CUST1623,2024-07-06,Female,30,Pune,Sports,Yoga Mat,4,22.39,0.244,Debit Card,4,89.56,21.85,67.71
ORD101127,CUST1661,2024-03-13,Female,45,Delhi,Sports,Yoga Mat,4,160.37,0.259,Debit Card,5,641.48,166.14,475.34
ORD101128,CUST1779,2024-06-30,Female,55,Bengaluru,Toys,Building Blocks,1,242.82,0.081,Cash on Delivery,2,242.82,19.67,223.15
ORD101129,CUST1264,2024-05-11,Male,31,Coimbatore,Toys,Board Game,2,51.99,0.141,UPI,5,103.98,14.66,89.32
ORD101130,CUST1217,2024-04-27,Female,46,Coimbatore,Electronics,Earbuds,1,280.4,0.055,Net Banking,2,280.4,15.42,264.98
ORD101131,CUST1995,2024-05-31,Male,26,Coimbatore,Electronics,Keyboard,2,330.54,0.186,Credit Card,2,661.08,122.96,538.12
ORD101132,CUST1667,2024-09-09,Male,41,Delhi,Sports,Dumbbells,1,45.46,0.179,Credit Card,1,45.46,8.14,37.32
ORD101133,CUST1291,2024-02-24,Male,51,Pune,Clothing,Jacket,4,66.24,0.27,UPI,1,264.96,71.54,193.42
ORD101134,CUST1645,2024-11-18,Male,34,Pune,Beauty,Shampoo,1,341.32,0.1,Net Banking,4,341.32,34.13,307.19
ORD101135,CUST1393,2024-01-21,Female,25,Coimbatore,Electronics,Power Bank,3,81.28,0.239,Net Banking,3,243.84,58.28,185.56
ORD101136,CUST1858,2024-02-19,Female,35,Delhi,Home & Kitchen,Cookware Set,3,41.44,0.142,Cash on Delivery,1,124.32,17.65,106.67
ORD101137,CUST1507,2024-08-14,Male,50,Pune,Sports,Dumbbells,1,333.98,0.165,Net Banking,3,333.98,55.11,278.87
ORD101138,CUST1313,2024-02-18,Male,58,Chennai,Home & Kitchen,Mixer,4,314.03,0.266,Net Banking,2,1256.12,334.13,921.99
ORD101139,CUST1689,2024-09-17,Male,44,Delhi,Clothing,Jeans,1,234.67,0.071,Cash on Delivery,2,234.67,16.66,218.01
ORD101140,CUST1749,2024-09-03,Male,46,Bengaluru,Toys,Puzzle,4,199.73,0.153,Credit Card,5,798.92,122.23,676.69
ORD101141,CUST1372,2024-05-24,Female,36,Mumbai,Home & Kitchen,Mixer,3,322.94,0.167,Net Banking,3,968.82,161.79,807.03
ORD101142,CUST1751,2024-06-01,Male,57,Coimbatore,Beauty,Perfume,3,234.6,0.265,Debit Card,3,703.8,186.51,517.29
ORD101143,CUST1233,2024-11-30,Male,55,Chennai,Beauty,Shampoo,4,235.56,0.11,Credit Card,4,942.24,103.65,838.59
ORD101144,CUST1238,2024-09-23,Male,59,Coimbatore,Beauty,Face Wash,2,297.63,0.334,Net Banking,5,595.26,198.82,396.44
ORD101145,CUST1825,2024-07-30,Female,55,Hyderabad,Home & Kitchen,Storage Box,2,233.84,0.349,UPI,4,467.68,163.22,304.46
ORD101146,CUST1620,2024-02-17,Female,41,Coimbatore,Home & Kitchen,Mixer,1,183.73,0.296,Debit Card,3,183.73,54.38,129.35
ORD101147,CUST1035,2024-07-16,Female,59,Coimbatore,Beauty,Moisturizer,4,145.56,0.14,UPI,2,582.24,81.51,500.73
ORD101148,CUST1674,2024-01-14,Female,44,Chennai,Beauty,Perfume,2,183.55,0.249,Credit Card,1,367.1,91.41,275.69
ORD101149,CUST1305,2024-03-25,Male,43,Bengaluru,Sports,Football,4,190.03,0.075,Cash on Delivery,1,760.12,57.01,703.11
ORD101150,CUST1274,2024-08-21,Male,46,Coimbatore,Electronics,Earbuds,2,135.88,0.311,Cash on Delivery,4,271.76,84.52,187.24
ORD101151,CUST1423,2024-05-16,Male,25,Hyderabad,Clothing,Jacket,4,165.12,0.205,Net Banking,4,660.48,135.4,525.08
ORD101152,CUST1451,2024-11-29,Female,54,Mumbai,Electronics,Earbuds,4,283.63,0.103,Credit Card,2,1134.52,116.86,1017.66
ORD101153,CUST1890,2024-11-10,Male,33,Chennai,Clothing,Jeans,2,154.53,0.148,Net Banking,5,309.06,45.74,263.32
ORD101154,CUST1435,2024-02-01,Male,46,Pune,Books,Self-Help Book,2,23.56,0.29,Credit Card,5,47.12,13.66,33.46
ORD101155,CUST1296,2024-10-22,Male,54,Chennai,Sports,Dumbbells,4,109.81,0.311,Net Banking,4,439.24,136.6,302.64
ORD101156,CUST1772,2024-10-16,Male,22,Hyderabad,Clothing,Kurta,1,92.63,0.206,Debit Card,2,92.63,19.08,73.55
ORD101157,CUST1542,2024-02-05,Male,30,Mumbai,Clothing,Jeans,1,280.85,0.194,UPI,3,280.85,54.48,226.37
ORD101158,CUST1000,2024-05-09,Male,58,Coimbatore,Clothing,Jacket,2,165.51,0.275,Net Banking,5,331.02,91.03,239.99
ORD101159,CUST1631,2024-11-13,Female,33,Mumbai,Sports,Football,3,108.9,0.298,UPI,3,326.7,97.36,229.34
ORD101160,CUST1500,2024-01-06,Male,46,Kochi,Beauty,Shampoo,1,286.59,0.279,Debit Card,3,286.59,79.96,206.63
ORD101161,CUST1574,2024-01-20,Male,42,Delhi,Clothing,Jacket,2,21.44,0.165,Credit Card,3,42.88,7.08,35.8
ORD101162,CUST1184,2024-06-19,Male,55,Hyderabad,Toys,Board Game,4,73.37,0.243,Credit Card,5,293.48,71.32,222.16
ORD101163,CUST1477,2024-11-15,Male,39,Bengaluru,Beauty,Perfume,1,292.03,0.307,UPI,3,292.03,89.65,202.38
ORD101164,CUST1646,2024-04-03,Female,36,Coimbatore,Books,Comics,1,199.47,0.096,UPI,1,199.47,19.15,180.32
ORD101165,CUST1676,2024-09-15,Male,18,Mumbai,Clothing,T-Shirt,2,274.17,0.166,UPI,3,548.34,91.02,457.32
ORD101166,CUST1679,2024-08-20,Male,38,Delhi,Electronics,Smartwatch,1,295.79,0.067,UPI,4,295.79,19.82,275.97
ORD101167,CUST1996,2024-02-18,Female,43,Hyderabad,Beauty,Moisturizer,1,330.56,0.173,Debit Card,5,330.56,57.19,273.37
ORD101168,CUST1500,2024-04-06,Female,47,Hyderabad,Sports,Football,1,36.25,0.282,Credit Card,1,36.25,10.22,26.03
ORD101169,CUST1429,2024-07-28,Female,51,Delhi,Beauty,Shampoo,1,282.74,0.109,Debit Card,5,282.74,30.82,251.92
ORD101170,CUST1541,2024-06-10,Male,51,Hyderabad,Clothing,Jacket,4,252.44,0.213,Net Banking,5,1009.76,215.08,794.68
ORD101171,CUST1328,2024-03-20,Female,37,Kochi,Home & Kitchen,Storage Box,1,84.35,0.061,Net Banking,4,84.35,5.15,79.2
ORD101172,CUST1314,2024-03-08,Female,21,Pune,Beauty,Moisturizer,3,327.12,0.319,Credit Card,2,981.36,313.05,668.31
ORD101173,CUST1689,2024-07-05,Female,28,Coimbatore,Books,Self-Help Book,3,150.41,0.296,Net Banking,2,451.23,133.56,317.67
ORD101174,CUST1313,2024-10-04,Female,35,Hyderabad,Beauty,Perfume,3,312.35,0.207,Credit Card,3,937.05,193.97,743.08
ORD101175,CUST1748,2024-05-18,Female,60,Chennai,Sports,Yoga Mat,3,217.71,0.262,Credit Card,1,653.13,171.12,482.01
ORD101176,CUST1744,2024-11-06,Male,51,Chennai,Beauty,Face Wash,2,191.46,0.081,Debit Card,4,382.92,31.02,351.9
ORD101177,CUST1952,2024-08-11,Male,56,Coimbatore,Sports,Dumbbells,4,68.44,0.304,Debit Card,4,273.76,83.22,190.54
ORD101178,CUST1131,2024-05-15,Female,60,Coimbatore,Home & Kitchen,Cookware Set,1,321.3,0.265,Credit Card,3,321.3,85.14,236.16
ORD101179,CUST1362,2024-08-24,Male,23,Pune,Books,Academic Book,1,201.48,0.086,Cash on Delivery,4,201.48,17.33,184.15
ORD101180,CUST1770,2024-05-30,Female,18,Delhi,Books,Comics,4,17.04,0.344,Cash on Delivery,4,68.16,23.45,44.71
ORD101181,CUST1428,2024-09-10,Female,42,Bengaluru,Beauty,Moisturizer,1,21.13,0.057,Debit Card,5,21.13,1.2,19.93
ORD101182,CUST1654,2024-11-25,Male,29,Coimbatore,Clothing,Jeans,1,275.51,0.239,Cash on Delivery,4,275.51,65.85,209.66
ORD101183,CUST1734,2024-09-20,Female,55,Delhi,Clothing,Jeans,1,69.25,0.102,Debit Card,2,69.25,7.06,62.19
ORD101184,CUST1883,2024-02-17,Female,37,Delhi,Books,Fiction Book,1,215.58,0.266,Credit Card,1,215.58,57.34,158.24
ORD101185,CUST1225,2024-01-24,Male,18,Chennai,Books,Fiction Book,1,243.16,0.071,Net Banking,5,243.16,17.26,225.9
ORD101186,CUST1259,2024-09-27,Female,27,Delhi,Beauty,Face Wash,3,108.59,0.074,Cash on Delivery,4,325.77,24.11,301.66
ORD101187,CUST1470,2024-10-10,Male,32,Pune,Home & Kitchen,Storage Box,3,205.72,0.19,Debit Card,5,617.16,117.26,499.9
ORD101188,CUST1505,2024-07-09,Male,19,Coimbatore,Electronics,Keyboard,1,95.49,0.348,Cash on Delivery,3,95.49,33.23,62.26
ORD101189,CUST1904,2024-03-23,Male,31,Bengaluru,Clothing,T-Shirt,4,332.02,0.133,UPI,1,1328.08,176.63,1151.45
ORD101190,CUST1038,2024-10-22,Female,41,Chennai,Toys,Board Game,1,303.16,0.234,Debit Card,3,303.16,70.94,232.22
ORD101191,CUST1245,2024-05-30,Male,56,Coimbatore,Sports,Football,3,111.49,0.206,UPI,4,334.47,68.9,265.57
ORD101192,CUST1911,2024-04-07,Male,45,Hyderabad,Home & Kitchen,Cookware Set,4,192.15,0.303,UPI,2,768.6,232.89,535.71
ORD101193,CUST1614,2024-05-02,Male,22,Mumbai,Electronics,Power Bank,3,182.71,0.137,Cash on Delivery,3,548.13,75.09,473.04
ORD101194,CUST1674,2024-04-09,Female,35,Pune,Electronics,Earbuds,2,336.61,0.216,UPI,3,673.22,145.42,527.8
ORD101195,CUST1249,2024-04-04,Female,51,Mumbai,Electronics,Keyboard,1,147.0,0.335,Net Banking,2,147.0,49.24,97.76
ORD101196,CUST1622,2024-04-19,Female,33,Kochi,Books,Self-Help Book,1,203.35,0.15,Debit Card,5,203.35,30.5,172.85
ORD101197,CUST1369,2024-08-13,Female,42,Coimbatore,Books,Academic Book,4,326.12,0.182,UPI,3,1304.48,237.42,1067.06
ORD101198,CUST1731,2024-01-06,Female,60,Mumbai,Toys,Board Game,2,69.54,0.317,Credit Card,5,139.08,44.09,94.99
ORD101199,CUST1090,2024-05-01,Male,23,Bengaluru,Books,Comics,1,199.41,0.15,UPI,1,199.41,29.91,169.5
ORD101200,CUST1284,2024-02-26,Female,38,Kochi,Beauty,Moisturizer,3,50.4,0.164,Credit Card,5,151.2,24.8,126.4
ORD101201,CUST1643,2024-08-05,Male,44,Pune,Sports,Football,3,221.86,0.141,UPI,4,665.58,93.85,571.73
ORD101202,CUST1603,2024-11-29,Female,52,Coimbatore,Sports,Dumbbells,1,137.5,0.293,UPI,4,137.5,40.29,97.21
ORD101203,CUST1839,2024-09-20,Female,53,Mumbai,Beauty,Shampoo,1,339.16,0.329,Debit Card,2,339.16,111.58,227.58
ORD101204,CUST1800,2024-03-24,Male,30,Mumbai,Toys,Board Game,1,154.16,0.239,Credit Card,1,154.16,36.84,117.32
ORD101205,CUST1014,2024-06-20,Female,38,Bengaluru,Clothing,Jeans,1,60.62,0.237,Credit Card,2,60.62,14.37,46.25
ORD101206,CUST1090,2024-01-07,Male,53,Mumbai,Clothing,Jeans,3,294.39,0.167,Credit Card,3,883.17,147.49,735.68
ORD101207,CUST1353,2024-05-18,Female,54,Delhi,Toys,Remote Car,1,289.99,0.054,Net Banking,2,289.99,15.66,274.33
ORD101208,CUST1957,2024-04-03,Female,53,Bengaluru,Sports,Dumbbells,3,247.78,0.102,Net Banking,1,743.34,75.82,667.52
ORD101209,CUST1476,2024-06-17,Male,46,Pune,Books,Comics,1,265.85,0.094,UPI,1,265.85,24.99,240.86
ORD101210,CUST1890,2024-05-16,Male,29,Delhi,Home & Kitchen,Mixer,4,103.68,0.085,Cash on Delivery,4,414.72,35.25,379.47
ORD101211,CUST1059,2024-08-16,Male,33,Coimbatore,Beauty,Shampoo,3,230.09,0.246,UPI,4,690.27,169.81,520.46
ORD101212,CUST1962,2024-07-02,Female,46,Chennai,Beauty,Shampoo,2,27.74,0.091,Cash on Delivery,1,55.48,5.05,50.43
ORD101213,CUST1061,2024-11-10,Female,28,Bengaluru,Sports,Yoga Mat,2,80.96,0.076,Cash on Delivery,4,161.92,12.31,149.61
ORD101214,CUST1807,2024-01-23,Male,47,Mumbai,Home & Kitchen,Storage Box,1,327.31,0.165,UPI,5,327.31,54.01,273.3
ORD101215,CUST1876,2024-11-12,Female,40,Kochi,Books,Self-Help Book,1,262.64,0.125,Debit Card,5,262.64,32.83,229.81
ORD101216,CUST1294,2024-09-21,Male,37,Bengaluru,Sports,Dumbbells,3,92.28,0.094,Credit Card,1,276.84,26.02,250.82
ORD101217,CUST1300,2024-08-26,Male,33,Kochi,Home & Kitchen,Mixer,1,52.31,0.094,Debit Card,3,52.31,4.92,47.39
ORD101218,CUST1580,2024-10-03,Male,51,Kochi,Sports,Dumbbells,3,332.89,0.127,Debit Card,1,998.67,126.83,871.84
ORD101219,CUST1721,2024-01-17,Male,38,Chennai,Toys,Building Blocks,2,52.58,0.211,Credit Card,1,105.16,22.19,82.97
ORD101220,CUST1120,2024-03-12,Female,31,Hyderabad,Clothing,Kurta,1,101.12,0.277,Debit Card,5,101.12,28.01,73.11
ORD101221,CUST1236,2024-01-01,Male,34,Hyderabad,Clothing,Jacket,3,76.18,0.306,Debit Card,5,228.54,69.93,158.61
ORD101222,CUST1753,2024-09-24,Male,38,Mumbai,Books,Comics,3,17.5,0.275,Net Banking,2,52.5,14.44,38.06
ORD101223,CUST1806,2024-04-28,Female,44,Kochi,Electronics,Smartwatch,3,120.24,0.238,Net Banking,3,360.72,85.85,274.87
ORD101224,CUST1153,2024-05-01,Male,60,Mumbai,Toys,Puzzle,1,341.35,0.322,Credit Card,1,341.35,109.91,231.44
ORD101225,CUST1888,2024-07-23,Female,32,Pune,Books,Fiction Book,3,129.54,0.206,Credit Card,5,388.62,80.06,308.56
ORD101226,CUST1865,2024-05-21,Female,25,Bengaluru,Electronics,Power Bank,4,183.94,0.24,Credit Card,3,735.76,176.58,559.18
ORD101227,CUST1867,2024-08-01,Male,60,Delhi,Sports,Football,2,264.89,0.173,Cash on Delivery,2,529.78,91.65,438.13
ORD101228,CUST1240,2024-11-09,Female,24,Hyderabad,Sports,Dumbbells,4,199.61,0.148,Debit Card,5,798.44,118.17,680.27
ORD101229,CUST1668,2024-04-21,Male,56,Kochi,Electronics,Earbuds,3,264.1,0.15,Debit Card,1,792.3,118.84,673.46
ORD101230,CUST1160,2024-10-25,Female,24,Coimbatore,Clothing,T-Shirt,2,236.65,0.094,UPI,2,473.3,44.49,428.81
ORD101231,CUST1196,2024-06-27,Male,33,Bengaluru,Books,Comics,4,218.87,0.289,UPI,4,875.48,253.01,622.47
ORD101232,CUST1070,2024-05-05,Male,60,Delhi,Toys,Building Blocks,4,232.63,0.067,Credit Card,3,930.52,62.34,868.18
ORD101233,CUST1492,2024-11-03,Male,25,Hyderabad,Books,Academic Book,1,282.72,0.252,UPI,4,282.72,71.25,211.47
ORD101234,CUST1710,2024-06-12,Male,24,Mumbai,Toys,Puzzle,4,252.91,0.309,UPI,2,1011.64,312.6,699.04
ORD101235,CUST1198,2024-02-12,Female,44,Mumbai,Books,Comics,1,280.24,0.199,UPI,4,280.24,55.77,224.47
ORD101236,CUST1186,2024-04-05,Female,26,Coimbatore,Clothing,Kurta,1,63.78,0.071,Credit Card,3,63.78,4.53,59.25
ORD101237,CUST1276,2024-10-10,Female,19,Hyderabad,Books,Comics,1,242.02,0.179,UPI,1,242.02,43.32,198.7
ORD101238,CUST1197,2024-06-21,Male,47,Chennai,Home & Kitchen,Storage Box,2,261.9,0.153,Net Banking,2,523.8,80.14,443.66
ORD101239,CUST1832,2024-07-06,Female,59,Bengaluru,Books,Academic Book,4,115.49,0.346,UPI,2,461.96,159.84,302.12
ORD101240,CUST1169,2024-08-16,Male,50,Coimbatore,Clothing,Jacket,3,307.98,0.257,Net Banking,3,923.94,237.45,686.49
ORD101241,CUST1278,2024-03-06,Male,59,Hyderabad,Electronics,Power Bank,3,117.08,0.266,Credit Card,3,351.24,93.43,257.81
ORD101242,CUST1305,2024-02-01,Female,40,Chennai,Home & Kitchen,Cookware Set,1,96.68,0.205,Debit Card,3,96.68,19.82,76.86
ORD101243,CUST1202,2024-05-27,Female,44,Mumbai,Home & Kitchen,Bedsheet,3,305.48,0.263,Credit Card,1,916.44,241.02,675.42
ORD101244,CUST1940,2024-11-04,Male,60,Coimbatore,Clothing,Jeans,2,97.75,0.267,UPI,5,195.5,52.2,143.3
ORD101245,CUST1209,2024-02-12,Male,39,Coimbatore,Home & Kitchen,Cookware Set,2,154.19,0.07,Net Banking,4,308.38,21.59,286.79
ORD101246,CUST1486,2024-08-28,Female,19,Kochi,Books,Academic Book,2,138.25,0.117,Debit Card,4,276.5,32.35,244.15
ORD101247,CUST1565,2024-11-24,Female,28,Pune,Toys,Board Game,1,315.85,0.054,Cash on Delivery,2,315.85,17.06,298.79
ORD101248,CUST1260,2024-02-02,Male,44,Coimbatore,Books,Fiction Book,4,167.5,0.203,Debit Card,4,670.0,136.01,533.99
ORD101249,CUST1470,2024-02-14,Female,54,Coimbatore,Electronics,Earbuds,3,247.59,0.313,Debit Card,2,742.77,232.49,510.28
ORD101250,CUST1170,2024-10-18,Male,44,Chennai,Electronics,Power Bank,2,281.0,0.233,Debit Card,3,562.0,130.95,431.05
ORD101251,CUST1482,2024-02-06,Male,35,Mumbai,Clothing,Kurta,1,225.35,0.2,Cash on Delivery,2,225.35,45.07,180.28
ORD101252,CUST1018,2024-09-06,Male,31,Delhi,Clothing,T-Shirt,4,331.14,0.328,Cash on Delivery,2,1324.56,434.46,890.1
ORD101253,CUST1438,2024-09-24,Female,47,Mumbai,Clothing,Kurta,2,283.84,0.102,Credit Card,4,567.68,57.9,509.78
ORD101254,CUST1364,2024-04-14,Female,56,Coimbatore,Toys,Board Game,2,149.07,0.072,Net Banking,2,298.14,21.47,276.67
ORD101255,CUST1350,2024-04-07,Male,29,Kochi,Clothing,Kurta,3,333.52,0.325,Cash on Delivery,4,1000.56,325.18,675.38
ORD101256,CUST1109,2024-06-23,Female,41,Delhi,Beauty,Face Wash,1,190.73,0.321,UPI,3,190.73,61.22,129.51
ORD101257,CUST1997,2024-06-18,Male,36,Chennai,Beauty,Shampoo,3,22.56,0.255,Credit Card,5,67.68,17.26,50.42
ORD101258,CUST1026,2024-10-15,Female,28,Hyderabad,Beauty,Perfume,4,102.1,0.124,Debit Card,1,408.4,50.64,357.76
ORD101259,CUST1145,2024-07-17,Male,35,Bengaluru,Sports,Dumbbells,2,223.28,0.341,Debit Card,5,446.56,152.28,294.28
ORD101260,CUST1102,2024-11-20,Male,21,Mumbai,Electronics,Keyboard,1,67.53,0.28,Net Banking,1,67.53,18.91,48.62
ORD101261,CUST1976,2024-03-21,Male,40,Bengaluru,Clothing,T-Shirt,1,210.66,0.252,Net Banking,3,210.66,53.09,157.57
ORD101262,CUST1318,2024-04-04,Female,22,Chennai,Home & Kitchen,Cookware Set,1,136.14,0.117,Net Banking,2,136.14,15.93,120.21
ORD101263,CUST1430,2024-03-21,Male,38,Bengaluru,Home & Kitchen,Storage Box,3,194.02,0.204,Debit Card,4,582.06,118.74,463.32
ORD101264,CUST1750,2024-08-05,Female,56,Mumbai,Electronics,Earbuds,2,15.63,0.297,Net Banking,1,31.26,9.28,21.98
ORD101265,CUST1050,2024-01-12,Male,24,Bengaluru,Toys,Building Blocks,1,299.22,0.308,Credit Card,2,299.22,92.16,207.06
ORD101266,CUST1066,2024-10-15,Female,28,Chennai,Beauty,Face Wash,3,136.25,0.218,UPI,2,408.75,89.11,319.64
ORD101267,CUST1182,2024-09-15,Female,49,Hyderabad,Books,Comics,1,61.95,0.207,Cash on Delivery,5,61.95,12.82,49.13
ORD101268,CUST1677,2024-11-27,Female,57,Pune,Electronics,Keyboard,2,161.7,0.259,Debit Card,3,323.4,83.76,239.64
ORD101269,CUST1977,2024-11-17,Male,59,Pune,Sports,Football,4,177.87,0.208,UPI,1,711.48,147.99,563.49
ORD101270,CUST1619,2024-01-24,Female,23,Mumbai,Sports,Dumbbells,1,228.53,0.175,UPI,4,228.53,39.99,188.54
ORD101271,CUST1871,2024-09-07,Male,28,Pune,Electronics,Smartwatch,1,190.73,0.076,Net Banking,2,190.73,14.5,176.23
ORD101272,CUST1881,2024-06-17,Female,60,Bengaluru,Home & Kitchen,Storage Box,2,29.58,0.088,Debit Card,2,59.16,5.21,53.95
ORD101273,CUST1276,2024-09-03,Female,39,Pune,Home & Kitchen,Cookware Set,3,306.96,0.278,Debit Card,3,920.88,256.0,664.88
ORD101274,CUST1183,2024-10-19,Male,53,Chennai,Toys,Puzzle,1,167.93,0.057,Credit Card,4,167.93,9.57,158.36
ORD101275,CUST1159,2024-07-14,Male,18,Bengaluru,Clothing,T-Shirt,4,40.79,0.066,Cash on Delivery,5,163.16,10.77,152.39
ORD101276,CUST1793,2024-01-02,Female,22,Kochi,Home & Kitchen,Mixer,1,273.9,0.321,Cash on Delivery,1,273.9,87.92,185.98
ORD101277,CUST1668,2024-10-16,Male,26,Mumbai,Books,Comics,4,236.15,0.261,Debit Card,5,944.6,246.54,698.06
ORD101278,CUST1864,2024-05-26,Male,21,Delhi,Clothing,Jacket,3,232.56,0.051,Net Banking,5,697.68,35.58,662.1
ORD101279,CUST1506,2024-06-02,Female,56,Mumbai,Electronics,Smartwatch,1,158.02,0.144,UPI,2,158.02,22.75,135.27
ORD101280,CUST1975,2024-07-14,Female,52,Pune,Toys,Remote Car,1,152.52,0.279,Net Banking,3,152.52,42.55,109.97
ORD101281,CUST1893,2024-11-01,Male,34,Pune,Home & Kitchen,Bedsheet,1,194.67,0.175,Debit Card,2,194.67,34.07,160.6
ORD101282,CUST1807,2024-06-25,Male,21,Coimbatore,Home & Kitchen,Storage Box,2,31.95,0.191,Cash on Delivery,3,63.9,12.2,51.7
ORD101283,CUST1802,2024-03-10,Female,22,Bengaluru,Home & Kitchen,Storage Box,2,115.15,0.188,Net Banking,4,230.3,43.3,187.0
ORD101284,CUST1123,2024-09-02,Male,29,Pune,Toys,Remote Car,3,345.94,0.111,Credit Card,4,1037.82,115.2,922.62
ORD101285,CUST1744,2024-07-31,Male,49,Coimbatore,Electronics,Earbuds,2,236.83,0.266,Debit Card,3,473.66,125.99,347.67
ORD101286,CUST1946,2024-01-22,Male,52,Mumbai,Electronics,Power Bank,3,155.34,0.081,UPI,3,466.02,37.75,428.27
ORD101287,CUST1291,2024-06-27,Male,41,Mumbai,Home & Kitchen,Storage Box,2,89.49,0.202,Debit Card,3,178.98,36.15,142.83
ORD101288,CUST1814,2024-09-20,Female,57,Pune,Home & Kitchen,Storage Box,2,264.65,0.101,Credit Card,3,529.3,53.46,475.84
ORD101289,CUST1349,2024-10-23,Male,57,Delhi,Sports,Football,2,102.2,0.064,Debit Card,1,204.4,13.08,191.32
ORD101290,CUST1212,2024-04-04,Male,51,Hyderabad,Sports,Cricket Bat,2,69.39,0.093,Credit Card,2,138.78,12.91,125.87
ORD101291,CUST1729,2024-06-24,Female,21,Kochi,Sports,Cricket Bat,4,66.76,0.311,UPI,4,267.04,83.05,183.99
ORD101292,CUST1165,2024-10-03,Female,56,Delhi,Toys,Building Blocks,1,259.3,0.103,Net Banking,5,259.3,26.71,232.59
ORD101293,CUST1480,2024-07-14,Female,57,Delhi,Sports,Yoga Mat,2,230.34,0.134,Debit Card,5,460.68,61.73,398.95
ORD101294,CUST1935,2024-05-20,Female,42,Bengaluru,Home & Kitchen,Mixer,4,38.39,0.091,Cash on Delivery,5,153.56,13.97,139.59
ORD101295,CUST1156,2024-03-02,Female,43,Pune,Home & Kitchen,Cookware Set,3,53.54,0.271,UPI,4,160.62,43.53,117.09
ORD101296,CUST1155,2024-01-15,Male,51,Kochi,Home & Kitchen,Storage Box,1,227.34,0.184,Credit Card,3,227.34,41.83,185.51
ORD101297,CUST1941,2024-08-19,Male,43,Pune,Clothing,Kurta,4,206.32,0.333,Credit Card,4,825.28,274.82,550.46
ORD101298,CUST1776,2024-11-18,Female,32,Delhi,Books,Comics,1,244.81,0.249,Debit Card,5,244.81,60.96,183.85
ORD101299,CUST1461,2024-07-20,Male,47,Pune,Beauty,Face Wash,1,74.64,0.209,UPI,2,74.64,15.6,59.04
ORD101300,CUST1404,2024-09-18,Female,51,Bengaluru,Home & Kitchen,Mixer,2,258.41,0.247,Credit Card,1,516.82,127.65,389.17
ORD101301,CUST1963,2024-08-14,Male,24,Chennai,Books,Fiction Book,3,328.59,0.062,Cash on Delivery,2,985.77,61.12,924.65
ORD101302,CUST1723,2024-04-26,Female,47,Pune,Sports,Football,1,216.35,0.335,UPI,3,216.35,72.48,143.87
ORD101303,CUST1907,2024-06-24,Male,25,Bengaluru,Beauty,Perfume,4,80.7,0.337,Net Banking,4,322.8,108.78,214.02
ORD101304,CUST1091,2024-03-31,Male,42,Chennai,Books,Comics,1,242.65,0.133,UPI,3,242.65,32.27,210.38
ORD101305,CUST1529,2024-03-15,Male,22,Coimbatore,Beauty,Face Wash,4,129.93,0.238,UPI,5,519.72,123.69,396.03
ORD101306,CUST1724,2024-07-16,Female,60,Mumbai,Electronics,Smartwatch,1,31.51,0.111,Credit Card,2,31.51,3.5,28.01
ORD101307,CUST1035,2024-08-04,Female,46,Coimbatore,Toys,Board Game,2,116.28,0.214,Credit Card,3,232.56,49.77,182.79
ORD101308,CUST1511,2024-11-26,Male,38,Coimbatore,Toys,Board Game,3,318.37,0.281,Cash on Delivery,5,955.11,268.39,686.72
ORD101309,CUST1055,2024-03-20,Female,39,Chennai,Clothing,Jeans,2,152.73,0.332,UPI,1,305.46,101.41,204.05
ORD101310,CUST1899,2024-04-07,Female,44,Coimbatore,Electronics,Earbuds,3,304.66,0.152,Debit Card,5,913.98,138.92,775.06
ORD101311,CUST1680,2024-02-25,Male,23,Hyderabad,Home & Kitchen,Storage Box,3,185.4,0.258,Net Banking,1,556.2,143.5,412.7
ORD101312,CUST1188,2024-11-13,Female,39,Pune,Electronics,Keyboard,3,188.19,0.265,Cash on Delivery,5,564.57,149.61,414.96
ORD101313,CUST1520,2024-09-18,Male,48,Chennai,Toys,Puzzle,2,16.75,0.116,UPI,2,33.5,3.89,29.61
ORD101314,CUST1109,2024-04-20,Male,29,Mumbai,Clothing,Kurta,4,228.43,0.239,Net Banking,4,913.72,218.38,695.34
ORD101315,CUST1803,2024-11-20,Male,38,Pune,Clothing,Kurta,3,51.12,0.247,Net Banking,4,153.36,37.88,115.48
ORD101316,CUST1196,2024-08-23,Male,32,Mumbai,Toys,Board Game,2,175.38,0.279,Net Banking,2,350.76,97.86,252.9
ORD101317,CUST1606,2024-06-08,Female,24,Delhi,Sports,Cricket Bat,3,102.21,0.35,Net Banking,3,306.63,107.32,199.31
ORD101318,CUST1078,2024-05-07,Female,60,Chennai,Clothing,Kurta,4,146.45,0.062,Net Banking,4,585.8,36.32,549.48
ORD101319,CUST1157,2024-07-09,Male,43,Chennai,Beauty,Perfume,4,194.92,0.111,Debit Card,5,779.68,86.54,693.14
ORD101320,CUST1979,2024-01-29,Male,34,Delhi,Beauty,Moisturizer,3,19.85,0.094,Net Banking,1,59.55,5.6,53.95
ORD101321,CUST1385,2024-02-27,Female,32,Mumbai,Sports,Football,4,110.34,0.096,UPI,3,441.36,42.37,398.99
ORD101322,CUST1122,2024-11-09,Male,47,Delhi,Sports,Dumbbells,4,346.52,0.186,Net Banking,5,1386.08,257.81,1128.27
ORD101323,CUST1699,2024-03-10,Male,22,Hyderabad,Clothing,Kurta,2,34.23,0.314,Credit Card,3,68.46,21.5,46.96
ORD101324,CUST1200,2024-02-24,Male,42,Chennai,Beauty,Shampoo,3,122.0,0.185,Net Banking,1,366.0,67.71,298.29
ORD101325,CUST1588,2024-10-15,Male,27,Pune,Home & Kitchen,Cookware Set,1,122.68,0.251,UPI,1,122.68,30.79,91.89
ORD101326,CUST1808,2024-11-12,Female,56,Bengaluru,Electronics,Keyboard,2,142.09,0.163,UPI,5,284.18,46.32,237.86
ORD101327,CUST1682,2024-10-01,Female,51,Coimbatore,Home & Kitchen,Mixer,4,244.4,0.146,Debit Card,3,977.6,142.73,834.87
ORD101328,CUST1246,2024-02-04,Male,50,Chennai,Sports,Cricket Bat,2,97.99,0.3,Credit Card,4,195.98,58.79,137.19
ORD101329,CUST1236,2024-10-08,Female,24,Kochi,Books,Comics,4,169.19,0.247,Net Banking,5,676.76,167.16,509.6
ORD101330,CUST1222,2024-03-30,Male,21,Hyderabad,Books,Fiction Book,2,231.03,0.155,Debit Card,1,462.06,71.62,390.44
ORD101331,CUST1631,2024-01-04,Male,37,Kochi,Beauty,Perfume,1,122.98,0.324,Credit Card,3,122.98,39.85,83.13
ORD101332,CUST1671,2024-11-04,Female,33,Chennai,Sports,Football,1,332.84,0.2,Net Banking,1,332.84,66.57,266.27
ORD101333,CUST1520,2024-03-30,Female,49,Mumbai,Sports,Yoga Mat,3,343.19,0.106,Credit Card,5,1029.57,109.13,920.44
ORD101334,CUST1398,2024-08-08,Female,48,Mumbai,Electronics,Earbuds,2,55.09,0.195,Net Banking,3,110.18,21.49,88.69
ORD101335,CUST1062,2024-01-25,Female,35,Bengaluru,Electronics,Earbuds,3,130.18,0.252,Net Banking,5,390.54,98.42,292.12
ORD101336,CUST1834,2024-03-04,Female,24,Mumbai,Electronics,Keyboard,1,84.67,0.16,Debit Card,2,84.67,13.55,71.12
ORD101337,CUST1659,2024-10-22,Female,31,Bengaluru,Books,Self-Help Book,2,77.57,0.303,Debit Card,1,155.14,47.01,108.13
ORD101338,CUST1637,2024-07-17,Female,39,Mumbai,Toys,Board Game,1,179.48,0.21,Net Banking,5,179.48,37.69,141.79
ORD101339,CUST1103,2024-11-30,Male,28,Hyderabad,Electronics,Earbuds,2,203.88,0.19,Net Banking,4,407.76,77.47,330.29
ORD101340,CUST1287,2024-03-01,Male,31,Bengaluru,Home & Kitchen,Bedsheet,4,157.59,0.308,Debit Card,1,630.36,194.15,436.21
ORD101341,CUST1303,2024-10-25,Female,28,Coimbatore,Clothing,Kurta,1,106.31,0.189,Credit Card,4,106.31,20.09,86.22
ORD101342,CUST1597,2024-10-19,Male,20,Delhi,Beauty,Face Wash,3,108.34,0.174,Debit Card,3,325.02,56.55,268.47
ORD101343,CUST1786,2024-11-05,Female,43,Coimbatore,Sports,Football,1,347.36,0.081,UPI,1,347.36,28.14,319.22
ORD101344,CUST1865,2024-01-17,Male,60,Coimbatore,Sports,Dumbbells,3,324.43,0.159,Credit Card,2,973.29,154.75,818.54
ORD101345,CUST1521,2024-02-05,Male,58,Hyderabad,Electronics,Smartwatch,4,40.43,0.169,Credit Card,4,161.72,27.33,134.39
ORD101346,CUST1364,2024-06-26,Male,57,Hyderabad,Toys,Building Blocks,2,234.94,0.104,Cash on Delivery,1,469.88,48.87,421.01
ORD101347,CUST1407,2024-02-08,Male,46,Kochi,Home & Kitchen,Bedsheet,1,168.05,0.226,Net Banking,2,168.05,37.98,130.07
ORD101348,CUST1735,2024-01-22,Male,50,Hyderabad,Home & Kitchen,Storage Box,3,245.75,0.093,Credit Card,2,737.25,68.56,668.69
ORD101349,CUST1317,2024-09-28,Male,20,Chennai,Home & Kitchen,Cookware Set,2,214.98,0.117,Credit Card,4,429.96,50.31,379.65
ORD101350,CUST1415,2024-08-20,Female,26,Delhi,Clothing,Kurta,4,312.9,0.218,Credit Card,5,1251.6,272.85,978.75
ORD101351,CUST1785,2024-10-09,Male,48,Kochi,Beauty,Shampoo,4,37.44,0.131,Credit Card,4,149.76,19.62,130.14
ORD101352,CUST1542,2024-11-09,Male,60,Bengaluru,Beauty,Face Wash,3,132.12,0.242,Cash on Delivery,4,396.36,95.92,300.44
ORD101353,CUST1467,2024-02-17,Female,57,Pune,Books,Self-Help Book,3,345.14,0.257,Net Banking,1,1035.42,266.1,769.32
ORD101354,CUST1732,2024-10-05,Male,45,Hyderabad,Home & Kitchen,Cookware Set,3,76.07,0.14,Credit Card,5,228.21,31.95,196.26
ORD101355,CUST1288,2024-01-15,Female,22,Mumbai,Electronics,Power Bank,3,57.66,0.076,Net Banking,1,172.98,13.15,159.83
ORD101356,CUST1060,2024-05-04,Female,59,Mumbai,Clothing,T-Shirt,2,259.21,0.197,Net Banking,3,518.42,102.13,416.29
ORD101357,CUST1787,2024-04-09,Female,31,Bengaluru,Sports,Dumbbells,4,275.44,0.078,Credit Card,5,1101.76,85.94,1015.82
ORD101358,CUST1454,2024-03-20,Male,19,Mumbai,Sports,Football,2,240.21,0.205,Cash on Delivery,2,480.42,98.49,381.93
ORD101359,CUST1325,2024-08-28,Male,51,Hyderabad,Toys,Remote Car,1,275.03,0.268,Net Banking,2,275.03,73.71,201.32
ORD101360,CUST1095,2024-02-10,Female,25,Coimbatore,Books,Comics,3,247.4,0.236,Debit Card,1,742.2,175.16,567.04
ORD101361,CUST1925,2024-09-28,Male,30,Bengaluru,Toys,Board Game,3,60.48,0.184,Credit Card,2,181.44,33.38,148.06
ORD101362,CUST1724,2024-10-19,Male,47,Coimbatore,Home & Kitchen,Cookware Set,4,218.75,0.334,Credit Card,3,875.0,292.25,582.75
ORD101363,CUST1273,2024-08-11,Male,59,Chennai,Toys,Building Blocks,2,275.25,0.081,Cash on Delivery,3,550.5,44.59,505.91
ORD101364,CUST1607,2024-01-28,Female,57,Mumbai,Clothing,T-Shirt,2,304.95,0.314,Net Banking,1,609.9,191.51,418.39
ORD101365,CUST1463,2024-07-18,Male,25,Hyderabad,Sports,Football,3,97.49,0.29,Net Banking,2,292.47,84.82,207.65
ORD101366,CUST1326,2024-07-29,Male,25,Mumbai,Sports,Football,2,57.69,0.176,Cash on Delivery,1,115.38,20.31,95.07
ORD101367,CUST1311,2024-05-04,Male,52,Coimbatore,Books,Fiction Book,4,276.67,0.096,Cash on Delivery,2,1106.68,106.24,1000.44
ORD101368,CUST1076,2024-05-03,Male,31,Kochi,Clothing,T-Shirt,2,100.94,0.097,Cash on Delivery,4,201.88,19.58,182.3
ORD101369,CUST1973,2024-06-06,Male,21,Pune,Books,Academic Book,4,25.7,0.327,Cash on Delivery,1,102.8,33.62,69.18
ORD101370,CUST1924,2024-11-29,Female,43,Delhi,Home & Kitchen,Mixer,2,291.45,0.12,Debit Card,1,582.9,69.95,512.95
ORD101371,CUST1869,2024-01-02,Female,46,Delhi,Clothing,Jeans,1,184.51,0.312,UPI,3,184.51,57.57,126.94
ORD101372,CUST1314,2024-06-19,Male,60,Kochi,Electronics,Power Bank,4,124.42,0.201,Cash on Delivery,3,497.68,100.03,397.65
ORD101373,CUST1995,2024-04-16,Male,38,Kochi,Home & Kitchen,Bedsheet,3,18.83,0.189,Debit Card,5,56.49,10.68,45.81
ORD101374,CUST1275,2024-07-02,Male,52,Coimbatore,Beauty,Perfume,3,26.83,0.236,Cash on Delivery,3,80.49,19.0,61.49
ORD101375,CUST1823,2024-01-02,Female,40,Bengaluru,Electronics,Smartwatch,3,280.53,0.115,Net Banking,5,841.59,96.78,744.81
ORD101376,CUST1100,2024-11-03,Male,57,Hyderabad,Clothing,Kurta,2,179.05,0.179,Debit Card,4,358.1,64.1,294.0
ORD101377,CUST1310,2024-06-02,Female,38,Hyderabad,Toys,Remote Car,4,65.16,0.332,Debit Card,3,260.64,86.53,174.11
ORD101378,CUST1576,2024-11-20,Female,47,Bengaluru,Electronics,Keyboard,2,135.1,0.121,Net Banking,2,270.2,32.69,237.51
ORD101379,CUST1966,2024-02-21,Female,59,Kochi,Toys,Puzzle,4,70.38,0.326,Cash on Delivery,1,281.52,91.78,189.74
ORD101380,CUST1265,2024-07-14,Male,55,Bengaluru,Home & Kitchen,Bedsheet,2,52.82,0.348,UPI,4,105.64,36.76,68.88
ORD101381,CUST1431,2024-08-15,Female,35,Coimbatore,Home & Kitchen,Mixer,1,107.56,0.066,Cash on Delivery,5,107.56,7.1,100.46
ORD101382,CUST1842,2024-09-23,Female,39,Coimbatore,Clothing,T-Shirt,1,199.09,0.209,Net Banking,2,199.09,41.61,157.48
ORD101383,CUST1471,2024-01-04,Male,43,Delhi,Sports,Dumbbells,4,85.35,0.102,Net Banking,2,341.4,34.82,306.58
ORD101384,CUST1682,2024-07-31,Female,23,Hyderabad,Electronics,Earbuds,3,130.13,0.237,UPI,1,390.39,92.52,297.87
ORD101385,CUST1417,2024-02-19,Male,28,Hyderabad,Electronics,Keyboard,2,175.11,0.347,Cash on Delivery,3,350.22,121.53,228.69
ORD101386,CUST1003,2024-05-23,Female,48,Pune,Clothing,Jacket,4,155.71,0.319,UPI,2,622.84,198.69,424.15
ORD101387,CUST1282,2024-01-18,Female,21,Pune,Toys,Remote Car,3,58.09,0.327,Credit Card,1,174.27,56.99,117.28
ORD101388,CUST1565,2024-01-20,Female,43,Delhi,Home & Kitchen,Cookware Set,3,28.02,0.114,UPI,1,84.06,9.58,74.48
ORD101389,CUST1019,2024-09-13,Female,38,Delhi,Electronics,Smartwatch,3,26.88,0.213,Credit Card,2,80.64,17.18,63.46
ORD101390,CUST1231,2024-08-28,Male,38,Coimbatore,Clothing,Kurta,1,132.31,0.12,UPI,3,132.31,15.88,116.43
ORD101391,CUST1952,2024-10-26,Female,54,Coimbatore,Electronics,Earbuds,1,255.8,0.32,Credit Card,3,255.8,81.86,173.94
ORD101392,CUST1015,2024-08-22,Female,29,Coimbatore,Beauty,Shampoo,3,58.97,0.107,UPI,4,176.91,18.93,157.98
ORD101393,CUST1247,2024-07-18,Male,52,Hyderabad,Clothing,Kurta,1,278.64,0.096,Debit Card,3,278.64,26.75,251.89
ORD101394,CUST1618,2024-02-09,Male,51,Chennai,Clothing,Kurta,3,254.75,0.054,Net Banking,4,764.25,41.27,722.98
ORD101395,CUST1562,2024-09-13,Female,60,Mumbai,Beauty,Shampoo,1,16.32,0.105,Net Banking,2,16.32,1.71,14.61
ORD101396,CUST1204,2024-03-18,Male,53,Hyderabad,Books,Self-Help Book,2,23.96,0.107,Cash on Delivery,2,47.92,5.13,42.79
ORD101397,CUST1059,2024-02-05,Male,39,Hyderabad,Sports,Football,3,80.34,0.073,Cash on Delivery,3,241.02,17.59,223.43
ORD101398,CUST1898,2024-09-02,Female,33,Delhi,Electronics,Smartwatch,3,33.8,0.31,Net Banking,1,101.4,31.43,69.97
ORD101399,CUST1550,2024-07-15,Male,51,Kochi,Sports,Football,4,193.0,0.284,Cash on Delivery,4,772.0,219.25,552.75
ORD101400,CUST1572,2024-02-20,Female,57,Coimbatore,Home & Kitchen,Mixer,3,28.28,0.126,Credit Card,1,84.84,10.69,74.15
ORD101401,CUST1057,2024-07-02,Male,30,Pune,Sports,Football,1,283.89,0.285,Net Banking,5,283.89,80.91,202.98
ORD101402,CUST1208,2024-08-19,Male,33,Pune,Clothing,T-Shirt,4,180.14,0.177,Debit Card,5,720.56,127.54,593.02
ORD101403,CUST1072,2024-06-16,Female,39,Mumbai,Electronics,Power Bank,1,258.86,0.283,Debit Card,3,258.86,73.26,185.6
ORD101404,CUST1978,2024-08-28,Female,22,Delhi,Home & Kitchen,Mixer,1,266.49,0.147,Credit Card,2,266.49,39.17,227.32
ORD101405,CUST1768,2024-06-18,Female,31,Mumbai,Books,Comics,4,184.77,0.219,Cash on Delivery,2,739.08,161.86,577.22
ORD101406,CUST1545,2024-04-28,Female,25,Coimbatore,Books,Academic Book,1,325.0,0.164,Cash on Delivery,3,325.0,53.3,271.7
ORD101407,CUST1680,2024-03-15,Female,51,Kochi,Electronics,Power Bank,3,346.73,0.106,Net Banking,3,1040.19,110.26,929.93
ORD101408,CUST1165,2024-03-27,Male,39,Mumbai,Clothing,Kurta,2,135.34,0.226,UPI,1,270.68,61.17,209.51
ORD101409,CUST1987,2024-09-28,Male,43,Pune,Electronics,Power Bank,4,57.16,0.275,UPI,1,228.64,62.88,165.76
ORD101410,CUST1516,2024-05-04,Female,21,Chennai,Toys,Remote Car,1,136.68,0.276,Debit Card,4,136.68,37.72,98.96
ORD101411,CUST1516,2024-08-27,Female,42,Mumbai,Beauty,Shampoo,1,89.82,0.157,Credit Card,1,89.82,14.1,75.72
ORD101412,CUST1958,2024-04-30,Female,48,Coimbatore,Electronics,Earbuds,2,192.89,0.206,Debit Card,3,385.78,79.47,306.31
ORD101413,CUST1095,2024-06-25,Female,47,Pune,Beauty,Moisturizer,2,141.76,0.279,Credit Card,5,283.52,79.1,204.42
ORD101414,CUST1423,2024-07-22,Female,52,Delhi,Electronics,Smartwatch,4,175.95,0.066,UPI,1,703.8,46.45,657.35
ORD101415,CUST1088,2024-06-09,Female,22,Bengaluru,Clothing,Kurta,3,270.67,0.072,Cash on Delivery,5,812.01,58.46,753.55
ORD101416,CUST1424,2024-09-06,Female,41,Coimbatore,Beauty,Shampoo,1,106.8,0.163,Credit Card,3,106.8,17.41,89.39
ORD101417,CUST1266,2024-11-05,Female,38,Kochi,Sports,Yoga Mat,4,195.05,0.117,Credit Card,3,780.2,91.28,688.92
ORD101418,CUST1460,2024-10-15,Male,56,Mumbai,Sports,Cricket Bat,2,127.28,0.162,Cash on Delivery,4,254.56,41.24,213.32
ORD101419,CUST1701,2024-11-04,Female,47,Coimbatore,Electronics,Keyboard,4,277.96,0.078,Debit Card,4,1111.84,86.72,1025.12
ORD101420,CUST1279,2024-01-11,Female,59,Delhi,Electronics,Smartwatch,4,229.24,0.228,UPI,3,916.96,209.07,707.89
ORD101421,CUST1051,2024-09-11,Female,19,Mumbai,Toys,Building Blocks,1,17.85,0.252,UPI,1,17.85,4.5,13.35
ORD101422,CUST1161,2024-08-31,Male,37,Hyderabad,Sports,Yoga Mat,3,236.12,0.288,Debit Card,5,708.36,204.01,504.35
ORD101423,CUST1715,2024-05-18,Male,48,Delhi,Sports,Dumbbells,2,72.0,0.245,Net Banking,1,144.0,35.28,108.72
ORD101424,CUST1578,2024-04-15,Female,21,Mumbai,Home & Kitchen,Cookware Set,2,257.7,0.169,Cash on Delivery,5,515.4,87.1,428.3
ORD101425,CUST1977,2024-01-18,Male,46,Delhi,Home & Kitchen,Storage Box,2,205.06,0.33,Cash on Delivery,3,410.12,135.34,274.78
ORD101426,CUST1893,2024-10-07,Female,27,Bengaluru,Home & Kitchen,Mixer,3,149.5,0.268,Net Banking,3,448.5,120.2,328.3
ORD101427,CUST1160,2024-10-08,Male,21,Mumbai,Clothing,T-Shirt,2,247.51,0.208,Credit Card,4,495.02,102.96,392.06
ORD101428,CUST1734,2024-01-26,Female,46,Pune,Clothing,T-Shirt,1,301.96,0.112,Net Banking,5,301.96,33.82,268.14
ORD101429,CUST1090,2024-07-14,Female,36,Coimbatore,Beauty,Perfume,2,275.88,0.245,Cash on Delivery,1,551.76,135.18,416.58
ORD101430,CUST1096,2024-07-03,Male,35,Hyderabad,Sports,Football,1,197.7,0.228,UPI,5,197.7,45.08,152.62
ORD101431,CUST1792,2024-02-27,Female,31,Delhi,Electronics,Earbuds,4,257.1,0.255,Debit Card,4,1028.4,262.24,766.16
ORD101432,CUST1400,2024-07-02,Male,47,Hyderabad,Toys,Building Blocks,3,153.66,0.284,Net Banking,2,460.98,130.92,330.06
ORD101433,CUST1996,2024-09-28,Female,44,Coimbatore,Clothing,Jeans,2,279.32,0.325,Net Banking,3,558.64,181.56,377.08
ORD101434,CUST1005,2024-04-19,Female,46,Hyderabad,Books,Academic Book,2,292.73,0.335,Debit Card,4,585.46,196.13,389.33
ORD101435,CUST1502,2024-08-31,Female,51,Pune,Books,Academic Book,1,60.99,0.239,Cash on Delivery,1,60.99,14.58,46.41
ORD101436,CUST1307,2024-11-21,Male,44,Mumbai,Electronics,Earbuds,2,94.74,0.34,Credit Card,3,189.48,64.42,125.06
ORD101437,CUST1984,2024-06-01,Male,21,Hyderabad,Books,Academic Book,4,105.45,0.323,Credit Card,4,421.8,136.24,285.56
ORD101438,CUST1668,2024-02-05,Male,24,Delhi,Sports,Dumbbells,1,70.64,0.051,Net Banking,3,70.64,3.6,67.04
ORD101439,CUST1771,2024-04-09,Female,60,Delhi,Electronics,Earbuds,1,146.5,0.241,Credit Card,3,146.5,35.31,111.19
ORD101440,CUST1289,2024-02-15,Male,30,Pune,Electronics,Earbuds,4,79.67,0.104,Cash on Delivery,3,318.68,33.14,285.54
ORD101441,CUST1893,2024-04-28,Male,36,Coimbatore,Books,Comics,3,214.51,0.139,Cash on Delivery,3,643.53,89.45,554.08
ORD101442,CUST1839,2024-08-03,Female,34,Pune,Clothing,Jacket,1,49.04,0.139,Debit Card,5,49.04,6.82,42.22
ORD101443,CUST1783,2024-03-08,Male,60,Coimbatore,Books,Comics,2,105.42,0.195,UPI,5,210.84,41.11,169.73
ORD101444,CUST1476,2024-06-21,Male,53,Mumbai,Clothing,Jeans,3,237.95,0.053,Debit Card,5,713.85,37.83,676.02
ORD101445,CUST1921,2024-11-30,Male,38,Delhi,Books,Self-Help Book,2,148.51,0.121,Cash on Delivery,1,297.02,35.94,261.08
ORD101446,CUST1668,2024-03-29,Female,47,Mumbai,Sports,Cricket Bat,2,156.19,0.059,Net Banking,2,312.38,18.43,293.95
ORD101447,CUST1065,2024-10-21,Female,41,Delhi,Electronics,Earbuds,3,282.3,0.245,Credit Card,5,846.9,207.49,639.41
ORD101448,CUST1882,2024-04-11,Female,45,Bengaluru,Sports,Yoga Mat,3,344.81,0.317,Debit Card,4,1034.43,327.91,706.52
ORD101449,CUST1020,2024-07-24,Female,59,Coimbatore,Toys,Building Blocks,4,204.3,0.349,Debit Card,2,817.2,285.2,532.0
ORD101450,CUST1682,2024-02-22,Female,46,Delhi,Books,Comics,1,41.49,0.185,Net Banking,4,41.49,7.68,33.81
ORD101451,CUST1249,2024-03-30,Female,22,Delhi,Beauty,Shampoo,2,49.47,0.128,Cash on Delivery,3,98.94,12.66,86.28
ORD101452,CUST1896,2024-10-17,Female,39,Kochi,Toys,Board Game,1,339.45,0.306,UPI,5,339.45,103.87,235.58
ORD101453,CUST1729,2024-07-16,Female,53,Mumbai,Electronics,Keyboard,3,242.54,0.084,Cash on Delivery,3,727.62,61.12,666.5
ORD101454,CUST1807,2024-07-09,Male,19,Mumbai,Electronics,Smartwatch,3,267.08,0.342,Net Banking,3,801.24,274.02,527.22
ORD101455,CUST1699,2024-06-20,Female,33,Delhi,Home & Kitchen,Mixer,2,241.38,0.264,Credit Card,4,482.76,127.45,355.31
ORD101456,CUST1566,2024-03-23,Male,26,Kochi,Clothing,T-Shirt,3,75.17,0.201,Debit Card,1,225.51,45.33,180.18
ORD101457,CUST1862,2024-11-07,Male,49,Hyderabad,Books,Comics,2,165.2,0.079,UPI,4,330.4,26.1,304.3
ORD101458,CUST1296,2024-05-11,Male,24,Bengaluru,Sports,Football,1,282.36,0.055,Debit Card,2,282.36,15.53,266.83
ORD101459,CUST1527,2024-01-04,Female,44,Chennai,Electronics,Earbuds,3,305.23,0.213,Cash on Delivery,1,915.69,195.04,720.65
ORD101460,CUST1297,2024-10-30,Female,20,Pune,Home & Kitchen,Mixer,2,94.51,0.174,Net Banking,1,189.02,32.89,156.13
ORD101461,CUST1113,2024-01-16,Male,57,Chennai,Beauty,Shampoo,2,214.65,0.303,Credit Card,1,429.3,130.08,299.22
ORD101462,CUST1874,2024-10-24,Female,31,Pune,Sports,Cricket Bat,2,67.63,0.243,Credit Card,1,135.26,32.87,102.39
ORD101463,CUST1496,2024-03-30,Male,35,Kochi,Books,Fiction Book,4,336.02,0.18,Net Banking,1,1344.08,241.93,1102.15
ORD101464,CUST1053,2024-01-24,Female,51,Pune,Home & Kitchen,Bedsheet,1,99.49,0.118,UPI,2,99.49,11.74,87.75
ORD101465,CUST1824,2024-03-14,Female,34,Bengaluru,Toys,Puzzle,2,258.42,0.194,Credit Card,5,516.84,100.27,416.57
ORD101466,CUST1940,2024-08-07,Female,22,Pune,Toys,Remote Car,3,92.42,0.099,Net Banking,1,277.26,27.45,249.81
ORD101467,CUST1661,2024-07-01,Male,56,Mumbai,Home & Kitchen,Cookware Set,1,221.38,0.25,Cash on Delivery,4,221.38,55.34,166.04
ORD101468,CUST1326,2024-02-21,Female,22,Chennai,Books,Academic Book,1,235.85,0.232,Net Banking,5,235.85,54.72,181.13
ORD101469,CUST1858,2024-04-10,Male,39,Bengaluru,Beauty,Face Wash,3,125.02,0.293,Cash on Delivery,5,375.06,109.89,265.17
ORD101470,CUST1738,2024-03-11,Female,23,Pune,Books,Self-Help Book,3,289.31,0.185,Debit Card,2,867.93,160.57,707.36
ORD101471,CUST1284,2024-08-06,Female,48,Delhi,Electronics,Keyboard,3,311.6,0.134,Cash on Delivery,1,934.8,125.26,809.54
ORD101472,CUST1329,2024-10-16,Female,29,Mumbai,Books,Self-Help Book,1,301.45,0.301,Cash on Delivery,2,301.45,90.74,210.71
ORD101473,CUST1986,2024-03-26,Female,58,Coimbatore,Clothing,Jacket,4,125.82,0.257,Cash on Delivery,4,503.28,129.34,373.94
ORD101474,CUST1952,2024-10-26,Male,26,Delhi,Sports,Cricket Bat,2,264.35,0.262,UPI,4,528.7,138.52,390.18
ORD101475,CUST1675,2024-05-16,Male,46,Kochi,Sports,Yoga Mat,1,202.43,0.208,Debit Card,1,202.43,42.11,160.32
ORD101476,CUST1036,2024-01-28,Male,18,Chennai,Sports,Dumbbells,2,213.53,0.313,Cash on Delivery,2,427.06,133.67,293.39
ORD101477,CUST1229,2024-04-18,Male,22,Hyderabad,Sports,Yoga Mat,1,174.94,0.118,Credit Card,4,174.94,20.64,154.3
ORD101478,CUST1352,2024-10-19,Female,29,Bengaluru,Electronics,Earbuds,2,216.09,0.171,UPI,4,432.18,73.9,358.28
ORD101479,CUST1535,2024-09-27,Male,56,Mumbai,Sports,Dumbbells,2,60.44,0.289,Cash on Delivery,2,120.88,34.93,85.95
ORD101480,CUST1866,2024-09-01,Female,60,Kochi,Sports,Dumbbells,2,151.96,0.09,Net Banking,5,303.92,27.35,276.57
ORD101481,CUST1847,2024-05-13,Female,44,Mumbai,Home & Kitchen,Mixer,2,74.52,0.292,Cash on Delivery,5,149.04,43.52,105.52
ORD101482,CUST1273,2024-09-16,Female,32,Hyderabad,Clothing,Kurta,4,108.84,0.156,Cash on Delivery,2,435.36,67.92,367.44
ORD101483,CUST1108,2024-08-25,Male,31,Chennai,Toys,Board Game,4,57.82,0.088,Credit Card,3,231.28,20.35,210.93
ORD101484,CUST1275,2024-09-22,Male,27,Mumbai,Books,Academic Book,2,86.19,0.074,UPI,3,172.38,12.76,159.62
ORD101485,CUST1235,2024-07-05,Female,32,Bengaluru,Toys,Remote Car,4,276.95,0.303,UPI,4,1107.8,335.66,772.14
ORD101486,CUST1897,2024-06-18,Female,39,Bengaluru,Clothing,T-Shirt,4,199.2,0.284,Cash on Delivery,2,796.8,226.29,570.51
ORD101487,CUST1014,2024-11-19,Male,47,Bengaluru,Electronics,Keyboard,4,22.92,0.136,Net Banking,2,91.68,12.47,79.21
ORD101488,CUST1829,2024-11-13,Male,27,Pune,Sports,Yoga Mat,1,279.16,0.085,Net Banking,3,279.16,23.73,255.43
ORD101489,CUST1656,2024-06-28,Male,19,Pune,Electronics,Power Bank,2,319.67,0.124,UPI,2,639.34,79.28,560.06
ORD101490,CUST1105,2024-03-08,Male,42,Pune,Sports,Yoga Mat,2,309.94,0.114,Debit Card,3,619.88,70.67,549.21
ORD101491,CUST1684,2024-05-17,Male,28,Chennai,Clothing,Kurta,1,290.71,0.27,Net Banking,5,290.71,78.49,212.22
ORD101492,CUST1579,2024-06-18,Female,35,Kochi,Beauty,Shampoo,1,347.39,0.115,UPI,2,347.39,39.95,307.44
ORD101493,CUST1003,2024-08-14,Male,48,Delhi,Toys,Remote Car,3,211.44,0.115,Cash on Delivery,5,634.32,72.95,561.37
ORD101494,CUST1223,2024-04-16,Female,56,Delhi,Beauty,Perfume,2,337.47,0.06,Cash on Delivery,3,674.94,40.5,634.44
ORD101495,CUST1347,2024-01-16,Male,40,Kochi,Home & Kitchen,Storage Box,4,332.86,0.229,Credit Card,1,1331.44,304.9,1026.54
ORD101496,CUST1214,2024-10-02,Male,57,Hyderabad,Toys,Puzzle,3,119.93,0.257,Cash on Delivery,3,359.79,92.47,267.32
ORD101497,CUST1578,2024-11-13,Male,29,Delhi,Electronics,Smartwatch,1,304.25,0.246,Credit Card,3,304.25,74.85,229.4
ORD101498,CUST1614,2024-01-28,Male,48,Chennai,Toys,Board Game,4,280.48,0.221,UPI,1,1121.92,247.94,873.98
ORD101499,CUST1169,2024-04-16,Female,60,Mumbai,Home & Kitchen,Bedsheet,2,274.89,0.34,Credit Card,3,549.78,186.93,362.85
ORD101500,CUST1123,2024-05-25,Female,27,Hyderabad,Toys,Building Blocks,3,315.25,0.192,Debit Card,1,945.75,181.58,764.17
ORD101501,CUST1654,2024-09-11,Female,49,Bengaluru,Toys,Puzzle,4,143.7,0.308,Net Banking,4,574.8,177.04,397.76
ORD101502,CUST1469,2024-09-16,Male,38,Delhi,Electronics,Smartwatch,3,149.02,0.244,UPI,3,447.06,109.08,337.98
ORD101503,CUST1264,2024-04-25,Female,55,Bengaluru,Home & Kitchen,Mixer,1,229.42,0.075,Credit Card,2,229.42,17.21,212.21
ORD101504,CUST1255,2024-04-14,Male,31,Kochi,Home & Kitchen,Cookware Set,1,262.16,0.293,Cash on Delivery,1,262.16,76.81,185.35
ORD101505,CUST1039,2024-05-15,Female,59,Bengaluru,Beauty,Shampoo,2,309.71,0.225,Credit Card,3,619.42,139.37,480.05
ORD101506,CUST1853,2024-03-21,Female,52,Chennai,Sports,Football,1,308.41,0.246,Cash on Delivery,4,308.41,75.87,232.54
ORD101507,CUST1840,2024-05-26,Male,48,Mumbai,Beauty,Face Wash,1,256.65,0.104,Cash on Delivery,3,256.65,26.69,229.96
ORD101508,CUST1553,2024-03-28,Female,19,Mumbai,Sports,Cricket Bat,4,335.56,0.181,Cash on Delivery,5,1342.24,242.95,1099.29
ORD101509,CUST1349,2024-01-21,Male,21,Pune,Books,Academic Book,1,74.84,0.314,Cash on Delivery,1,74.84,23.5,51.34
ORD101510,CUST1214,2024-08-27,Male,46,Pune,Beauty,Moisturizer,1,333.36,0.115,Cash on Delivery,4,333.36,38.34,295.02
ORD101511,CUST1307,2024-09-20,Female,38,Delhi,Clothing,Kurta,3,36.5,0.05,Credit Card,3,109.5,5.48,104.02
ORD101512,CUST1925,2024-04-06,Female,31,Delhi,Books,Comics,1,201.13,0.127,Debit Card,2,201.13,25.54,175.59
ORD101513,CUST1088,2024-05-14,Female,54,Coimbatore,Toys,Board Game,2,45.22,0.196,Debit Card,2,90.44,17.73,72.71
ORD101514,CUST1822,2024-05-14,Female,38,Pune,Beauty,Shampoo,4,205.28,0.296,Credit Card,3,821.12,243.05,578.07
ORD101515,CUST1304,2024-01-08,Male,37,Bengaluru,Electronics,Power Bank,3,145.69,0.243,Cash on Delivery,1,437.07,106.21,330.86
ORD101516,CUST1265,2024-07-01,Male,31,Mumbai,Books,Fiction Book,4,42.34,0.326,UPI,4,169.36,55.21,114.15
ORD101517,CUST1808,2024-06-02,Female,60,Pune,Clothing,Jeans,2,232.12,0.187,UPI,3,464.24,86.81,377.43
ORD101518,CUST1960,2024-11-11,Male,33,Hyderabad,Electronics,Earbuds,3,259.95,0.167,Debit Card,4,779.85,130.23,649.62
ORD101519,CUST1990,2024-05-04,Female,29,Coimbatore,Books,Academic Book,1,73.35,0.119,Cash on Delivery,3,73.35,8.73,64.62
ORD101520,CUST1267,2024-09-23,Male,46,Mumbai,Books,Academic Book,2,247.64,0.115,Net Banking,5,495.28,56.96,438.32
ORD101521,CUST1590,2024-05-10,Male,19,Hyderabad,Books,Self-Help Book,1,74.98,0.271,Cash on Delivery,1,74.98,20.32,54.66
ORD101522,CUST1292,2024-03-03,Male,43,Mumbai,Sports,Yoga Mat,4,61.03,0.074,Credit Card,3,244.12,18.06,226.06
ORD101523,CUST1193,2024-04-26,Male,42,Delhi,Electronics,Keyboard,1,64.37,0.123,Debit Card,3,64.37,7.92,56.45
ORD101524,CUST1385,2024-10-22,Female,28,Pune,Beauty,Face Wash,1,215.69,0.316,Credit Card,2,215.69,68.16,147.53
ORD101525,CUST1062,2024-03-26,Male,51,Hyderabad,Toys,Remote Car,2,275.89,0.223,UPI,4,551.78,123.05,428.73
ORD101526,CUST1164,2024-10-09,Male,19,Bengaluru,Books,Academic Book,2,214.96,0.064,Net Banking,2,429.92,27.51,402.41
ORD101527,CUST1594,2024-08-10,Female,60,Chennai,Home & Kitchen,Cookware Set,2,286.13,0.261,Net Banking,4,572.26,149.36,422.9
ORD101528,CUST1686,2024-09-06,Female,54,Mumbai,Sports,Cricket Bat,2,213.14,0.202,Credit Card,5,426.28,86.11,340.17
ORD101529,CUST1270,2024-09-09,Male,25,Kochi,Clothing,Jeans,2,282.1,0.306,Net Banking,5,564.2,172.65,391.55
ORD101530,CUST1556,2024-06-22,Male,39,Kochi,Books,Academic Book,4,342.14,0.255,Net Banking,4,1368.56,348.98,1019.58
ORD101531,CUST1763,2024-07-20,Female,26,Delhi,Home & Kitchen,Storage Box,3,145.97,0.051,Net Banking,4,437.91,22.33,415.58
ORD101532,CUST1893,2024-01-24,Female,44,Delhi,Clothing,Jeans,4,65.23,0.112,Net Banking,5,260.92,29.22,231.7
ORD101533,CUST1567,2024-08-22,Male,33,Delhi,Sports,Football,4,60.36,0.127,Credit Card,5,241.44,30.66,210.78
ORD101534,CUST1240,2024-08-26,Female,39,Bengaluru,Toys,Building Blocks,3,215.15,0.261,Credit Card,4,645.45,168.46,476.99
ORD101535,CUST1711,2024-02-04,Female,59,Mumbai,Clothing,Jacket,4,198.28,0.203,Debit Card,5,793.12,161.0,632.12
ORD101536,CUST1170,2024-06-22,Female,44,Kochi,Sports,Cricket Bat,1,76.72,0.274,Credit Card,5,76.72,21.02,55.7
ORD101537,CUST1139,2024-06-19,Female,55,Delhi,Beauty,Face Wash,4,310.51,0.204,UPI,1,1242.04,253.38,988.66
ORD101538,CUST1358,2024-04-13,Female,44,Bengaluru,Beauty,Face Wash,2,335.51,0.148,Net Banking,3,671.02,99.31,571.71
ORD101539,CUST1328,2024-01-23,Female,38,Chennai,Beauty,Moisturizer,3,99.83,0.081,Net Banking,2,299.49,24.26,275.23
ORD101540,CUST1145,2024-01-04,Female,18,Coimbatore,Sports,Cricket Bat,1,84.31,0.111,UPI,5,84.31,9.36,74.95
ORD101541,CUST1052,2024-03-10,Female,21,Kochi,Beauty,Perfume,1,86.66,0.17,Cash on Delivery,4,86.66,14.73,71.93
ORD101542,CUST1945,2024-03-18,Male,40,Chennai,Books,Self-Help Book,4,144.79,0.215,Cash on Delivery,5,579.16,124.52,454.64
ORD101543,CUST1676,2024-03-11,Female,39,Mumbai,Home & Kitchen,Bedsheet,2,300.83,0.332,UPI,2,601.66,199.75,401.91
ORD101544,CUST1716,2024-07-21,Female,39,Coimbatore,Books,Comics,1,214.65,0.122,UPI,5,214.65,26.19,188.46
ORD101545,CUST1066,2024-05-21,Male,54,Hyderabad,Sports,Dumbbells,3,37.63,0.25,Cash on Delivery,1,112.89,28.22,84.67
ORD101546,CUST1795,2024-02-07,Female,22,Bengaluru,Home & Kitchen,Bedsheet,1,173.45,0.096,Debit Card,5,173.45,16.65,156.8
ORD101547,CUST1364,2024-01-29,Female,46,Mumbai,Books,Fiction Book,2,45.26,0.264,Net Banking,2,90.52,23.9,66.62
ORD101548,CUST1747,2024-08-07,Female,50,Mumbai,Beauty,Moisturizer,3,151.08,0.053,Net Banking,3,453.24,24.02,429.22
ORD101549,CUST1489,2024-11-09,Female,45,Mumbai,Home & Kitchen,Mixer,3,150.18,0.247,Credit Card,4,450.54,111.28,339.26
ORD101550,CUST1242,2024-10-01,Male,28,Kochi,Books,Academic Book,2,232.2,0.099,Debit Card,4,464.4,45.98,418.42
ORD101551,CUST1261,2024-09-10,Male,35,Kochi,Clothing,T-Shirt,2,199.07,0.104,Debit Card,2,398.14,41.41,356.73
ORD101552,CUST1140,2024-04-16,Male,20,Delhi,Sports,Football,4,308.04,0.218,Credit Card,3,1232.16,268.61,963.55
ORD101553,CUST1828,2024-08-23,Female,25,Chennai,Home & Kitchen,Bedsheet,1,20.45,0.163,Net Banking,3,20.45,3.33,17.12
ORD101554,CUST1429,2024-01-28,Male,52,Hyderabad,Home & Kitchen,Bedsheet,1,274.29,0.191,Cash on Delivery,4,274.29,52.39,221.9
ORD101555,CUST1779,2024-02-27,Male,44,Bengaluru,Books,Self-Help Book,1,22.59,0.143,Debit Card,2,22.59,3.23,19.36
ORD101556,CUST1828,2024-02-16,Female,55,Chennai,Beauty,Face Wash,4,116.94,0.336,Debit Card,4,467.76,157.17,310.59
ORD101557,CUST1166,2024-03-02,Female,47,Mumbai,Electronics,Smartwatch,2,309.69,0.137,UPI,4,619.38,84.86,534.52
ORD101558,CUST1330,2024-04-29,Male,28,Chennai,Sports,Yoga Mat,1,246.29,0.213,UPI,4,246.29,52.46,193.83
ORD101559,CUST1124,2024-01-15,Female,52,Delhi,Toys,Puzzle,1,72.62,0.306,UPI,5,72.62,22.22,50.4
ORD101560,CUST1009,2024-09-29,Male,47,Hyderabad,Electronics,Smartwatch,1,179.41,0.249,Debit Card,3,179.41,44.67,134.74
ORD101561,CUST1985,2024-08-27,Female,26,Pune,Electronics,Smartwatch,4,256.84,0.147,Debit Card,3,1027.36,151.02,876.34
ORD101562,CUST1659,2024-07-31,Female,18,Delhi,Toys,Building Blocks,2,329.01,0.216,Debit Card,4,658.02,142.13,515.89
ORD101563,CUST1451,2024-02-28,Male,50,Kochi,Electronics,Smartwatch,1,227.5,0.075,Credit Card,4,227.5,17.06,210.44
ORD101564,CUST1199,2024-10-17,Male,49,Mumbai,Electronics,Smartwatch,1,23.27,0.214,Credit Card,5,23.27,4.98,18.29
ORD101565,CUST1590,2024-01-03,Male,21,Bengaluru,Beauty,Face Wash,3,182.4,0.179,Debit Card,3,547.2,97.95,449.25
ORD101566,CUST1542,2024-11-29,Female,37,Kochi,Sports,Dumbbells,3,66.24,0.277,Net Banking,4,198.72,55.05,143.67
ORD101567,CUST1222,2024-08-31,Male,57,Hyderabad,Clothing,Jacket,4,31.01,0.304,UPI,1,124.04,37.71,86.33
ORD101568,CUST1014,2024-03-08,Male,52,Coimbatore,Clothing,Kurta,1,215.5,0.11,Cash on Delivery,3,215.5,23.7,191.8
ORD101569,CUST1468,2024-03-06,Male,53,Coimbatore,Sports,Football,1,275.27,0.074,Net Banking,2,275.27,20.37,254.9
ORD101570,CUST1508,2024-08-20,Female,34,Kochi,Sports,Cricket Bat,1,27.08,0.167,UPI,5,27.08,4.52,22.56
ORD101571,CUST1797,2024-09-27,Male,23,Pune,Home & Kitchen,Bedsheet,2,277.5,0.21,Cash on Delivery,1,555.0,116.55,438.45
ORD101572,CUST1393,2024-06-05,Male,33,Delhi,Sports,Yoga Mat,3,251.64,0.163,Credit Card,4,754.92,123.05,631.87
ORD101573,CUST1096,2024-01-21,Male,47,Mumbai,Sports,Football,3,266.92,0.239,UPI,5,800.76,191.38,609.38
ORD101574,CUST1879,2024-06-14,Female,54,Mumbai,Beauty,Moisturizer,1,96.98,0.202,UPI,3,96.98,19.59,77.39
ORD101575,CUST1413,2024-06-09,Male,45,Coimbatore,Clothing,Jeans,3,146.85,0.331,Debit Card,4,440.55,145.82,294.73
ORD101576,CUST1721,2024-04-19,Female,19,Delhi,Books,Self-Help Book,3,55.12,0.173,UPI,3,165.36,28.61,136.75
ORD101577,CUST1043,2024-10-29,Male,43,Chennai,Beauty,Moisturizer,1,95.03,0.075,Cash on Delivery,4,95.03,7.13,87.9
ORD101578,CUST1035,2024-04-24,Male,26,Hyderabad,Beauty,Shampoo,3,116.43,0.141,UPI,4,349.29,49.25,300.04
ORD101579,CUST1023,2024-03-22,Female,44,Kochi,Electronics,Keyboard,2,122.01,0.232,Credit Card,2,244.02,56.61,187.41
ORD101580,CUST1788,2024-08-14,Male,35,Bengaluru,Electronics,Earbuds,1,73.64,0.127,Debit Card,4,73.64,9.35,64.29
ORD101581,CUST1240,2024-07-26,Female,40,Mumbai,Electronics,Earbuds,2,78.22,0.131,Debit Card,5,156.44,20.49,135.95
ORD101582,CUST1790,2024-07-26,Female,43,Coimbatore,Home & Kitchen,Bedsheet,4,316.99,0.152,Debit Card,2,1267.96,192.73,1075.23
ORD101583,CUST1943,2024-06-17,Female,45,Hyderabad,Home & Kitchen,Mixer,3,277.6,0.274,Cash on Delivery,2,832.8,228.19,604.61
ORD101584,CUST1662,2024-04-16,Female,18,Pune,Books,Comics,2,130.4,0.332,Credit Card,2,260.8,86.59,174.21
ORD101585,CUST1984,2024-03-27,Female,59,Coimbatore,Toys,Remote Car,4,332.46,0.155,Cash on Delivery,5,1329.84,206.13,1123.71
ORD101586,CUST1928,2024-02-09,Male,42,Hyderabad,Electronics,Keyboard,2,95.04,0.109,Debit Card,5,190.08,20.72,169.36
ORD101587,CUST1721,2024-03-03,Male,39,Kochi,Home & Kitchen,Bedsheet,2,151.28,0.176,Cash on Delivery,2,302.56,53.25,249.31
ORD101588,CUST1802,2024-07-12,Female,34,Mumbai,Sports,Football,1,287.53,0.156,Debit Card,5,287.53,44.85,242.68
ORD101589,CUST1602,2024-05-16,Male,22,Hyderabad,Home & Kitchen,Storage Box,4,163.37,0.347,UPI,4,653.48,226.76,426.72
ORD101590,CUST1218,2024-09-04,Male,45,Bengaluru,Books,Academic Book,4,93.6,0.189,Cash on Delivery,3,374.4,70.76,303.64
ORD101591,CUST1102,2024-09-26,Male,33,Hyderabad,Books,Fiction Book,1,138.46,0.254,UPI,5,138.46,35.17,103.29
ORD101592,CUST1381,2024-07-06,Male,56,Delhi,Clothing,Jeans,3,182.74,0.324,Net Banking,5,548.22,177.62,370.6
ORD101593,CUST1474,2024-02-05,Female,46,Bengaluru,Electronics,Keyboard,4,222.92,0.239,Credit Card,5,891.68,213.11,678.57
ORD101594,CUST1349,2024-01-02,Male,36,Hyderabad,Home & Kitchen,Cookware Set,3,150.88,0.125,UPI,3,452.64,56.58,396.06
ORD101595,CUST1101,2024-03-17,Male,19,Pune,Beauty,Shampoo,1,159.49,0.232,Debit Card,2,159.49,37.0,122.49
ORD101596,CUST1504,2024-04-04,Male,41,Kochi,Toys,Remote Car,4,103.42,0.171,Credit Card,1,413.68,70.74,342.94
ORD101597,CUST1498,2024-01-25,Female,54,Pune,Books,Self-Help Book,2,194.34,0.177,Cash on Delivery,5,388.68,68.8,319.88
ORD101598,CUST1952,2024-09-17,Male,37,Delhi,Books,Fiction Book,2,88.52,0.344,Credit Card,4,177.04,60.9,116.14
ORD101599,CUST1953,2024-05-02,Female,45,Pune,Beauty,Shampoo,2,305.62,0.134,Cash on Delivery,4,611.24,81.91,529.33
ORD101600,CUST1614,2024-09-05,Male,23,Mumbai,Books,Comics,4,265.37,0.191,UPI,1,1061.48,202.74,858.74
ORD101601,CUST1849,2024-03-10,Male,35,Hyderabad,Electronics,Keyboard,3,152.44,0.098,Credit Card,5,457.32,44.82,412.5
ORD101602,CUST1312,2024-01-04,Male,52,Pune,Clothing,Jeans,3,265.32,0.104,Cash on Delivery,1,795.96,82.78,713.18
ORD101603,CUST1968,2024-02-15,Male,36,Bengaluru,Toys,Remote Car,4,17.34,0.231,UPI,3,69.36,16.02,53.34
ORD101604,CUST1940,2024-06-06,Male,56,Kochi,Beauty,Moisturizer,4,130.4,0.275,Credit Card,5,521.6,143.44,378.16
ORD101605,CUST1125,2024-06-09,Male,35,Mumbai,Books,Self-Help Book,4,162.5,0.241,Cash on Delivery,2,650.0,156.65,493.35
ORD101606,CUST1699,2024-05-26,Female,52,Coimbatore,Books,Self-Help Book,4,172.38,0.149,Cash on Delivery,3,689.52,102.74,586.78
ORD101607,CUST1457,2024-11-17,Male,45,Chennai,Electronics,Earbuds,4,265.83,0.068,Debit Card,5,1063.32,72.31,991.01
ORD101608,CUST1265,2024-08-06,Female,58,Mumbai,Books,Comics,4,337.54,0.191,Net Banking,2,1350.16,257.88,1092.28
ORD101609,CUST1411,2024-09-02,Female,40,Mumbai,Home & Kitchen,Mixer,3,142.3,0.201,Debit Card,1,426.9,85.81,341.09
ORD101610,CUST1905,2024-02-11,Male,38,Hyderabad,Home & Kitchen,Cookware Set,1,132.45,0.281,Debit Card,3,132.45,37.22,95.23
ORD101611,CUST1923,2024-06-04,Female,33,Delhi,Books,Comics,1,219.52,0.242,Debit Card,4,219.52,53.12,166.4
ORD101612,CUST1343,2024-07-27,Male,46,Pune,Beauty,Face Wash,4,109.22,0.311,Debit Card,3,436.88,135.87,301.01
ORD101613,CUST1461,2024-07-14,Male,60,Kochi,Beauty,Shampoo,2,62.35,0.285,Debit Card,3,124.7,35.54,89.16
ORD101614,CUST1515,2024-11-13,Female,25,Coimbatore,Home & Kitchen,Cookware Set,4,337.12,0.16,Debit Card,4,1348.48,215.76,1132.72
ORD101615,CUST1732,2024-06-08,Female,58,Bengaluru,Beauty,Moisturizer,4,286.19,0.24,Cash on Delivery,1,1144.76,274.74,870.02
ORD101616,CUST1478,2024-05-04,Female,60,Kochi,Books,Academic Book,3,336.1,0.274,Debit Card,2,1008.3,276.27,732.03
ORD101617,CUST1395,2024-11-12,Male,51,Mumbai,Clothing,Kurta,4,87.97,0.337,Net Banking,5,351.88,118.58,233.3
ORD101618,CUST1922,2024-04-23,Female,42,Mumbai,Sports,Dumbbells,2,20.97,0.177,Cash on Delivery,2,41.94,7.42,34.52
ORD101619,CUST1372,2024-07-10,Male,55,Chennai,Electronics,Power Bank,2,161.48,0.244,UPI,5,322.96,78.8,244.16
ORD101620,CUST1265,2024-01-10,Male,29,Pune,Clothing,T-Shirt,4,327.76,0.168,Cash on Delivery,3,1311.04,220.25,1090.79
ORD101621,CUST1326,2024-02-25,Male,45,Kochi,Books,Fiction Book,4,61.34,0.271,Credit Card,5,245.36,66.49,178.87
ORD101622,CUST1332,2024-01-20,Male,52,Hyderabad,Sports,Dumbbells,1,54.26,0.324,UPI,4,54.26,17.58,36.68
ORD101623,CUST1554,2024-05-19,Male,52,Coimbatore,Beauty,Perfume,4,38.1,0.326,Net Banking,3,152.4,49.68,102.72
ORD101624,CUST1659,2024-11-08,Male,43,Chennai,Clothing,Jeans,2,271.28,0.097,Credit Card,5,542.56,52.63,489.93
ORD101625,CUST1134,2024-01-24,Male,34,Kochi,Home & Kitchen,Cookware Set,4,278.29,0.111,Net Banking,2,1113.16,123.56,989.6
ORD101626,CUST1885,2024-11-22,Female,58,Hyderabad,Beauty,Shampoo,3,247.95,0.276,Cash on Delivery,2,743.85,205.3,538.55
ORD101627,CUST1253,2024-10-18,Female,46,Mumbai,Home & Kitchen,Cookware Set,3,32.85,0.239,UPI,4,98.55,23.55,75.0
ORD101628,CUST1114,2024-01-02,Male,51,Chennai,Books,Fiction Book,1,257.3,0.322,Cash on Delivery,5,257.3,82.85,174.45
ORD101629,CUST1667,2024-01-06,Male,44,Kochi,Books,Comics,2,165.29,0.144,Net Banking,1,330.58,47.6,282.98
ORD101630,CUST1209,2024-10-28,Male,55,Delhi,Home & Kitchen,Storage Box,3,67.89,0.304,Credit Card,5,203.67,61.92,141.75
ORD101631,CUST1749,2024-07-15,Male,38,Kochi,Sports,Cricket Bat,4,113.87,0.255,Cash on Delivery,3,455.48,116.15,339.33
ORD101632,CUST1947,2024-02-28,Male,41,Hyderabad,Electronics,Keyboard,1,182.88,0.109,UPI,2,182.88,19.93,162.95
ORD101633,CUST1691,2024-11-15,Male,52,Chennai,Toys,Puzzle,1,125.43,0.088,Cash on Delivery,1,125.43,11.04,114.39
ORD101634,CUST1776,2024-07-07,Female,40,Pune,Toys,Remote Car,3,339.87,0.261,Debit Card,1,1019.61,266.12,753.49
ORD101635,CUST1494,2024-07-31,Female,28,Bengaluru,Electronics,Power Bank,2,174.04,0.098,Net Banking,3,348.08,34.11,313.97
ORD101636,CUST1345,2024-08-15,Male,50,Delhi,Home & Kitchen,Cookware Set,4,139.67,0.288,UPI,4,558.68,160.9,397.78
ORD101637,CUST1612,2024-03-08,Male,34,Chennai,Home & Kitchen,Mixer,1,240.51,0.217,Debit Card,1,240.51,52.19,188.32
ORD101638,CUST1357,2024-04-30,Female,22,Bengaluru,Electronics,Power Bank,2,232.93,0.193,Cash on Delivery,5,465.86,89.91,375.95
ORD101639,CUST1875,2024-02-13,Female,34,Pune,Books,Self-Help Book,1,15.82,0.133,Cash on Delivery,3,15.82,2.1,13.72
ORD101640,CUST1469,2024-06-26,Male,20,Pune,Beauty,Perfume,3,222.19,0.345,Credit Card,1,666.57,229.97,436.6
ORD101641,CUST1498,2024-11-26,Female,55,Bengaluru,Beauty,Moisturizer,4,96.66,0.267,Net Banking,5,386.64,103.23,283.41
ORD101642,CUST1673,2024-07-29,Male,60,Bengaluru,Clothing,Jeans,1,140.7,0.283,Credit Card,1,140.7,39.82,100.88
ORD101643,CUST1189,2024-08-19,Female,29,Coimbatore,Sports,Dumbbells,2,251.63,0.281,Credit Card,4,503.26,141.42,361.84
ORD101644,CUST1560,2024-03-05,Male,57,Chennai,Books,Academic Book,4,201.72,0.225,Debit Card,4,806.88,181.55,625.33
ORD101645,CUST1753,2024-06-30,Male,48,Bengaluru,Books,Comics,1,138.5,0.332,Cash on Delivery,5,138.5,45.98,92.52
ORD101646,CUST1775,2024-11-29,Female,59,Kochi,Sports,Dumbbells,4,71.08,0.225,Credit Card,5,284.32,63.97,220.35
ORD101647,CUST1224,2024-01-30,Male,24,Delhi,Books,Academic Book,4,184.34,0.206,Debit Card,5,737.36,151.9,585.46
ORD101648,CUST1054,2024-03-09,Male,20,Chennai,Beauty,Face Wash,1,121.99,0.132,UPI,1,121.99,16.1,105.89
ORD101649,CUST1194,2024-08-29,Female,57,Kochi,Electronics,Smartwatch,1,320.83,0.135,Net Banking,2,320.83,43.31,277.52
ORD101650,CUST1818,2024-01-04,Male,29,Hyderabad,Beauty,Perfume,3,194.01,0.271,Net Banking,2,582.03,157.73,424.3
ORD101651,CUST1265,2024-03-10,Male,43,Pune,Books,Academic Book,1,305.1,0.15,Cash on Delivery,2,305.1,45.76,259.34
ORD101652,CUST1057,2024-11-12,Female,56,Pune,Books,Self-Help Book,3,145.71,0.269,Cash on Delivery,2,437.13,117.59,319.54
ORD101653,CUST1596,2024-01-07,Male,32,Hyderabad,Books,Self-Help Book,1,292.19,0.336,Cash on Delivery,2,292.19,98.18,194.01
ORD101654,CUST1880,2024-05-23,Male,21,Hyderabad,Clothing,Kurta,3,33.94,0.182,Debit Card,5,101.82,18.53,83.29
ORD101655,CUST1224,2024-04-20,Female,52,Delhi,Electronics,Earbuds,2,114.87,0.079,Net Banking,5,229.74,18.15,211.59
ORD101656,CUST1043,2024-05-13,Male,37,Mumbai,Home & Kitchen,Cookware Set,3,41.19,0.25,Debit Card,4,123.57,30.89,92.68
ORD101657,CUST1139,2024-03-27,Female,18,Bengaluru,Books,Comics,4,25.6,0.053,Credit Card,3,102.4,5.43,96.97
ORD101658,CUST1127,2024-04-02,Male,32,Pune,Beauty,Moisturizer,2,322.82,0.286,Credit Card,3,645.64,184.65,460.99
ORD101659,CUST1204,2024-09-11,Female,40,Pune,Home & Kitchen,Bedsheet,3,255.15,0.208,Debit Card,4,765.45,159.21,606.24
ORD101660,CUST1180,2024-01-09,Female,55,Delhi,Clothing,Jacket,3,224.41,0.197,UPI,5,673.23,132.63,540.6
ORD101661,CUST1636,2024-02-13,Female,27,Pune,Books,Comics,4,193.39,0.221,Cash on Delivery,3,773.56,170.96,602.6
ORD101662,CUST1222,2024-03-29,Male,40,Delhi,Toys,Remote Car,1,205.8,0.205,Cash on Delivery,3,205.8,42.19,163.61
ORD101663,CUST1547,2024-10-03,Female,25,Kochi,Beauty,Perfume,1,228.96,0.147,Cash on Delivery,5,228.96,33.66,195.3
ORD101664,CUST1401,2024-05-11,Female,30,Kochi,Books,Comics,2,291.9,0.134,UPI,5,583.8,78.23,505.57
ORD101665,CUST1653,2024-01-12,Female,29,Kochi,Electronics,Earbuds,3,214.96,0.175,Credit Card,2,644.88,112.85,532.03
ORD101666,CUST1654,2024-06-23,Female,40,Chennai,Beauty,Perfume,4,265.77,0.318,UPI,2,1063.08,338.06,725.02
ORD101667,CUST1592,2024-07-29,Male,46,Chennai,Beauty,Shampoo,2,109.13,0.091,Debit Card,2,218.26,19.86,198.4
ORD101668,CUST1891,2024-06-02,Female,22,Mumbai,Books,Fiction Book,1,342.22,0.147,Debit Card,1,342.22,50.31,291.91
ORD101669,CUST1196,2024-01-30,Female,21,Pune,Clothing,T-Shirt,3,25.69,0.108,Net Banking,4,77.07,8.32,68.75
ORD101670,CUST1523,2024-10-21,Male,49,Bengaluru,Electronics,Smartwatch,3,144.5,0.178,Credit Card,3,433.5,77.16,356.34
ORD101671,CUST1393,2024-10-14,Female,30,Chennai,Home & Kitchen,Cookware Set,2,310.49,0.09,Credit Card,1,620.98,55.89,565.09
ORD101672,CUST1531,2024-11-01,Female,44,Chennai,Toys,Puzzle,1,75.48,0.278,Credit Card,2,75.48,20.98,54.5
ORD101673,CUST1139,2024-11-18,Male,21,Delhi,Beauty,Perfume,4,62.35,0.081,Cash on Delivery,3,249.4,20.2,229.2
ORD101674,CUST1318,2024-04-16,Female,43,Kochi,Clothing,Jeans,4,137.42,0.25,Cash on Delivery,5,549.68,137.42,412.26
ORD101675,CUST1940,2024-05-21,Male,57,Mumbai,Beauty,Face Wash,3,158.45,0.13,Credit Card,4,475.35,61.8,413.55
ORD101676,CUST1799,2024-11-17,Female,36,Pune,Electronics,Smartwatch,3,327.69,0.192,Cash on Delivery,3,983.07,188.75,794.32
ORD101677,CUST1425,2024-05-30,Female,42,Chennai,Beauty,Face Wash,2,295.1,0.11,Credit Card,1,590.2,64.92,525.28
ORD101678,CUST1110,2024-10-16,Male,30,Bengaluru,Sports,Dumbbells,2,170.47,0.269,Debit Card,2,340.94,91.71,249.23
ORD101679,CUST1647,2024-08-04,Female,30,Pune,Electronics,Earbuds,1,340.95,0.334,Cash on Delivery,4,340.95,113.88,227.07
ORD101680,CUST1300,2024-11-06,Female,20,Mumbai,Sports,Dumbbells,1,230.16,0.117,Credit Card,4,230.16,26.93,203.23
ORD101681,CUST1329,2024-01-04,Male,38,Chennai,Beauty,Moisturizer,2,307.68,0.336,Credit Card,5,615.36,206.76,408.6
ORD101682,CUST1096,2024-08-24,Female,58,Bengaluru,Beauty,Face Wash,2,97.43,0.148,Debit Card,3,194.86,28.84,166.02
ORD101683,CUST1288,2024-09-25,Female,22,Coimbatore,Beauty,Shampoo,1,178.8,0.217,Net Banking,2,178.8,38.8,140.0
ORD101684,CUST1213,2024-03-07,Female,35,Pune,Books,Self-Help Book,4,24.96,0.26,Net Banking,3,99.84,25.96,73.88
ORD101685,CUST1033,2024-09-03,Male,53,Coimbatore,Clothing,Kurta,2,17.97,0.11,Cash on Delivery,5,35.94,3.95,31.99
ORD101686,CUST1586,2024-03-06,Male,39,Hyderabad,Books,Academic Book,3,251.33,0.183,Cash on Delivery,1,753.99,137.98,616.01
ORD101687,CUST1968,2024-10-30,Male,50,Kochi,Sports,Dumbbells,2,54.63,0.07,Net Banking,5,109.26,7.65,101.61
ORD101688,CUST1125,2024-10-31,Female,34,Kochi,Sports,Yoga Mat,2,198.52,0.259,Net Banking,5,397.04,102.83,294.21
ORD101689,CUST1052,2024-01-02,Female,43,Hyderabad,Toys,Building Blocks,4,248.16,0.175,Net Banking,5,992.64,173.71,818.93
ORD101690,CUST1100,2024-06-18,Female,60,Bengaluru,Home & Kitchen,Cookware Set,3,25.8,0.317,UPI,4,77.4,24.54,52.86
ORD101691,CUST1545,2024-05-08,Male,43,Kochi,Beauty,Moisturizer,4,165.33,0.132,Cash on Delivery,3,661.32,87.29,574.03
ORD101692,CUST1825,2024-10-25,Female,52,Hyderabad,Electronics,Smartwatch,2,244.19,0.327,Credit Card,5,488.38,159.7,328.68
ORD101693,CUST1309,2024-04-17,Male,47,Mumbai,Books,Comics,2,313.06,0.092,Credit Card,1,626.12,57.6,568.52
ORD101694,CUST1118,2024-08-29,Female,22,Kochi,Beauty,Moisturizer,2,115.24,0.232,UPI,4,230.48,53.47,177.01
ORD101695,CUST1095,2024-02-09,Female,24,Hyderabad,Toys,Board Game,3,341.36,0.142,Net Banking,3,1024.08,145.42,878.66
ORD101696,CUST1607,2024-03-12,Female,44,Kochi,Sports,Cricket Bat,2,297.92,0.105,Cash on Delivery,3,595.84,62.56,533.28
ORD101697,CUST1356,2024-11-26,Female,32,Bengaluru,Books,Self-Help Book,2,232.96,0.078,Cash on Delivery,3,465.92,36.34,429.58
ORD101698,CUST1351,2024-05-08,Male,38,Hyderabad,Beauty,Perfume,1,146.3,0.247,Net Banking,1,146.3,36.14,110.16
ORD101699,CUST1238,2024-09-13,Male,38,Mumbai,Electronics,Earbuds,3,253.22,0.12,Cash on Delivery,5,759.66,91.16,668.5
ORD101700,CUST1895,2024-11-20,Male,52,Mumbai,Beauty,Moisturizer,3,288.42,0.222,UPI,4,865.26,192.09,673.17
ORD101701,CUST1374,2024-11-19,Female,60,Bengaluru,Electronics,Power Bank,3,116.61,0.344,Debit Card,4,349.83,120.34,229.49
ORD101702,CUST1706,2024-01-07,Male,60,Kochi,Electronics,Keyboard,4,347.6,0.145,UPI,1,1390.4,201.61,1188.79
ORD101703,CUST1741,2024-03-18,Male,21,Pune,Home & Kitchen,Bedsheet,4,319.39,0.06,UPI,4,1277.56,76.65,1200.91
ORD101704,CUST1059,2024-08-27,Female,50,Pune,Toys,Remote Car,4,177.64,0.093,Net Banking,5,710.56,66.08,644.48
ORD101705,CUST1248,2024-11-06,Female,49,Pune,Sports,Dumbbells,1,257.15,0.086,Cash on Delivery,5,257.15,22.11,235.04
ORD101706,CUST1894,2024-11-23,Male,55,Pune,Electronics,Power Bank,4,190.54,0.189,UPI,2,762.16,144.05,618.11
ORD101707,CUST1881,2024-08-29,Female,36,Pune,Clothing,Kurta,2,269.91,0.273,Net Banking,1,539.82,147.37,392.45
ORD101708,CUST1413,2024-02-04,Female,39,Pune,Home & Kitchen,Cookware Set,2,292.04,0.139,Debit Card,2,584.08,81.19,502.89
ORD101709,CUST1156,2024-09-05,Female,37,Pune,Electronics,Keyboard,2,22.78,0.094,Debit Card,1,45.56,4.28,41.28
ORD101710,CUST1297,2024-04-01,Female,34,Kochi,Books,Fiction Book,2,41.51,0.242,UPI,3,83.02,20.09,62.93
ORD101711,CUST1948,2024-09-27,Female,28,Bengaluru,Beauty,Face Wash,4,127.72,0.14,Debit Card,3,510.88,71.52,439.36
ORD101712,CUST1672,2024-07-02,Female,45,Delhi,Home & Kitchen,Storage Box,3,322.4,0.223,Net Banking,3,967.2,215.69,751.51
ORD101713,CUST1075,2024-03-02,Female,18,Bengaluru,Electronics,Keyboard,4,148.42,0.33,Credit Card,5,593.68,195.91,397.77
ORD101714,CUST1717,2024-10-09,Female,50,Bengaluru,Electronics,Smartwatch,4,312.32,0.137,Credit Card,4,1249.28,171.15,1078.13
ORD101715,CUST1146,2024-11-27,Female,54,Kochi,Home & Kitchen,Bedsheet,2,169.92,0.204,Cash on Delivery,3,339.84,69.33,270.51
ORD101716,CUST1302,2024-06-18,Female,27,Mumbai,Beauty,Moisturizer,3,111.77,0.292,Debit Card,4,335.31,97.91,237.4
ORD101717,CUST1481,2024-09-29,Female,27,Pune,Home & Kitchen,Mixer,3,316.72,0.258,Credit Card,2,950.16,245.14,705.02
ORD101718,CUST1351,2024-01-20,Male,39,Pune,Toys,Board Game,2,202.82,0.275,Cash on Delivery,4,405.64,111.55,294.09
ORD101719,CUST1697,2024-03-31,Male,54,Chennai,Toys,Board Game,3,135.76,0.282,Credit Card,5,407.28,114.85,292.43
ORD101720,CUST1156,2024-02-12,Male,22,Mumbai,Beauty,Face Wash,3,29.88,0.212,Net Banking,5,89.64,19.0,70.64
ORD101721,CUST1876,2024-04-05,Male,36,Bengaluru,Clothing,Jacket,4,52.16,0.211,Debit Card,3,208.64,44.02,164.62
ORD101722,CUST1592,2024-05-05,Female,27,Hyderabad,Books,Fiction Book,4,61.67,0.266,Net Banking,3,246.68,65.62,181.06
ORD101723,CUST1305,2024-05-24,Male,54,Bengaluru,Toys,Remote Car,3,137.22,0.259,UPI,2,411.66,106.62,305.04
ORD101724,CUST1955,2024-04-18,Female,55,Pune,Sports,Yoga Mat,4,218.46,0.251,Debit Card,3,873.84,219.33,654.51
ORD101725,CUST1477,2024-07-01,Female,21,Bengaluru,Sports,Dumbbells,1,118.04,0.165,UPI,5,118.04,19.48,98.56
ORD101726,CUST1416,2024-03-14,Male,24,Mumbai,Clothing,Kurta,4,36.95,0.299,Credit Card,5,147.8,44.19,103.61
ORD101727,CUST1021,2024-04-26,Female,24,Hyderabad,Home & Kitchen,Bedsheet,2,103.71,0.121,Cash on Delivery,4,207.42,25.1,182.32
ORD101728,CUST1995,2024-10-08,Male,52,Kochi,Electronics,Power Bank,2,151.91,0.097,Cash on Delivery,2,303.82,29.47,274.35
ORD101729,CUST1845,2024-07-07,Female,56,Coimbatore,Clothing,Jeans,4,347.41,0.154,Cash on Delivery,2,1389.64,214.0,1175.64
ORD101730,CUST1176,2024-01-10,Female,34,Hyderabad,Home & Kitchen,Mixer,2,146.65,0.126,Net Banking,2,293.3,36.96,256.34
ORD101731,CUST1946,2024-04-19,Female,24,Hyderabad,Electronics,Earbuds,4,44.88,0.249,UPI,1,179.52,44.7,134.82
ORD101732,CUST1795,2024-10-04,Male,46,Pune,Clothing,Jacket,2,209.67,0.119,Debit Card,1,419.34,49.9,369.44
ORD101733,CUST1420,2024-03-01,Male,56,Pune,Beauty,Face Wash,2,323.08,0.247,Credit Card,4,646.16,159.6,486.56
ORD101734,CUST1927,2024-11-04,Female,57,Delhi,Books,Academic Book,2,278.54,0.204,Net Banking,4,557.08,113.64,443.44
ORD101735,CUST1558,2024-04-09,Male,37,Chennai,Electronics,Power Bank,2,295.13,0.096,Cash on Delivery,1,590.26,56.66,533.6
ORD101736,CUST1687,2024-07-30,Male,51,Chennai,Beauty,Shampoo,4,325.96,0.128,Debit Card,4,1303.84,166.89,1136.95
ORD101737,CUST1183,2024-06-08,Male,59,Pune,Electronics,Power Bank,1,228.24,0.207,UPI,1,228.24,47.25,180.99
ORD101738,CUST1109,2024-07-28,Female,53,Mumbai,Books,Fiction Book,3,348.3,0.27,UPI,2,1044.9,282.12,762.78
ORD101739,CUST1527,2024-09-24,Female,38,Coimbatore,Sports,Dumbbells,4,26.15,0.169,Net Banking,2,104.6,17.68,86.92
ORD101740,CUST1326,2024-02-19,Female,29,Chennai,Beauty,Shampoo,2,294.67,0.12,Credit Card,1,589.34,70.72,518.62
ORD101741,CUST1980,2024-04-27,Male,33,Bengaluru,Books,Academic Book,3,302.1,0.139,Cash on Delivery,4,906.3,125.98,780.32
ORD101742,CUST1085,2024-07-09,Female,33,Coimbatore,Books,Comics,2,322.09,0.079,UPI,1,644.18,50.89,593.29
ORD101743,CUST1762,2024-03-28,Male,60,Kochi,Clothing,Jacket,1,175.19,0.058,UPI,3,175.19,10.16,165.03
ORD101744,CUST1601,2024-05-05,Female,49,Pune,Electronics,Smartwatch,3,278.9,0.342,Debit Card,3,836.7,286.15,550.55
ORD101745,CUST1878,2024-10-23,Female,54,Chennai,Toys,Remote Car,4,80.35,0.079,Debit Card,3,321.4,25.39,296.01
ORD101746,CUST1997,2024-03-17,Male,51,Chennai,Toys,Remote Car,3,217.05,0.087,Cash on Delivery,1,651.15,56.65,594.5
ORD101747,CUST1869,2024-03-04,Female,38,Kochi,Beauty,Perfume,2,135.15,0.311,Debit Card,3,270.3,84.06,186.24
ORD101748,CUST1374,2024-07-14,Male,51,Mumbai,Sports,Yoga Mat,1,214.72,0.249,Credit Card,4,214.72,53.47,161.25
ORD101749,CUST1694,2024-02-03,Female,45,Mumbai,Sports,Football,4,241.31,0.181,UPI,2,965.24,174.71,790.53
ORD101750,CUST1162,2024-01-01,Female,49,Kochi,Sports,Football,4,131.27,0.245,Debit Card,5,525.08,128.64,396.44
ORD101751,CUST1485,2024-10-18,Male,30,Bengaluru,Toys,Building Blocks,4,87.44,0.33,Debit Card,3,349.76,115.42,234.34
ORD101752,CUST1268,2024-04-02,Male,27,Hyderabad,Books,Fiction Book,2,122.77,0.08,Credit Card,4,245.54,19.64,225.9
ORD101753,CUST1249,2024-02-10,Male,25,Pune,Electronics,Earbuds,3,237.43,0.123,Net Banking,1,712.29,87.61,624.68
ORD101754,CUST1570,2024-08-07,Female,30,Kochi,Beauty,Shampoo,2,241.75,0.308,Cash on Delivery,5,483.5,148.92,334.58
ORD101755,CUST1126,2024-06-10,Female,60,Hyderabad,Home & Kitchen,Storage Box,1,263.34,0.284,UPI,3,263.34,74.79,188.55
ORD101756,CUST1568,2024-06-01,Male,58,Bengaluru,Toys,Board Game,1,57.39,0.348,Cash on Delivery,5,57.39,19.97,37.42
ORD101757,CUST1400,2024-05-26,Female,24,Chennai,Clothing,Jacket,2,289.2,0.144,UPI,4,578.4,83.29,495.11
ORD101758,CUST1229,2024-02-18,Female,41,Chennai,Electronics,Earbuds,3,245.53,0.333,Cash on Delivery,4,736.59,245.28,491.31
ORD101759,CUST1561,2024-10-14,Male,58,Hyderabad,Electronics,Earbuds,1,25.22,0.153,Credit Card,1,25.22,3.86,21.36
ORD101760,CUST1749,2024-01-01,Male,50,Delhi,Electronics,Smartwatch,3,127.43,0.265,Credit Card,3,382.29,101.31,280.98
ORD101761,CUST1609,2024-06-10,Female,44,Mumbai,Home & Kitchen,Bedsheet,2,171.35,0.315,Net Banking,4,342.7,107.95,234.75
ORD101762,CUST1087,2024-03-31,Female,43,Bengaluru,Books,Fiction Book,4,135.81,0.101,Debit Card,5,543.24,54.87,488.37
ORD101763,CUST1561,2024-08-02,Female,32,Pune,Books,Fiction Book,2,54.33,0.112,UPI,2,108.66,12.17,96.49
ORD101764,CUST1622,2024-07-02,Female,57,Kochi,Clothing,T-Shirt,1,84.46,0.224,Net Banking,3,84.46,18.92,65.54
ORD101765,CUST1682,2024-05-08,Male,21,Bengaluru,Clothing,Jeans,2,23.23,0.303,Debit Card,1,46.46,14.08,32.38
ORD101766,CUST1425,2024-06-28,Male,55,Pune,Clothing,Kurta,4,46.18,0.074,Debit Card,3,184.72,13.67,171.05
ORD101767,CUST1094,2024-03-17,Male,55,Delhi,Electronics,Keyboard,2,104.21,0.305,Debit Card,3,208.42,63.57,144.85
ORD101768,CUST1127,2024-02-13,Male,29,Pune,Clothing,Jeans,3,289.69,0.153,Net Banking,1,869.07,132.97,736.1
ORD101769,CUST1331,2024-10-30,Male,40,Chennai,Clothing,T-Shirt,4,191.42,0.172,Net Banking,5,765.68,131.7,633.98
ORD101770,CUST1633,2024-07-24,Female,56,Pune,Beauty,Moisturizer,2,157.21,0.152,UPI,4,314.42,47.79,266.63
ORD101771,CUST1738,2024-08-07,Male,38,Pune,Toys,Remote Car,3,236.82,0.323,Debit Card,1,710.46,229.48,480.98
ORD101772,CUST1672,2024-11-30,Female,30,Pune,Beauty,Moisturizer,1,196.41,0.089,Credit Card,5,196.41,17.48,178.93
ORD101773,CUST1311,2024-10-29,Male,21,Coimbatore,Toys,Remote Car,2,59.06,0.222,Cash on Delivery,4,118.12,26.22,91.9
ORD101774,CUST1439,2024-07-14,Female,36,Pune,Electronics,Power Bank,2,89.58,0.094,Credit Card,4,179.16,16.84,162.32
ORD101775,CUST1046,2024-09-22,Female,29,Kochi,Toys,Building Blocks,3,89.54,0.329,Credit Card,5,268.62,88.38,180.24
ORD101776,CUST1797,2024-06-25,Female,54,Pune,Sports,Yoga Mat,4,215.98,0.289,Debit Card,3,863.92,249.67,614.25
ORD101777,CUST1353,2024-03-20,Female,55,Mumbai,Toys,Building Blocks,2,169.64,0.12,UPI,2,339.28,40.71,298.57
ORD101778,CUST1508,2024-07-27,Female,31,Coimbatore,Sports,Football,2,144.84,0.139,Credit Card,4,289.68,40.27,249.41
ORD101779,CUST1449,2024-11-01,Female,27,Pune,Home & Kitchen,Storage Box,4,201.47,0.164,Net Banking,5,805.88,132.16,673.72
ORD101780,CUST1285,2024-10-21,Female,30,Delhi,Sports,Yoga Mat,2,339.99,0.172,Net Banking,5,679.98,116.96,563.02
ORD101781,CUST1168,2024-06-18,Male,35,Delhi,Books,Fiction Book,3,120.25,0.295,UPI,4,360.75,106.42,254.33
ORD101782,CUST1952,2024-11-12,Female,46,Hyderabad,Beauty,Face Wash,3,189.27,0.219,Cash on Delivery,4,567.81,124.35,443.46
ORD101783,CUST1119,2024-03-07,Female,24,Delhi,Books,Self-Help Book,1,175.92,0.178,UPI,1,175.92,31.31,144.61
ORD101784,CUST1943,2024-01-14,Female,60,Mumbai,Books,Academic Book,4,255.08,0.266,Net Banking,3,1020.32,271.41,748.91
ORD101785,CUST1113,2024-05-15,Female,48,Bengaluru,Books,Fiction Book,2,259.65,0.187,Debit Card,2,519.3,97.11,422.19
ORD101786,CUST1095,2024-03-09,Male,23,Mumbai,Beauty,Face Wash,3,259.24,0.088,Cash on Delivery,2,777.72,68.44,709.28
ORD101787,CUST1902,2024-11-16,Male,31,Kochi,Home & Kitchen,Storage Box,2,82.51,0.082,Net Banking,5,165.02,13.53,151.49
ORD101788,CUST1945,2024-02-08,Female,48,Hyderabad,Toys,Remote Car,4,165.45,0.148,Debit Card,2,661.8,97.95,563.85
ORD101789,CUST1894,2024-06-28,Female,39,Pune,Electronics,Smartwatch,3,286.74,0.231,Credit Card,5,860.22,198.71,661.51
ORD101790,CUST1774,2024-09-15,Female,40,Mumbai,Clothing,Jeans,1,142.81,0.09,Cash on Delivery,5,142.81,12.85,129.96
ORD101791,CUST1492,2024-02-07,Male,19,Hyderabad,Beauty,Face Wash,1,344.73,0.215,Net Banking,3,344.73,74.12,270.61
ORD101792,CUST1106,2024-01-16,Male,35,Mumbai,Home & Kitchen,Mixer,4,137.2,0.131,Cash on Delivery,1,548.8,71.89,476.91
ORD101793,CUST1590,2024-07-04,Female,44,Kochi,Books,Comics,3,181.72,0.259,Credit Card,4,545.16,141.2,403.96
ORD101794,CUST1518,2024-10-29,Male,50,Chennai,Toys,Board Game,2,173.97,0.058,Debit Card,5,347.94,20.18,327.76
ORD101795,CUST1734,2024-01-06,Female,37,Pune,Electronics,Keyboard,1,160.28,0.191,Cash on Delivery,3,160.28,30.61,129.67
ORD101796,CUST1034,2024-01-07,Female,41,Coimbatore,Home & Kitchen,Mixer,1,298.29,0.066,UPI,1,298.29,19.69,278.6
ORD101797,CUST1077,2024-11-06,Male,27,Bengaluru,Sports,Yoga Mat,4,67.02,0.149,Net Banking,3,268.08,39.94,228.14
ORD101798,CUST1588,2024-07-20,Female,52,Coimbatore,Books,Fiction Book,4,205.17,0.055,Net Banking,5,820.68,45.14,775.54
ORD101799,CUST1854,2024-08-22,Female,48,Pune,Sports,Yoga Mat,2,222.23,0.191,Cash on Delivery,3,444.46,84.89,359.57
ORD101800,CUST1932,2024-04-02,Male,49,Hyderabad,Toys,Remote Car,1,300.16,0.28,Debit Card,3,300.16,84.04,216.12
ORD101801,CUST1568,2024-04-14,Female,46,Bengaluru,Toys,Remote Car,2,219.08,0.08,UPI,3,438.16,35.05,403.11
ORD101802,CUST1367,2024-06-06,Female,60,Kochi,Toys,Board Game,1,336.61,0.271,Debit Card,4,336.61,91.22,245.39
ORD101803,CUST1471,2024-03-12,Male,55,Bengaluru,Clothing,Kurta,3,307.18,0.225,Net Banking,2,921.54,207.35,714.19
ORD101804,CUST1508,2024-05-28,Female,52,Kochi,Toys,Building Blocks,3,131.83,0.201,UPI,4,395.49,79.49,316.0
ORD101805,CUST1618,2024-11-15,Female,32,Pune,Toys,Building Blocks,4,303.07,0.23,Net Banking,5,1212.28,278.82,933.46
ORD101806,CUST1227,2024-09-07,Male,20,Coimbatore,Toys,Puzzle,2,336.09,0.151,Credit Card,4,672.18,101.5,570.68
ORD101807,CUST1388,2024-10-18,Male,18,Hyderabad,Clothing,Kurta,1,101.16,0.263,Cash on Delivery,5,101.16,26.61,74.55
ORD101808,CUST1540,2024-06-15,Female,51,Chennai,Sports,Dumbbells,1,219.42,0.284,Credit Card,4,219.42,62.32,157.1
ORD101809,CUST1849,2024-09-20,Female,56,Pune,Home & Kitchen,Cookware Set,2,109.4,0.283,Cash on Delivery,5,218.8,61.92,156.88
ORD101810,CUST1801,2024-05-21,Male,45,Hyderabad,Clothing,T-Shirt,3,232.61,0.131,Debit Card,1,697.83,91.42,606.41
ORD101811,CUST1753,2024-07-25,Male,49,Delhi,Books,Academic Book,1,46.37,0.246,Net Banking,2,46.37,11.41,34.96
ORD101812,CUST1215,2024-09-01,Female,21,Mumbai,Sports,Football,4,260.95,0.094,Credit Card,2,1043.8,98.12,945.68
ORD101813,CUST1406,2024-10-03,Male,42,Hyderabad,Beauty,Perfume,2,155.64,0.199,Net Banking,5,311.28,61.94,249.34
ORD101814,CUST1552,2024-11-06,Male,44,Pune,Books,Comics,4,211.75,0.051,Net Banking,2,847.0,43.2,803.8
ORD101815,CUST1966,2024-02-05,Male,24,Delhi,Beauty,Face Wash,2,23.66,0.108,Credit Card,5,47.32,5.11,42.21
ORD101816,CUST1354,2024-09-22,Female,50,Pune,Sports,Cricket Bat,1,247.97,0.24,Net Banking,4,247.97,59.51,188.46
ORD101817,CUST1917,2024-08-25,Female,32,Pune,Beauty,Shampoo,1,181.16,0.312,Net Banking,1,181.16,56.52,124.64
ORD101818,CUST1747,2024-09-03,Male,26,Pune,Sports,Football,3,224.46,0.065,Credit Card,4,673.38,43.77,629.61
ORD101819,CUST1633,2024-01-05,Female,47,Hyderabad,Sports,Dumbbells,3,120.75,0.218,Credit Card,2,362.25,78.97,283.28
ORD101820,CUST1701,2024-06-12,Female,36,Coimbatore,Toys,Remote Car,4,63.85,0.241,Debit Card,2,255.4,61.55,193.85
ORD101821,CUST1792,2024-11-17,Female,41,Bengaluru,Electronics,Keyboard,4,160.87,0.33,Cash on Delivery,5,643.48,212.35,431.13
ORD101822,CUST1698,2024-10-28,Female,41,Kochi,Sports,Yoga Mat,1,331.23,0.247,UPI,4,331.23,81.81,249.42
ORD101823,CUST1671,2024-03-18,Male,44,Coimbatore,Sports,Cricket Bat,2,91.31,0.081,Cash on Delivery,4,182.62,14.79,167.83
ORD101824,CUST1377,2024-06-11,Male,35,Delhi,Toys,Board Game,1,241.41,0.094,UPI,2,241.41,22.69,218.72
ORD101825,CUST1427,2024-10-16,Male,53,Bengaluru,Beauty,Perfume,1,31.7,0.241,Net Banking,4,31.7,7.64,24.06
ORD101826,CUST1598,2024-11-07,Female,55,Kochi,Clothing,T-Shirt,1,255.56,0.115,UPI,2,255.56,29.39,226.17
ORD101827,CUST1842,2024-04-20,Male,38,Delhi,Sports,Football,1,94.88,0.328,Credit Card,4,94.88,31.12,63.76
ORD101828,CUST1650,2024-09-25,Male,25,Coimbatore,Sports,Yoga Mat,3,166.26,0.326,Net Banking,2,498.78,162.6,336.18
ORD101829,CUST1986,2024-10-06,Female,29,Chennai,Electronics,Smartwatch,1,138.2,0.335,Net Banking,4,138.2,46.3,91.9
ORD101830,CUST1680,2024-02-20,Female,51,Hyderabad,Sports,Dumbbells,1,52.8,0.138,Net Banking,4,52.8,7.29,45.51
ORD101831,CUST1407,2024-01-11,Male,29,Hyderabad,Sports,Dumbbells,1,130.77,0.265,Net Banking,2,130.77,34.65,96.12
ORD101832,CUST1574,2024-01-16,Female,51,Coimbatore,Electronics,Earbuds,3,132.29,0.249,Credit Card,1,396.87,98.82,298.05
ORD101833,CUST1622,2024-02-18,Male,46,Mumbai,Sports,Yoga Mat,3,189.91,0.061,Debit Card,1,569.73,34.75,534.98
ORD101834,CUST1865,2024-09-05,Female,37,Chennai,Books,Comics,4,340.74,0.13,UPI,5,1362.96,177.18,1185.78
ORD101835,CUST1255,2024-05-10,Female,23,Delhi,Books,Comics,1,172.46,0.112,Cash on Delivery,5,172.46,19.32,153.14
ORD101836,CUST1248,2024-08-17,Female,41,Bengaluru,Clothing,T-Shirt,1,321.33,0.161,Cash on Delivery,4,321.33,51.73,269.6
ORD101837,CUST1201,2024-01-31,Female,47,Mumbai,Clothing,Kurta,2,169.62,0.336,Net Banking,1,339.24,113.98,225.26
ORD101838,CUST1055,2024-07-20,Female,24,Kochi,Home & Kitchen,Storage Box,3,51.03,0.304,Cash on Delivery,3,153.09,46.54,106.55
ORD101839,CUST1674,2024-09-06,Male,53,Mumbai,Beauty,Shampoo,1,92.1,0.138,UPI,3,92.1,12.71,79.39
ORD101840,CUST1961,2024-11-23,Male,26,Mumbai,Beauty,Face Wash,1,151.52,0.209,Credit Card,2,151.52,31.67,119.85
ORD101841,CUST1613,2024-04-16,Female,35,Chennai,Clothing,Jacket,2,124.0,0.108,Cash on Delivery,2,248.0,26.78,221.22
ORD101842,CUST1060,2024-07-01,Male,40,Mumbai,Sports,Football,1,305.05,0.133,Net Banking,4,305.05,40.57,264.48
ORD101843,CUST1364,2024-06-10,Female,49,Kochi,Books,Academic Book,2,242.35,0.07,Debit Card,5,484.7,33.93,450.77
ORD101844,CUST1902,2024-04-26,Male,27,Kochi,Electronics,Power Bank,4,208.73,0.243,Net Banking,5,834.92,202.89,632.03
ORD101845,CUST1051,2024-08-02,Female,32,Kochi,Books,Comics,3,179.56,0.247,Credit Card,2,538.68,133.05,405.63
ORD101846,CUST1611,2024-07-08,Male,52,Hyderabad,Toys,Board Game,2,148.09,0.302,Cash on Delivery,3,296.18,89.45,206.73
ORD101847,CUST1440,2024-10-06,Male,32,Chennai,Home & Kitchen,Mixer,2,220.08,0.311,Debit Card,3,440.16,136.89,303.27
ORD101848,CUST1917,2024-01-10,Female,44,Bengaluru,Toys,Board Game,4,56.74,0.098,Net Banking,2,226.96,22.24,204.72
ORD101849,CUST1512,2024-03-15,Male,35,Bengaluru,Home & Kitchen,Mixer,3,69.45,0.273,UPI,3,208.35,56.88,151.47
ORD101850,CUST1564,2024-07-13,Male,20,Chennai,Beauty,Shampoo,3,116.54,0.09,Debit Card,2,349.62,31.47,318.15
ORD101851,CUST1721,2024-07-11,Male,40,Pune,Books,Academic Book,4,72.35,0.162,UPI,1,289.4,46.88,242.52
ORD101852,CUST1820,2024-10-29,Female,33,Delhi,Electronics,Power Bank,1,241.83,0.205,Cash on Delivery,3,241.83,49.58,192.25
ORD101853,CUST1515,2024-08-14,Male,29,Pune,Sports,Cricket Bat,1,23.3,0.065,Debit Card,2,23.3,1.51,21.79
ORD101854,CUST1720,2024-01-02,Male,54,Bengaluru,Beauty,Shampoo,2,68.66,0.097,Net Banking,2,137.32,13.32,124.0
ORD101855,CUST1804,2024-06-12,Male,51,Pune,Beauty,Moisturizer,2,317.37,0.131,Cash on Delivery,4,634.74,83.15,551.59
ORD101856,CUST1524,2024-10-10,Male,29,Chennai,Electronics,Power Bank,1,349.18,0.088,Cash on Delivery,4,349.18,30.73,318.45
ORD101857,CUST1715,2024-10-19,Female,40,Pune,Books,Fiction Book,1,178.34,0.33,Net Banking,1,178.34,58.85,119.49
ORD101858,CUST1362,2024-09-25,Female,48,Coimbatore,Books,Academic Book,4,180.95,0.136,Cash on Delivery,2,723.8,98.44,625.36
ORD101859,CUST1354,2024-06-08,Female,20,Hyderabad,Books,Fiction Book,3,274.09,0.2,UPI,1,822.27,164.45,657.82
ORD101860,CUST1002,2024-02-05,Male,22,Hyderabad,Books,Comics,3,27.12,0.349,UPI,5,81.36,28.39,52.97
ORD101861,CUST1668,2024-03-12,Female,41,Mumbai,Toys,Board Game,1,158.05,0.22,Debit Card,5,158.05,34.77,123.28
ORD101862,CUST1250,2024-10-10,Female,58,Delhi,Electronics,Earbuds,2,48.44,0.173,Debit Card,3,96.88,16.76,80.12
ORD101863,CUST1813,2024-04-24,Male,57,Delhi,Electronics,Power Bank,3,149.31,0.329,Cash on Delivery,5,447.93,147.37,300.56
ORD101864,CUST1950,2024-09-12,Female,37,Chennai,Sports,Yoga Mat,3,344.58,0.117,Credit Card,4,1033.74,120.95,912.79
ORD101865,CUST1874,2024-01-13,Female,48,Mumbai,Toys,Board Game,3,267.47,0.104,Credit Card,5,802.41,83.45,718.96
ORD101866,CUST1275,2024-06-13,Female,39,Delhi,Electronics,Keyboard,3,344.99,0.211,UPI,5,1034.97,218.38,816.59
ORD101867,CUST1651,2024-11-14,Female,56,Delhi,Electronics,Earbuds,2,264.93,0.178,Credit Card,3,529.86,94.32,435.54
ORD101868,CUST1751,2024-03-23,Female,42,Pune,Books,Fiction Book,4,218.72,0.289,Cash on Delivery,3,874.88,252.84,622.04
ORD101869,CUST1505,2024-01-11,Female,56,Pune,Sports,Yoga Mat,2,267.66,0.063,Cash on Delivery,4,535.32,33.73,501.59
ORD101870,CUST1507,2024-04-06,Female,33,Mumbai,Beauty,Face Wash,1,235.8,0.235,UPI,1,235.8,55.41,180.39
ORD101871,CUST1437,2024-01-22,Male,58,Delhi,Home & Kitchen,Cookware Set,4,170.46,0.263,Net Banking,2,681.84,179.32,502.52
ORD101872,CUST1308,2024-07-24,Male,49,Hyderabad,Sports,Dumbbells,1,113.0,0.342,UPI,3,113.0,38.65,74.35
ORD101873,CUST1572,2024-03-05,Female,51,Hyderabad,Electronics,Power Bank,2,189.26,0.094,Net Banking,2,378.52,35.58,342.94
ORD101874,CUST1990,2024-03-23,Female,18,Hyderabad,Electronics,Smartwatch,1,101.6,0.124,Credit Card,3,101.6,12.6,89.0
ORD101875,CUST1218,2024-07-15,Female,52,Mumbai,Electronics,Earbuds,1,178.04,0.33,Debit Card,5,178.04,58.75,119.29
ORD101876,CUST1046,2024-04-18,Male,24,Chennai,Beauty,Face Wash,2,63.96,0.239,Net Banking,4,127.92,30.57,97.35
ORD101877,CUST1056,2024-08-05,Female,58,Bengaluru,Books,Comics,1,204.41,0.061,Net Banking,5,204.41,12.47,191.94
ORD101878,CUST1581,2024-11-07,Male,26,Chennai,Home & Kitchen,Storage Box,2,97.17,0.073,Cash on Delivery,5,194.34,14.19,180.15
ORD101879,CUST1269,2024-11-07,Female,53,Mumbai,Sports,Cricket Bat,4,113.36,0.286,UPI,2,453.44,129.68,323.76
ORD101880,CUST1461,2024-09-01,Female,45,Mumbai,Sports,Yoga Mat,1,182.17,0.22,UPI,4,182.17,40.08,142.09
ORD101881,CUST1949,2024-11-20,Female,34,Bengaluru,Sports,Yoga Mat,4,69.45,0.22,Cash on Delivery,2,277.8,61.12,216.68
ORD101882,CUST1076,2024-09-03,Female,56,Bengaluru,Toys,Remote Car,2,337.4,0.314,Net Banking,5,674.8,211.89,462.91
ORD101883,CUST1174,2024-01-23,Female,34,Delhi,Home & Kitchen,Storage Box,3,164.73,0.122,UPI,1,494.19,60.29,433.9
ORD101884,CUST1213,2024-11-16,Female,20,Bengaluru,Beauty,Perfume,2,133.01,0.098,Net Banking,2,266.02,26.07,239.95
ORD101885,CUST1456,2024-07-08,Male,21,Coimbatore,Home & Kitchen,Mixer,2,24.78,0.234,Net Banking,5,49.56,11.6,37.96
ORD101886,CUST1693,2024-01-02,Female,54,Bengaluru,Home & Kitchen,Bedsheet,1,297.49,0.315,Credit Card,2,297.49,93.71,203.78
ORD101887,CUST1183,2024-07-26,Female,34,Mumbai,Clothing,Jeans,3,224.65,0.13,Net Banking,4,673.95,87.61,586.34
ORD101888,CUST1108,2024-03-22,Female,53,Coimbatore,Books,Academic Book,4,154.5,0.254,Cash on Delivery,2,618.0,156.97,461.03
ORD101889,CUST1085,2024-06-28,Male,18,Chennai,Beauty,Moisturizer,3,97.25,0.096,Debit Card,2,291.75,28.01,263.74
ORD101890,CUST1800,2024-08-08,Female,21,Mumbai,Sports,Football,3,264.62,0.102,UPI,4,793.86,80.97,712.89
ORD101891,CUST1029,2024-01-10,Male,60,Mumbai,Books,Academic Book,3,331.73,0.32,UPI,4,995.19,318.46,676.73
ORD101892,CUST1624,2024-05-26,Male,24,Delhi,Beauty,Moisturizer,2,142.57,0.085,Cash on Delivery,2,285.14,24.24,260.9
ORD101893,CUST1577,2024-01-19,Female,47,Kochi,Sports,Dumbbells,1,60.18,0.057,Credit Card,5,60.18,3.43,56.75
ORD101894,CUST1100,2024-02-07,Male,33,Delhi,Clothing,Kurta,3,51.58,0.282,Debit Card,1,154.74,43.64,111.1
ORD101895,CUST1551,2024-03-11,Male,39,Mumbai,Home & Kitchen,Bedsheet,4,17.13,0.159,Debit Card,1,68.52,10.89,57.63
ORD101896,CUST1286,2024-09-18,Female,22,Mumbai,Books,Fiction Book,2,264.23,0.169,Credit Card,5,528.46,89.31,439.15
ORD101897,CUST1514,2024-05-18,Female,29,Delhi,Toys,Remote Car,4,343.77,0.29,UPI,1,1375.08,398.77,976.31
ORD101898,CUST1137,2024-01-16,Female,50,Hyderabad,Books,Fiction Book,4,347.59,0.104,Cash on Delivery,2,1390.36,144.6,1245.76
ORD101899,CUST1667,2024-09-07,Male,41,Pune,Clothing,T-Shirt,1,277.71,0.245,Debit Card,1,277.71,68.04,209.67
ORD101900,CUST1796,2024-07-01,Male,39,Mumbai,Clothing,Kurta,3,69.33,0.144,UPI,2,207.99,29.95,178.04
ORD101901,CUST1003,2024-02-17,Male,58,Chennai,Toys,Building Blocks,3,342.53,0.081,Net Banking,1,1027.59,83.23,944.36
ORD101902,CUST1532,2024-07-07,Male,35,Delhi,Clothing,Kurta,2,124.82,0.256,Cash on Delivery,2,249.64,63.91,185.73
ORD101903,CUST1646,2024-03-24,Male,52,Hyderabad,Beauty,Moisturizer,3,126.76,0.146,Cash on Delivery,2,380.28,55.52,324.76
ORD101904,CUST1002,2024-08-01,Male,49,Hyderabad,Books,Self-Help Book,4,245.26,0.31,Credit Card,1,981.04,304.12,676.92
ORD101905,CUST1723,2024-11-13,Male,37,Hyderabad,Toys,Building Blocks,3,31.43,0.326,Debit Card,4,94.29,30.74,63.55
ORD101906,CUST1542,2024-04-15,Female,30,Bengaluru,Sports,Football,4,291.63,0.305,Net Banking,1,1166.52,355.79,810.73
ORD101907,CUST1305,2024-09-06,Female,33,Hyderabad,Sports,Football,4,349.09,0.147,UPI,3,1396.36,205.26,1191.1
ORD101908,CUST1482,2024-01-08,Male,55,Kochi,Clothing,Jeans,4,274.65,0.121,Cash on Delivery,2,1098.6,132.93,965.67
ORD101909,CUST1681,2024-05-16,Female,31,Hyderabad,Beauty,Perfume,4,276.86,0.318,Credit Card,4,1107.44,352.17,755.27
ORD101910,CUST1642,2024-10-24,Male,46,Pune,Electronics,Smartwatch,1,145.76,0.186,UPI,2,145.76,27.11,118.65
ORD101911,CUST1775,2024-01-25,Female,23,Mumbai,Clothing,Jacket,1,37.08,0.262,Credit Card,3,37.08,9.71,27.37
ORD101912,CUST1034,2024-11-07,Male,32,Chennai,Books,Self-Help Book,1,280.54,0.298,Debit Card,5,280.54,83.6,196.94
ORD101913,CUST1786,2024-02-01,Female,58,Coimbatore,Electronics,Keyboard,1,215.05,0.133,Net Banking,1,215.05,28.6,186.45
ORD101914,CUST1035,2024-06-10,Male,41,Kochi,Sports,Cricket Bat,3,319.63,0.086,Credit Card,3,958.89,82.46,876.43
ORD101915,CUST1649,2024-03-01,Male,53,Bengaluru,Books,Self-Help Book,3,53.85,0.237,Debit Card,3,161.55,38.29,123.26
ORD101916,CUST1349,2024-01-07,Female,29,Bengaluru,Books,Academic Book,2,117.22,0.227,Cash on Delivery,4,234.44,53.22,181.22
ORD101917,CUST1063,2024-04-27,Female,50,Kochi,Toys,Remote Car,1,135.82,0.131,Debit Card,3,135.82,17.79,118.03
ORD101918,CUST1687,2024-07-13,Female,60,Chennai,Beauty,Moisturizer,3,243.9,0.225,Cash on Delivery,4,731.7,164.63,567.07
ORD101919,CUST1552,2024-08-29,Female,57,Kochi,Toys,Remote Car,2,278.89,0.287,Net Banking,4,557.78,160.08,397.7
ORD101920,CUST1665,2024-04-15,Male,36,Bengaluru,Electronics,Keyboard,4,336.94,0.155,Credit Card,4,1347.76,208.9,1138.86
ORD101921,CUST1375,2024-06-13,Female,47,Coimbatore,Sports,Yoga Mat,1,113.96,0.123,Credit Card,4,113.96,14.02,99.94
ORD101922,CUST1277,2024-03-02,Female,56,Kochi,Home & Kitchen,Cookware Set,2,180.37,0.268,UPI,5,360.74,96.68,264.06
ORD101923,CUST1624,2024-09-01,Female,52,Bengaluru,Sports,Football,1,24.7,0.286,Debit Card,1,24.7,7.06,17.64
ORD101924,CUST1215,2024-02-26,Female,60,Bengaluru,Home & Kitchen,Bedsheet,2,99.75,0.336,Credit Card,3,199.5,67.03,132.47
ORD101925,CUST1811,2024-10-15,Female,19,Chennai,Books,Comics,4,140.29,0.094,Credit Card,5,561.16,52.75,508.41
ORD101926,CUST1682,2024-03-01,Female,41,Coimbatore,Clothing,Jacket,2,213.93,0.317,Debit Card,1,427.86,135.63,292.23
ORD101927,CUST1998,2024-08-10,Female,52,Hyderabad,Home & Kitchen,Bedsheet,2,172.73,0.28,Cash on Delivery,5,345.46,96.73,248.73
ORD101928,CUST1027,2024-04-20,Male,49,Pune,Toys,Board Game,2,137.1,0.261,Debit Card,1,274.2,71.57,202.63
ORD101929,CUST1585,2024-11-29,Male,24,Delhi,Clothing,Jacket,2,224.07,0.144,UPI,4,448.14,64.53,383.61
ORD101930,CUST1556,2024-04-04,Male,42,Delhi,Sports,Cricket Bat,3,292.59,0.057,Credit Card,1,877.77,50.03,827.74
ORD101931,CUST1856,2024-11-13,Female,25,Bengaluru,Toys,Remote Car,4,95.96,0.202,Cash on Delivery,4,383.84,77.54,306.3
ORD101932,CUST1423,2024-10-07,Female,21,Hyderabad,Toys,Remote Car,3,129.86,0.136,Credit Card,5,389.58,52.98,336.6
ORD101933,CUST1935,2024-06-05,Male,22,Delhi,Beauty,Moisturizer,3,251.15,0.137,Cash on Delivery,5,753.45,103.22,650.23
ORD101934,CUST1238,2024-06-14,Female,58,Chennai,Beauty,Perfume,2,275.61,0.328,Net Banking,3,551.22,180.8,370.42
ORD101935,CUST1853,2024-04-28,Female,29,Mumbai,Toys,Board Game,1,291.51,0.096,Credit Card,5,291.51,27.98,263.53
ORD101936,CUST1519,2024-05-23,Male,37,Pune,Clothing,Jeans,3,85.13,0.33,UPI,1,255.39,84.28,171.11
ORD101937,CUST1942,2024-06-05,Male,29,Mumbai,Sports,Yoga Mat,4,195.65,0.201,Net Banking,2,782.6,157.3,625.3
ORD101938,CUST1216,2024-02-18,Female,56,Mumbai,Toys,Building Blocks,3,316.5,0.301,UPI,1,949.5,285.8,663.7
ORD101939,CUST1259,2024-04-18,Female,56,Coimbatore,Books,Fiction Book,1,146.3,0.135,UPI,4,146.3,19.75,126.55
ORD101940,CUST1563,2024-10-20,Male,46,Delhi,Clothing,Jeans,3,159.01,0.24,Debit Card,5,477.03,114.49,362.54
ORD101941,CUST1551,2024-11-23,Male,53,Pune,Books,Self-Help Book,4,344.92,0.217,Credit Card,5,1379.68,299.39,1080.29
ORD101942,CUST1148,2024-01-19,Male,22,Chennai,Sports,Yoga Mat,1,52.87,0.327,Credit Card,3,52.87,17.29,35.58
ORD101943,CUST1650,2024-09-02,Female,60,Kochi,Home & Kitchen,Cookware Set,1,251.38,0.104,Net Banking,1,251.38,26.14,225.24
ORD101944,CUST1405,2024-03-21,Male,35,Coimbatore,Books,Self-Help Book,3,299.81,0.111,Net Banking,1,899.43,99.84,799.59
ORD101945,CUST1151,2024-08-07,Male,35,Coimbatore,Beauty,Shampoo,2,65.52,0.335,Net Banking,4,131.04,43.9,87.14
ORD101946,CUST1509,2024-07-27,Female,26,Pune,Electronics,Smartwatch,3,254.34,0.079,Credit Card,5,763.02,60.28,702.74
ORD101947,CUST1697,2024-10-21,Female,55,Delhi,Books,Academic Book,3,172.36,0.24,Cash on Delivery,5,517.08,124.1,392.98
ORD101948,CUST1031,2024-08-23,Male,25,Delhi,Electronics,Smartwatch,2,300.72,0.068,Net Banking,4,601.44,40.9,560.54
ORD101949,CUST1919,2024-10-02,Female,54,Delhi,Clothing,Jacket,1,319.0,0.073,Net Banking,5,319.0,23.29,295.71
ORD101950,CUST1610,2024-09-25,Male,48,Mumbai,Electronics,Keyboard,3,307.28,0.229,UPI,3,921.84,211.1,710.74
ORD101951,CUST1260,2024-08-04,Female,51,Pune,Electronics,Power Bank,2,36.57,0.215,Cash on Delivery,1,73.14,15.73,57.41
ORD101952,CUST1749,2024-05-17,Male,19,Hyderabad,Clothing,T-Shirt,4,268.55,0.222,Credit Card,3,1074.2,238.47,835.73
ORD101953,CUST1842,2024-04-22,Female,49,Coimbatore,Beauty,Perfume,2,323.71,0.192,Credit Card,1,647.42,124.3,523.12
ORD101954,CUST1955,2024-04-26,Male,59,Hyderabad,Electronics,Smartwatch,1,223.15,0.273,UPI,4,223.15,60.92,162.23
ORD101955,CUST1789,2024-04-30,Female,34,Mumbai,Electronics,Earbuds,4,216.29,0.348,UPI,2,865.16,301.08,564.08
ORD101956,CUST1202,2024-04-06,Male,37,Chennai,Electronics,Keyboard,3,30.08,0.133,Net Banking,2,90.24,12.0,78.24
ORD101957,CUST1163,2024-04-14,Male,22,Kochi,Sports,Cricket Bat,3,301.77,0.147,Credit Card,1,905.31,133.08,772.23
ORD101958,CUST1208,2024-07-09,Female,39,Pune,Clothing,T-Shirt,4,30.55,0.147,Cash on Delivery,5,122.2,17.96,104.24
ORD101959,CUST1874,2024-03-31,Male,46,Bengaluru,Beauty,Perfume,4,120.03,0.279,Cash on Delivery,3,480.12,133.95,346.17
ORD101960,CUST1304,2024-04-26,Female,30,Chennai,Toys,Building Blocks,4,325.16,0.154,Credit Card,4,1300.64,200.3,1100.34
ORD101961,CUST1329,2024-08-25,Female,49,Coimbatore,Toys,Remote Car,4,333.16,0.253,Cash on Delivery,3,1332.64,337.16,995.48
ORD101962,CUST1889,2024-04-19,Male,21,Chennai,Home & Kitchen,Cookware Set,2,347.29,0.184,Net Banking,4,694.58,127.8,566.78
ORD101963,CUST1204,2024-02-05,Male,46,Mumbai,Sports,Cricket Bat,1,174.59,0.232,Credit Card,3,174.59,40.5,134.09
ORD101964,CUST1406,2024-01-06,Male,43,Chennai,Books,Fiction Book,3,74.44,0.299,Credit Card,4,223.32,66.77,156.55
ORD101965,CUST1296,2024-09-13,Female,27,Pune,Beauty,Face Wash,4,178.46,0.204,Credit Card,1,713.84,145.62,568.22
ORD101966,CUST1301,2024-11-13,Female,32,Bengaluru,Clothing,Jeans,4,49.27,0.193,Credit Card,5,197.08,38.04,159.04
ORD101967,CUST1595,2024-08-16,Male,28,Mumbai,Beauty,Moisturizer,3,307.3,0.13,Net Banking,3,921.9,119.85,802.05
ORD101968,CUST1740,2024-01-21,Male,44,Delhi,Beauty,Face Wash,3,202.78,0.205,Credit Card,1,608.34,124.71,483.63
ORD101969,CUST1264,2024-07-07,Male,45,Hyderabad,Sports,Yoga Mat,3,150.51,0.129,UPI,5,451.53,58.25,393.28
ORD101970,CUST1037,2024-03-31,Male,41,Pune,Sports,Yoga Mat,1,41.64,0.303,Net Banking,1,41.64,12.62,29.02
ORD101971,CUST1638,2024-04-17,Female,26,Delhi,Home & Kitchen,Mixer,1,150.76,0.167,Net Banking,3,150.76,25.18,125.58
ORD101972,CUST1548,2024-11-04,Female,27,Mumbai,Electronics,Power Bank,1,305.17,0.089,Credit Card,4,305.17,27.16,278.01
ORD101973,CUST1658,2024-10-03,Male,52,Hyderabad,Beauty,Shampoo,4,250.64,0.122,UPI,2,1002.56,122.31,880.25
ORD101974,CUST1449,2024-09-03,Female,37,Mumbai,Home & Kitchen,Bedsheet,4,42.62,0.21,Credit Card,2,170.48,35.8,134.68
ORD101975,CUST1776,2024-06-16,Male,36,Hyderabad,Books,Fiction Book,2,68.57,0.325,Credit Card,2,137.14,44.57,92.57
ORD101976,CUST1624,2024-07-12,Male,31,Delhi,Books,Fiction Book,2,146.42,0.14,Net Banking,4,292.84,41.0,251.84
ORD101977,CUST1756,2024-11-02,Female,57,Coimbatore,Sports,Dumbbells,2,48.96,0.129,UPI,3,97.92,12.63,85.29
ORD101978,CUST1730,2024-08-09,Male,28,Delhi,Electronics,Smartwatch,1,327.9,0.172,Debit Card,3,327.9,56.4,271.5
ORD101979,CUST1496,2024-07-12,Male,51,Chennai,Beauty,Perfume,2,233.52,0.34,Credit Card,3,467.04,158.79,308.25
ORD101980,CUST1324,2024-02-02,Male,51,Coimbatore,Books,Self-Help Book,2,46.77,0.304,UPI,2,93.54,28.44,65.1
ORD101981,CUST1581,2024-11-29,Male,28,Coimbatore,Electronics,Earbuds,3,279.0,0.095,UPI,5,837.0,79.52,757.48
ORD101982,CUST1635,2024-09-27,Male,18,Coimbatore,Home & Kitchen,Bedsheet,4,138.42,0.234,Cash on Delivery,2,553.68,129.56,424.12
ORD101983,CUST1570,2024-05-02,Female,28,Chennai,Beauty,Shampoo,1,97.03,0.288,Net Banking,5,97.03,27.94,69.09
ORD101984,CUST1523,2024-03-24,Female,29,Coimbatore,Books,Comics,2,205.94,0.28,UPI,4,411.88,115.33,296.55
ORD101985,CUST1342,2024-11-20,Male,50,Mumbai,Toys,Puzzle,4,19.48,0.197,Debit Card,1,77.92,15.35,62.57
ORD101986,CUST1133,2024-11-16,Female,40,Coimbatore,Electronics,Earbuds,4,170.91,0.27,Cash on Delivery,1,683.64,184.58,499.06
ORD101987,CUST1427,2024-05-20,Male,36,Coimbatore,Books,Academic Book,4,297.67,0.225,Debit Card,3,1190.68,267.9,922.78
ORD101988,CUST1880,2024-03-18,Male,38,Kochi,Toys,Building Blocks,3,325.9,0.11,UPI,1,977.7,107.55,870.15
ORD101989,CUST1715,2024-09-24,Female,58,Chennai,Electronics,Keyboard,1,129.76,0.067,Cash on Delivery,5,129.76,8.69,121.07
ORD101990,CUST1753,2024-07-28,Male,58,Delhi,Books,Self-Help Book,4,230.22,0.161,Debit Card,3,920.88,148.26,772.62
ORD101991,CUST1736,2024-10-28,Female,19,Pune,Clothing,Kurta,3,90.99,0.069,Cash on Delivery,5,272.97,18.83,254.14
ORD101992,CUST1920,2024-07-01,Male,54,Delhi,Toys,Board Game,4,202.67,0.169,Debit Card,1,810.68,137.0,673.68
ORD101993,CUST1225,2024-07-03,Female,33,Coimbatore,Home & Kitchen,Storage Box,4,100.1,0.299,Credit Card,1,400.4,119.72,280.68
ORD101994,CUST1719,2024-02-17,Male,50,Pune,Clothing,Kurta,2,206.4,0.303,UPI,4,412.8,125.08,287.72
ORD101995,CUST1069,2024-07-21,Male,60,Chennai,Sports,Cricket Bat,1,72.53,0.06,Credit Card,5,72.53,4.35,68.18
ORD101996,CUST1244,2024-05-01,Female,40,Bengaluru,Beauty,Face Wash,3,330.31,0.071,Credit Card,5,990.93,70.36,920.57
ORD101997,CUST1029,2024-03-09,Male,44,Pune,Books,Comics,2,312.12,0.251,Credit Card,4,624.24,156.68,467.56
ORD101998,CUST1430,2024-09-18,Male,36,Hyderabad,Home & Kitchen,Mixer,1,127.87,0.2,UPI,4,127.87,25.57,102.3
ORD101999,CUST1140,2024-04-25,Male,21,Hyderabad,Beauty,Moisturizer,2,275.18,0.095,UPI,1,550.36,52.28,498.08
ORD102000,CUST1386,2024-03-12,Female,19,Kochi,Sports,Cricket Bat,4,46.99,0.292,Debit Card,4,187.96,54.88,133.08
ORD102001,CUST1134,2024-11-17,Female,33,Chennai,Beauty,Moisturizer,2,263.02,0.115,Cash on Delivery,4,526.04,60.49,465.55
ORD102002,CUST1035,2024-11-18,Female,53,Delhi,Sports,Football,2,109.62,0.073,Debit Card,2,219.24,16.0,203.24
ORD102003,CUST1477,2024-06-14,Female,32,Hyderabad,Electronics,Power Bank,3,60.44,0.275,Net Banking,5,181.32,49.86,131.46
ORD102004,CUST1410,2024-04-08,Female,36,Chennai,Toys,Board Game,3,242.19,0.232,Debit Card,5,726.57,168.56,558.01
ORD102005,CUST1416,2024-02-24,Male,40,Hyderabad,Clothing,Jeans,2,172.39,0.168,Cash on Delivery,5,344.78,57.92,286.86
ORD102006,CUST1345,2024-07-28,Female,31,Mumbai,Electronics,Smartwatch,4,192.6,0.258,Net Banking,5,770.4,198.76,571.64
ORD102007,CUST1408,2024-07-23,Female,39,Mumbai,Sports,Cricket Bat,3,189.38,0.323,UPI,3,568.14,183.51,384.63
ORD102008,CUST1003,2024-07-26,Female,44,Bengaluru,Clothing,T-Shirt,1,34.92,0.06,Net Banking,5,34.92,2.1,32.82
ORD102009,CUST1477,2024-09-14,Female,54,Pune,Books,Self-Help Book,2,32.21,0.238,Credit Card,1,64.42,15.33,49.09
ORD102010,CUST1846,2024-06-06,Female,50,Hyderabad,Toys,Remote Car,4,216.39,0.115,Net Banking,2,865.56,99.54,766.02
ORD102011,CUST1139,2024-08-16,Female,53,Delhi,Clothing,T-Shirt,1,223.99,0.192,UPI,4,223.99,43.01,180.98
ORD102012,CUST1143,2024-08-07,Male,40,Delhi,Books,Self-Help Book,1,30.8,0.177,Debit Card,1,30.8,5.45,25.35
ORD102013,CUST1779,2024-09-23,Male,48,Delhi,Clothing,Jacket,3,141.78,0.167,UPI,5,425.34,71.03,354.31
ORD102014,CUST1500,2024-09-06,Male,24,Delhi,Sports,Dumbbells,2,220.31,0.107,UPI,1,440.62,47.15,393.47
ORD102015,CUST1256,2024-01-13,Female,24,Hyderabad,Home & Kitchen,Bedsheet,2,234.99,0.291,UPI,2,469.98,136.76,333.22
ORD102016,CUST1783,2024-07-26,Male,57,Mumbai,Sports,Yoga Mat,2,292.47,0.164,Debit Card,2,584.94,95.93,489.01
ORD102017,CUST1324,2024-11-22,Male,43,Delhi,Books,Self-Help Book,1,155.95,0.316,Credit Card,3,155.95,49.28,106.67
ORD102018,CUST1603,2024-07-06,Female,22,Chennai,Clothing,Kurta,2,198.67,0.156,Credit Card,1,397.34,61.99,335.35
ORD102019,CUST1555,2024-06-26,Male,35,Pune,Toys,Remote Car,1,208.82,0.302,Net Banking,5,208.82,63.06,145.76
ORD102020,CUST1169,2024-07-22,Female,59,Mumbai,Home & Kitchen,Storage Box,3,119.54,0.213,Credit Card,5,358.62,76.39,282.23
ORD102021,CUST1754,2024-07-06,Female,18,Hyderabad,Toys,Remote Car,3,33.03,0.166,Debit Card,4,99.09,16.45,82.64
ORD102022,CUST1617,2024-05-14,Male,37,Chennai,Clothing,T-Shirt,4,16.42,0.261,UPI,1,65.68,17.14,48.54
ORD102023,CUST1208,2024-11-28,Female,53,Hyderabad,Clothing,Jeans,1,295.1,0.286,UPI,2,295.1,84.4,210.7
ORD102024,CUST1756,2024-01-24,Female,58,Mumbai,Books,Self-Help Book,2,82.08,0.195,UPI,2,164.16,32.01,132.15
ORD102025,CUST1619,2024-09-29,Male,33,Coimbatore,Sports,Dumbbells,2,226.14,0.178,UPI,4,452.28,80.51,371.77
ORD102026,CUST1853,2024-02-23,Female,57,Pune,Home & Kitchen,Cookware Set,3,208.31,0.223,Debit Card,5,624.93,139.36,485.57
ORD102027,CUST1819,2024-03-10,Female,48,Mumbai,Beauty,Perfume,3,148.88,0.226,Net Banking,5,446.64,100.94,345.7
ORD102028,CUST1318,2024-07-22,Female,35,Bengaluru,Home & Kitchen,Storage Box,4,294.22,0.178,UPI,5,1176.88,209.48,967.4
ORD102029,CUST1935,2024-08-01,Male,51,Hyderabad,Sports,Cricket Bat,4,248.96,0.277,Credit Card,4,995.84,275.85,719.99
ORD102030,CUST1033,2024-11-06,Male,52,Kochi,Toys,Remote Car,4,22.62,0.17,Credit Card,2,90.48,15.38,75.1
ORD102031,CUST1333,2024-04-08,Male,29,Bengaluru,Clothing,Jacket,1,275.19,0.186,Debit Card,2,275.19,51.19,224.0
ORD102032,CUST1607,2024-01-09,Male,21,Pune,Sports,Cricket Bat,1,184.84,0.232,Net Banking,2,184.84,42.88,141.96
ORD102033,CUST1534,2024-03-26,Female,51,Delhi,Home & Kitchen,Cookware Set,4,131.25,0.346,Credit Card,1,525.0,181.65,343.35
ORD102034,CUST1225,2024-07-01,Female,21,Bengaluru,Home & Kitchen,Cookware Set,4,258.51,0.128,Cash on Delivery,5,1034.04,132.36,901.68
ORD102035,CUST1199,2024-04-29,Female,51,Coimbatore,Clothing,Jeans,2,244.83,0.12,UPI,3,489.66,58.76,430.9
ORD102036,CUST1780,2024-03-25,Male,33,Mumbai,Beauty,Face Wash,1,119.05,0.103,UPI,5,119.05,12.26,106.79
ORD102037,CUST1875,2024-11-02,Female,48,Pune,Electronics,Keyboard,3,344.32,0.257,Net Banking,5,1032.96,265.47,767.49
ORD102038,CUST1679,2024-07-07,Female,44,Chennai,Clothing,T-Shirt,3,232.32,0.185,UPI,4,696.96,128.94,568.02
ORD102039,CUST1529,2024-08-13,Female,19,Kochi,Toys,Board Game,4,217.94,0.167,UPI,1,871.76,145.58,726.18
ORD102040,CUST1772,2024-09-08,Male,18,Chennai,Beauty,Perfume,3,38.41,0.111,Credit Card,3,115.23,12.79,102.44
ORD102041,CUST1239,2024-05-17,Female,45,Hyderabad,Books,Academic Book,4,108.57,0.317,Net Banking,3,434.28,137.67,296.61
ORD102042,CUST1966,2024-09-03,Male,40,Kochi,Beauty,Perfume,4,164.74,0.183,Net Banking,4,658.96,120.59,538.37
ORD102043,CUST1124,2024-11-18,Female,19,Pune,Toys,Board Game,1,226.26,0.232,Net Banking,3,226.26,52.49,173.77
ORD102044,CUST1583,2024-08-30,Male,59,Pune,Electronics,Earbuds,1,186.78,0.084,UPI,4,186.78,15.69,171.09
ORD102045,CUST1340,2024-04-09,Male,28,Hyderabad,Electronics,Smartwatch,4,270.62,0.082,Credit Card,1,1082.48,88.76,993.72
ORD102046,CUST1903,2024-09-17,Female,54,Coimbatore,Clothing,Kurta,1,102.96,0.07,Net Banking,1,102.96,7.21,95.75
ORD102047,CUST1244,2024-03-20,Male,23,Kochi,Sports,Yoga Mat,1,250.22,0.16,Debit Card,5,250.22,40.04,210.18
ORD102048,CUST1641,2024-01-25,Male,27,Delhi,Sports,Football,4,288.56,0.192,UPI,3,1154.24,221.61,932.63
ORD102049,CUST1156,2024-05-28,Male,40,Bengaluru,Clothing,Kurta,1,271.29,0.123,Credit Card,5,271.29,33.37,237.92
ORD102050,CUST1181,2024-06-19,Female,40,Kochi,Home & Kitchen,Bedsheet,1,273.23,0.155,Debit Card,5,273.23,42.35,230.88
ORD102051,CUST1415,2024-06-06,Male,43,Chennai,Electronics,Smartwatch,1,312.65,0.052,Net Banking,1,312.65,16.26,296.39
ORD102052,CUST1798,2024-03-28,Male,25,Kochi,Clothing,Jeans,2,43.2,0.155,Credit Card,4,86.4,13.39,73.01
ORD102053,CUST1277,2024-04-01,Male,29,Chennai,Sports,Cricket Bat,3,248.56,0.086,Cash on Delivery,1,745.68,64.13,681.55
ORD102054,CUST1693,2024-11-04,Female,29,Chennai,Beauty,Moisturizer,3,339.51,0.089,Cash on Delivery,1,1018.53,90.65,927.88
ORD102055,CUST1570,2024-04-07,Male,36,Chennai,Home & Kitchen,Storage Box,4,207.17,0.051,Cash on Delivery,2,828.68,42.26,786.42
ORD102056,CUST1976,2024-09-19,Male,57,Bengaluru,Sports,Yoga Mat,3,87.8,0.259,UPI,4,263.4,68.22,195.18
ORD102057,CUST1300,2024-03-27,Male,37,Pune,Electronics,Smartwatch,4,349.58,0.329,UPI,1,1398.32,460.05,938.27
ORD102058,CUST1243,2024-02-06,Male,60,Mumbai,Sports,Dumbbells,1,73.52,0.236,UPI,4,73.52,17.35,56.17
ORD102059,CUST1901,2024-01-22,Male,28,Chennai,Clothing,Kurta,2,127.41,0.079,Net Banking,2,254.82,20.13,234.69
ORD102060,CUST1332,2024-03-22,Female,28,Hyderabad,Clothing,Jacket,2,72.64,0.347,Net Banking,2,145.28,50.41,94.87
ORD102061,CUST1214,2024-10-08,Male,22,Kochi,Electronics,Earbuds,1,170.61,0.343,Credit Card,2,170.61,58.52,112.09
ORD102062,CUST1820,2024-06-01,Female,27,Delhi,Books,Self-Help Book,4,155.32,0.19,Debit Card,2,621.28,118.04,503.24
ORD102063,CUST1812,2024-08-20,Female,31,Pune,Sports,Football,1,179.57,0.082,Cash on Delivery,2,179.57,14.72,164.85
ORD102064,CUST1062,2024-11-18,Female,34,Hyderabad,Clothing,T-Shirt,2,325.87,0.266,UPI,2,651.74,173.36,478.38
ORD102065,CUST1855,2024-01-17,Male,48,Delhi,Home & Kitchen,Storage Box,2,175.24,0.338,Credit Card,3,350.48,118.46,232.02
ORD102066,CUST1632,2024-02-06,Female,37,Coimbatore,Electronics,Keyboard,1,187.4,0.284,Debit Card,5,187.4,53.22,134.18
ORD102067,CUST1278,2024-11-04,Male,47,Pune,Sports,Dumbbells,4,312.04,0.237,UPI,3,1248.16,295.81,952.35
ORD102068,CUST1534,2024-07-09,Male,21,Chennai,Electronics,Power Bank,1,288.95,0.233,Credit Card,1,288.95,67.33,221.62
ORD102069,CUST1238,2024-07-25,Male,58,Delhi,Books,Self-Help Book,1,95.31,0.343,Net Banking,4,95.31,32.69,62.62
ORD102070,CUST1168,2024-04-24,Female,24,Coimbatore,Sports,Yoga Mat,2,19.33,0.072,Net Banking,5,38.66,2.78,35.88
ORD102071,CUST1132,2024-10-03,Female,19,Bengaluru,Electronics,Smartwatch,1,225.88,0.095,Cash on Delivery,3,225.88,21.46,204.42
ORD102072,CUST1164,2024-08-04,Male,36,Mumbai,Sports,Football,4,298.02,0.299,Cash on Delivery,3,1192.08,356.43,835.65
ORD102073,CUST1582,2024-03-27,Male,46,Pune,Books,Self-Help Book,1,200.2,0.094,Cash on Delivery,4,200.2,18.82,181.38
ORD102074,CUST1809,2024-08-05,Female,28,Chennai,Electronics,Smartwatch,2,85.74,0.165,Credit Card,5,171.48,28.29,143.19
ORD102075,CUST1485,2024-01-02,Female,25,Pune,Home & Kitchen,Cookware Set,2,263.35,0.134,Credit Card,1,526.7,70.58,456.12
ORD102076,CUST1015,2024-03-21,Female,54,Coimbatore,Sports,Yoga Mat,1,239.3,0.123,UPI,5,239.3,29.43,209.87
ORD102077,CUST1428,2024-03-09,Male,53,Delhi,Electronics,Earbuds,1,204.29,0.058,UPI,5,204.29,11.85,192.44
ORD102078,CUST1746,2024-09-20,Female,50,Mumbai,Books,Academic Book,3,304.22,0.22,Credit Card,5,912.66,200.79,711.87
ORD102079,CUST1834,2024-09-03,Female,27,Chennai,Home & Kitchen,Bedsheet,1,277.72,0.17,Credit Card,3,277.72,47.21,230.51
ORD102080,CUST1731,2024-01-31,Female,41,Pune,Clothing,Kurta,1,238.76,0.215,Net Banking,5,238.76,51.33,187.43
ORD102081,CUST1369,2024-10-30,Male,47,Kochi,Home & Kitchen,Storage Box,2,237.69,0.141,Net Banking,1,475.38,67.03,408.35
ORD102082,CUST1649,2024-10-01,Female,36,Kochi,Books,Comics,2,236.84,0.332,UPI,3,473.68,157.26,316.42
ORD102083,CUST1068,2024-05-25,Male,25,Delhi,Toys,Board Game,2,190.93,0.227,Debit Card,5,381.86,86.68,295.18
ORD102084,CUST1409,2024-03-12,Female,53,Chennai,Books,Self-Help Book,4,170.41,0.338,Credit Card,2,681.64,230.39,451.25
ORD102085,CUST1536,2024-05-20,Male,58,Hyderabad,Toys,Board Game,2,252.72,0.155,Net Banking,4,505.44,78.34,427.1
ORD102086,CUST1028,2024-07-16,Male,25,Hyderabad,Books,Self-Help Book,3,219.52,0.051,Net Banking,2,658.56,33.59,624.97
ORD102087,CUST1014,2024-07-30,Male,48,Chennai,Home & Kitchen,Bedsheet,4,179.14,0.284,Credit Card,3,716.56,203.5,513.06
ORD102088,CUST1800,2024-04-26,Female,56,Chennai,Home & Kitchen,Storage Box,1,57.43,0.298,UPI,4,57.43,17.11,40.32
ORD102089,CUST1220,2024-02-04,Female,41,Delhi,Beauty,Moisturizer,3,250.15,0.068,UPI,5,750.45,51.03,699.42
ORD102090,CUST1125,2024-07-23,Female,20,Chennai,Sports,Cricket Bat,2,231.41,0.238,Credit Card,2,462.82,110.15,352.67
ORD102091,CUST1591,2024-08-24,Male,47,Chennai,Home & Kitchen,Bedsheet,3,129.65,0.248,UPI,4,388.95,96.46,292.49
ORD102092,CUST1280,2024-03-30,Male,57,Kochi,Beauty,Moisturizer,1,134.37,0.094,Debit Card,3,134.37,12.63,121.74
ORD102093,CUST1978,2024-08-02,Male,29,Delhi,Sports,Dumbbells,2,97.65,0.216,Debit Card,2,195.3,42.18,153.12
ORD102094,CUST1945,2024-07-09,Female,23,Coimbatore,Books,Fiction Book,1,337.24,0.123,Credit Card,1,337.24,41.48,295.76
ORD102095,CUST1823,2024-06-16,Male,28,Bengaluru,Electronics,Keyboard,4,303.17,0.055,UPI,1,1212.68,66.7,1145.98
ORD102096,CUST1301,2024-01-03,Male,52,Hyderabad,Home & Kitchen,Storage Box,3,202.95,0.31,Net Banking,4,608.85,188.74,420.11
ORD102097,CUST1874,2024-04-12,Female,41,Delhi,Clothing,Jeans,1,149.55,0.198,Net Banking,1,149.55,29.61,119.94
ORD102098,CUST1254,2024-05-05,Female,18,Pune,Sports,Cricket Bat,3,261.84,0.285,Cash on Delivery,1,785.52,223.87,561.65
ORD102099,CUST1239,2024-10-06,Female,43,Hyderabad,Clothing,T-Shirt,4,191.79,0.267,Debit Card,1,767.16,204.83,562.33
ORD102100,CUST1972,2024-10-03,Female,53,Kochi,Books,Self-Help Book,3,341.91,0.348,UPI,2,1025.73,356.95,668.78
ORD102101,CUST1673,2024-10-19,Male,25,Pune,Beauty,Moisturizer,2,33.47,0.181,Net Banking,1,66.94,12.12,54.82
ORD102102,CUST1085,2024-06-04,Male,43,Bengaluru,Clothing,Kurta,4,26.49,0.178,Cash on Delivery,3,105.96,18.86,87.1
ORD102103,CUST1885,2024-04-19,Female,27,Chennai,Beauty,Moisturizer,1,205.48,0.135,Debit Card,5,205.48,27.74,177.74
ORD102104,CUST1160,2024-06-16,Male,18,Chennai,Electronics,Earbuds,1,83.1,0.238,UPI,3,83.1,19.78,63.32
ORD102105,CUST1680,2024-09-22,Female,35,Coimbatore,Toys,Puzzle,1,217.44,0.196,Credit Card,4,217.44,42.62,174.82
ORD102106,CUST1437,2024-07-27,Female,51,Coimbatore,Toys,Remote Car,4,276.78,0.269,Cash on Delivery,5,1107.12,297.82,809.3
ORD102107,CUST1017,2024-07-20,Female,46,Mumbai,Toys,Puzzle,3,61.27,0.157,Cash on Delivery,5,183.81,28.86,154.95
ORD102108,CUST1786,2024-05-25,Male,22,Pune,Electronics,Power Bank,3,162.6,0.089,Cash on Delivery,4,487.8,43.41,444.39
ORD102109,CUST1685,2024-08-21,Male,25,Kochi,Home & Kitchen,Storage Box,3,245.7,0.309,Net Banking,1,737.1,227.76,509.34
ORD102110,CUST1883,2024-10-17,Female,41,Bengaluru,Books,Academic Book,2,294.34,0.298,Debit Card,4,588.68,175.43,413.25
ORD102111,CUST1611,2024-08-11,Male,31,Kochi,Sports,Cricket Bat,1,181.28,0.155,UPI,4,181.28,28.1,153.18
ORD102112,CUST1754,2024-05-15,Male,32,Mumbai,Sports,Cricket Bat,4,84.06,0.257,Cash on Delivery,2,336.24,86.41,249.83
ORD102113,CUST1905,2024-10-08,Male,36,Mumbai,Books,Comics,4,211.24,0.198,Credit Card,1,844.96,167.3,677.66
ORD102114,CUST1975,2024-11-11,Male,50,Bengaluru,Toys,Puzzle,1,167.26,0.278,Debit Card,1,167.26,46.5,120.76
ORD102115,CUST1560,2024-09-23,Female,42,Pune,Clothing,Jeans,1,273.6,0.167,Credit Card,2,273.6,45.69,227.91
ORD102116,CUST1016,2024-10-20,Male,54,Delhi,Electronics,Keyboard,3,201.12,0.211,Credit Card,4,603.36,127.31,476.05
ORD102117,CUST1345,2024-03-29,Female,22,Chennai,Books,Fiction Book,1,108.61,0.067,Cash on Delivery,5,108.61,7.28,101.33
ORD102118,CUST1618,2024-05-21,Female,37,Pune,Clothing,Jacket,3,267.72,0.102,Net Banking,1,803.16,81.92,721.24
ORD102119,CUST1109,2024-03-24,Male,41,Bengaluru,Clothing,Jeans,4,188.45,0.285,UPI,3,753.8,214.83,538.97
ORD102120,CUST1116,2024-05-02,Female,50,Hyderabad,Books,Fiction Book,2,74.48,0.164,Credit Card,5,148.96,24.43,124.53
ORD102121,CUST1394,2024-09-02,Female,40,Delhi,Books,Self-Help Book,2,203.63,0.061,Credit Card,1,407.26,24.84,382.42
ORD102122,CUST1909,2024-08-14,Female,57,Coimbatore,Clothing,Jeans,4,332.69,0.1,Net Banking,5,1330.76,133.08,1197.68
ORD102123,CUST1321,2024-01-02,Female,54,Bengaluru,Books,Fiction Book,2,251.35,0.173,Debit Card,1,502.7,86.97,415.73
ORD102124,CUST1934,2024-09-10,Female,47,Mumbai,Books,Academic Book,1,115.1,0.265,Cash on Delivery,2,115.1,30.5,84.6
ORD102125,CUST1802,2024-03-05,Male,35,Hyderabad,Home & Kitchen,Mixer,1,253.14,0.159,Net Banking,1,253.14,40.25,212.89
ORD102126,CUST1302,2024-03-03,Female,31,Pune,Home & Kitchen,Storage Box,4,109.67,0.274,Credit Card,4,438.68,120.2,318.48
ORD102127,CUST1230,2024-07-01,Female,40,Coimbatore,Home & Kitchen,Bedsheet,4,196.8,0.307,Debit Card,3,787.2,241.67,545.53
ORD102128,CUST1826,2024-03-21,Male,37,Pune,Home & Kitchen,Mixer,1,191.41,0.152,UPI,3,191.41,29.09,162.32
ORD102129,CUST1755,2024-11-18,Male,19,Coimbatore,Clothing,Kurta,4,97.88,0.29,UPI,3,391.52,113.54,277.98
ORD102130,CUST1629,2024-02-18,Male,27,Mumbai,Clothing,T-Shirt,1,131.54,0.088,Net Banking,2,131.54,11.58,119.96
ORD102131,CUST1977,2024-02-20,Female,53,Delhi,Books,Comics,1,330.63,0.175,Net Banking,4,330.63,57.86,272.77
ORD102132,CUST1100,2024-09-11,Female,37,Hyderabad,Beauty,Moisturizer,2,98.95,0.079,Net Banking,3,197.9,15.63,182.27
ORD102133,CUST1385,2024-04-06,Male,58,Kochi,Electronics,Keyboard,2,283.34,0.066,Credit Card,4,566.68,37.4,529.28
ORD102134,CUST1602,2024-08-27,Male,28,Bengaluru,Electronics,Power Bank,4,238.57,0.069,Debit Card,4,954.28,65.85,888.43
ORD102135,CUST1071,2024-08-16,Male,59,Kochi,Sports,Yoga Mat,3,193.43,0.081,UPI,4,580.29,47.0,533.29
ORD102136,CUST1975,2024-03-04,Female,52,Pune,Sports,Yoga Mat,1,61.07,0.301,UPI,5,61.07,18.38,42.69
ORD102137,CUST1571,2024-07-13,Female,33,Kochi,Home & Kitchen,Cookware Set,3,83.53,0.213,Credit Card,3,250.59,53.38,197.21
ORD102138,CUST1307,2024-06-28,Female,44,Pune,Beauty,Shampoo,4,74.96,0.334,Cash on Delivery,2,299.84,100.15,199.69
ORD102139,CUST1238,2024-02-01,Female,60,Hyderabad,Beauty,Perfume,3,211.58,0.211,Net Banking,4,634.74,133.93,500.81
ORD102140,CUST1001,2024-09-13,Female,45,Hyderabad,Beauty,Moisturizer,1,341.08,0.239,UPI,4,341.08,81.52,259.56
ORD102141,CUST1592,2024-10-14,Male,58,Bengaluru,Electronics,Earbuds,1,308.88,0.105,Cash on Delivery,3,308.88,32.43,276.45
ORD102142,CUST1975,2024-11-13,Female,22,Kochi,Home & Kitchen,Storage Box,2,23.46,0.212,Debit Card,2,46.92,9.95,36.97
ORD102143,CUST1036,2024-01-30,Male,25,Chennai,Beauty,Moisturizer,2,106.7,0.166,Debit Card,5,213.4,35.42,177.98
ORD102144,CUST1413,2024-02-29,Female,18,Coimbatore,Beauty,Perfume,2,67.68,0.329,UPI,2,135.36,44.53,90.83
ORD102145,CUST1661,2024-10-03,Male,31,Pune,Home & Kitchen,Cookware Set,1,341.85,0.33,Credit Card,1,341.85,112.81,229.04
ORD102146,CUST1430,2024-04-11,Female,51,Bengaluru,Electronics,Smartwatch,1,93.93,0.11,Net Banking,4,93.93,10.33,83.6
ORD102147,CUST1650,2024-07-28,Male,59,Kochi,Clothing,Jacket,3,82.44,0.236,Cash on Delivery,1,247.32,58.37,188.95
ORD102148,CUST1711,2024-04-26,Female,41,Bengaluru,Electronics,Earbuds,4,222.99,0.241,Debit Card,4,891.96,214.96,677.0
ORD102149,CUST1964,2024-03-13,Male,36,Bengaluru,Beauty,Perfume,3,201.32,0.219,Cash on Delivery,5,603.96,132.27,471.69
ORD102150,CUST1603,2024-07-28,Male,58,Delhi,Clothing,Kurta,2,90.66,0.087,UPI,4,181.32,15.77,165.55
ORD102151,CUST1709,2024-03-09,Female,43,Chennai,Toys,Puzzle,4,239.57,0.246,UPI,2,958.28,235.74,722.54
ORD102152,CUST1301,2024-02-15,Male,41,Chennai,Clothing,Jacket,3,47.5,0.29,Debit Card,5,142.5,41.32,101.18
ORD102153,CUST1150,2024-06-26,Male,21,Delhi,Beauty,Perfume,3,21.49,0.154,Net Banking,1,64.47,9.93,54.54
ORD102154,CUST1099,2024-03-05,Male,27,Kochi,Beauty,Shampoo,3,42.61,0.204,UPI,1,127.83,26.08,101.75
ORD102155,CUST1109,2024-03-05,Female,48,Chennai,Toys,Building Blocks,4,137.23,0.085,Credit Card,2,548.92,46.66,502.26
ORD102156,CUST1826,2024-09-18,Female,48,Pune,Electronics,Earbuds,3,341.63,0.329,Credit Card,3,1024.89,337.19,687.7
ORD102157,CUST1040,2024-06-26,Female,39,Delhi,Clothing,Jeans,3,198.33,0.083,Cash on Delivery,4,594.99,49.38,545.61
ORD102158,CUST1482,2024-06-30,Female,48,Chennai,Books,Fiction Book,3,267.83,0.113,UPI,2,803.49,90.79,712.7
ORD102159,CUST1612,2024-02-18,Male,47,Bengaluru,Home & Kitchen,Storage Box,4,122.7,0.14,Net Banking,5,490.8,68.71,422.09
ORD102160,CUST1671,2024-02-23,Female,20,Mumbai,Clothing,Jacket,4,255.98,0.298,UPI,5,1023.92,305.13,718.79
ORD102161,CUST1065,2024-05-10,Female,53,Pune,Sports,Football,2,338.67,0.26,Cash on Delivery,2,677.34,176.11,501.23
ORD102162,CUST1859,2024-05-10,Male,47,Bengaluru,Books,Fiction Book,3,134.85,0.052,UPI,1,404.55,21.04,383.51
ORD102163,CUST1436,2024-05-31,Female,27,Mumbai,Home & Kitchen,Cookware Set,1,349.68,0.105,Cash on Delivery,4,349.68,36.72,312.96
ORD102164,CUST1017,2024-02-15,Female,27,Mumbai,Home & Kitchen,Cookware Set,3,228.87,0.275,Debit Card,1,686.61,188.82,497.79
ORD102165,CUST1132,2024-10-27,Male,59,Pune,Electronics,Smartwatch,4,265.78,0.171,Debit Card,2,1063.12,181.79,881.33
ORD102166,CUST1858,2024-05-01,Male,28,Bengaluru,Books,Comics,3,99.48,0.058,Debit Card,4,298.44,17.31,281.13
ORD102167,CUST1942,2024-09-30,Female,19,Pune,Electronics,Smartwatch,2,230.44,0.339,Cash on Delivery,1,460.88,156.24,304.64
ORD102168,CUST1751,2024-05-14,Female,19,Coimbatore,Home & Kitchen,Storage Box,3,186.19,0.095,Cash on Delivery,2,558.57,53.06,505.51
ORD102169,CUST1333,2024-06-07,Male,27,Delhi,Home & Kitchen,Mixer,2,335.39,0.203,UPI,5,670.78,136.17,534.61
ORD102170,CUST1945,2024-02-07,Male,44,Pune,Sports,Cricket Bat,2,318.07,0.124,Net Banking,4,636.14,78.88,557.26
ORD102171,CUST1275,2024-08-14,Female,37,Bengaluru,Home & Kitchen,Cookware Set,1,147.89,0.271,Debit Card,4,147.89,40.08,107.81
ORD102172,CUST1233,2024-01-21,Female,49,Kochi,Books,Fiction Book,3,332.2,0.283,Net Banking,5,996.6,282.04,714.56
ORD102173,CUST1764,2024-09-07,Female,27,Hyderabad,Sports,Football,1,311.41,0.169,Debit Card,4,311.41,52.63,258.78
ORD102174,CUST1322,2024-10-22,Female,27,Bengaluru,Books,Self-Help Book,2,212.78,0.248,Credit Card,3,425.56,105.54,320.02
ORD102175,CUST1519,2024-05-01,Female,35,Delhi,Home & Kitchen,Mixer,4,42.51,0.323,UPI,4,170.04,54.92,115.12
ORD102176,CUST1660,2024-10-24,Male,52,Mumbai,Sports,Football,4,68.86,0.294,Cash on Delivery,3,275.44,80.98,194.46
ORD102177,CUST1165,2024-08-22,Female,39,Mumbai,Home & Kitchen,Storage Box,2,40.75,0.174,UPI,2,81.5,14.18,67.32
ORD102178,CUST1924,2024-01-01,Male,50,Coimbatore,Beauty,Perfume,4,51.18,0.182,Net Banking,5,204.72,37.26,167.46
ORD102179,CUST1166,2024-03-08,Male,22,Delhi,Books,Comics,1,342.28,0.316,Cash on Delivery,3,342.28,108.16,234.12
ORD102180,CUST1991,2024-08-02,Male,35,Hyderabad,Electronics,Earbuds,4,86.08,0.06,UPI,4,344.32,20.66,323.66
ORD102181,CUST1277,2024-08-23,Male,36,Coimbatore,Beauty,Perfume,2,246.44,0.057,Cash on Delivery,3,492.88,28.09,464.79
ORD102182,CUST1416,2024-02-01,Male,20,Mumbai,Electronics,Earbuds,4,228.24,0.112,UPI,1,912.96,102.25,810.71
ORD102183,CUST1253,2024-08-17,Male,31,Kochi,Beauty,Face Wash,4,226.43,0.298,Credit Card,1,905.72,269.9,635.82
ORD102184,CUST1538,2024-09-28,Male,30,Kochi,Clothing,Jacket,3,84.25,0.096,Net Banking,5,252.75,24.26,228.49
ORD102185,CUST1000,2024-01-31,Male,37,Mumbai,Sports,Cricket Bat,3,209.08,0.136,Net Banking,3,627.24,85.3,541.94
ORD102186,CUST1170,2024-10-21,Male,25,Coimbatore,Books,Self-Help Book,3,224.56,0.239,Debit Card,3,673.68,161.01,512.67
ORD102187,CUST1518,2024-06-27,Male,29,Pune,Beauty,Face Wash,1,206.09,0.105,UPI,1,206.09,21.64,184.45
ORD102188,CUST1693,2024-07-25,Male,59,Coimbatore,Toys,Puzzle,1,77.36,0.141,Net Banking,4,77.36,10.91,66.45
ORD102189,CUST1961,2024-01-17,Female,24,Mumbai,Books,Comics,2,257.23,0.19,UPI,2,514.46,97.75,416.71
ORD102190,CUST1836,2024-07-24,Male,53,Mumbai,Electronics,Power Bank,2,39.54,0.118,Net Banking,3,79.08,9.33,69.75
ORD102191,CUST1920,2024-06-01,Male,41,Hyderabad,Clothing,T-Shirt,3,213.05,0.348,Net Banking,2,639.15,222.42,416.73
ORD102192,CUST1797,2024-05-04,Female,21,Delhi,Sports,Football,2,161.15,0.099,Credit Card,2,322.3,31.91,290.39
ORD102193,CUST1775,2024-09-18,Female,35,Delhi,Beauty,Moisturizer,3,98.85,0.305,UPI,1,296.55,90.45,206.1
ORD102194,CUST1345,2024-03-24,Male,40,Mumbai,Clothing,Jeans,1,285.48,0.191,Debit Card,5,285.48,54.53,230.95
ORD102195,CUST1904,2024-01-21,Male,29,Hyderabad,Toys,Remote Car,1,73.92,0.089,UPI,1,73.92,6.58,67.34
ORD102196,CUST1962,2024-06-16,Male,29,Mumbai,Beauty,Perfume,4,327.55,0.086,Net Banking,1,1310.2,112.68,1197.52
ORD102197,CUST1513,2024-09-06,Male,48,Delhi,Clothing,Jeans,4,311.33,0.2,Debit Card,2,1245.32,249.06,996.26
ORD102198,CUST1120,2024-02-14,Female,19,Bengaluru,Sports,Cricket Bat,4,135.8,0.156,UPI,5,543.2,84.74,458.46
ORD102199,CUST1042,2024-11-25,Male,57,Pune,Books,Comics,2,117.23,0.12,Debit Card,4,234.46,28.14,206.32
ORD102200,CUST1493,2024-08-13,Male,31,Coimbatore,Toys,Board Game,3,61.06,0.338,Credit Card,5,183.18,61.91,121.27
ORD102201,CUST1634,2024-11-08,Female,34,Hyderabad,Clothing,Jeans,3,321.97,0.189,UPI,2,965.91,182.56,783.35
ORD102202,CUST1554,2024-06-06,Female,23,Mumbai,Electronics,Keyboard,2,225.22,0.329,Credit Card,5,450.44,148.19,302.25
ORD102203,CUST1895,2024-02-11,Male,55,Chennai,Electronics,Power Bank,3,25.65,0.099,Credit Card,1,76.95,7.62,69.33
ORD102204,CUST1535,2024-02-29,Female,27,Delhi,Books,Academic Book,3,186.18,0.105,Debit Card,1,558.54,58.65,499.89
ORD102205,CUST1660,2024-06-16,Male,52,Mumbai,Home & Kitchen,Storage Box,2,43.74,0.229,Credit Card,3,87.48,20.03,67.45
ORD102206,CUST1757,2024-07-16,Female,32,Coimbatore,Toys,Board Game,2,207.21,0.131,Debit Card,3,414.42,54.29,360.13
ORD102207,CUST1893,2024-09-02,Female,19,Kochi,Beauty,Perfume,2,185.5,0.105,Credit Card,2,371.0,38.96,332.04
ORD102208,CUST1608,2024-09-23,Female,35,Coimbatore,Sports,Football,4,42.75,0.078,Net Banking,1,171.0,13.34,157.66
ORD102209,CUST1556,2024-09-12,Male,40,Bengaluru,Books,Fiction Book,4,288.31,0.073,Net Banking,2,1153.24,84.19,1069.05
ORD102210,CUST1077,2024-07-16,Female,38,Bengaluru,Clothing,Jeans,4,102.88,0.276,UPI,2,411.52,113.58,297.94
ORD102211,CUST1641,2024-01-07,Male,60,Mumbai,Electronics,Keyboard,4,196.4,0.135,Cash on Delivery,4,785.6,106.06,679.54
ORD102212,CUST1179,2024-06-26,Female,40,Delhi,Sports,Yoga Mat,2,229.08,0.344,Debit Card,2,458.16,157.61,300.55
ORD102213,CUST1368,2024-10-01,Female,51,Chennai,Electronics,Keyboard,4,337.37,0.105,Cash on Delivery,2,1349.48,141.7,1207.78
ORD102214,CUST1531,2024-10-10,Female,33,Mumbai,Sports,Football,1,180.43,0.156,Credit Card,3,180.43,28.15,152.28
ORD102215,CUST1082,2024-10-06,Female,24,Chennai,Electronics,Earbuds,4,322.3,0.162,Net Banking,3,1289.2,208.85,1080.35
ORD102216,CUST1693,2024-01-04,Male,39,Hyderabad,Clothing,Jacket,2,133.88,0.2,Net Banking,3,267.76,53.55,214.21
ORD102217,CUST1280,2024-05-25,Male,42,Hyderabad,Clothing,Jacket,2,302.24,0.311,Cash on Delivery,1,604.48,187.99,416.49
ORD102218,CUST1513,2024-07-25,Female,35,Chennai,Electronics,Earbuds,1,94.0,0.3,Cash on Delivery,5,94.0,28.2,65.8
ORD102219,CUST1349,2024-03-23,Female,50,Hyderabad,Electronics,Keyboard,1,252.01,0.053,Credit Card,3,252.01,13.36,238.65
ORD102220,CUST1355,2024-05-17,Female,59,Pune,Home & Kitchen,Mixer,2,44.69,0.173,Debit Card,2,89.38,15.46,73.92
ORD102221,CUST1393,2024-02-02,Female,21,Kochi,Home & Kitchen,Cookware Set,3,345.33,0.298,Cash on Delivery,4,1035.99,308.73,727.26
ORD102222,CUST1051,2024-03-05,Female,20,Coimbatore,Sports,Football,1,334.57,0.05,UPI,3,334.57,16.73,317.84
ORD102223,CUST1195,2024-01-02,Male,29,Hyderabad,Home & Kitchen,Storage Box,4,163.14,0.21,UPI,1,652.56,137.04,515.52
ORD102224,CUST1785,2024-11-24,Male,43,Kochi,Books,Self-Help Book,1,190.52,0.128,Credit Card,4,190.52,24.39,166.13
ORD102225,CUST1121,2024-10-15,Male,19,Mumbai,Electronics,Keyboard,4,215.25,0.174,Debit Card,1,861.0,149.81,711.19
ORD102226,CUST1496,2024-05-15,Male,26,Hyderabad,Books,Fiction Book,2,107.14,0.176,Credit Card,2,214.28,37.71,176.57
ORD102227,CUST1139,2024-01-02,Male,35,Coimbatore,Toys,Building Blocks,2,240.95,0.168,Cash on Delivery,4,481.9,80.96,400.94
ORD102228,CUST1538,2024-04-22,Female,34,Mumbai,Clothing,Jeans,1,249.02,0.318,Net Banking,4,249.02,79.19,169.83
ORD102229,CUST1643,2024-05-25,Male,54,Pune,Clothing,Kurta,4,190.9,0.211,Credit Card,5,763.6,161.12,602.48
ORD102230,CUST1468,2024-02-26,Male,41,Bengaluru,Toys,Building Blocks,3,64.49,0.321,Credit Card,4,193.47,62.1,131.37
ORD102231,CUST1770,2024-08-09,Female,55,Hyderabad,Home & Kitchen,Bedsheet,1,322.93,0.268,Debit Card,2,322.93,86.55,236.38
ORD102232,CUST1265,2024-11-30,Female,50,Kochi,Toys,Building Blocks,1,53.54,0.155,Net Banking,4,53.54,8.3,45.24
ORD102233,CUST1557,2024-10-09,Male,35,Bengaluru,Clothing,Jeans,3,225.77,0.198,Credit Card,4,677.31,134.11,543.2
ORD102234,CUST1276,2024-10-13,Male,60,Coimbatore,Electronics,Smartwatch,4,49.53,0.167,UPI,4,198.12,33.09,165.03
ORD102235,CUST1508,2024-10-05,Female,54,Mumbai,Beauty,Moisturizer,1,63.94,0.299,Debit Card,4,63.94,19.12,44.82
ORD102236,CUST1063,2024-01-24,Male,39,Kochi,Electronics,Earbuds,1,21.88,0.106,Cash on Delivery,5,21.88,2.32,19.56
ORD102237,CUST1268,2024-07-03,Female,54,Mumbai,Clothing,Kurta,3,136.73,0.331,Cash on Delivery,3,410.19,135.77,274.42
ORD102238,CUST1706,2024-07-08,Male,29,Mumbai,Home & Kitchen,Storage Box,1,229.26,0.224,UPI,5,229.26,51.35,177.91
ORD102239,CUST1777,2024-02-03,Male,26,Mumbai,Home & Kitchen,Bedsheet,2,189.72,0.234,Cash on Delivery,4,379.44,88.79,290.65
ORD102240,CUST1271,2024-02-19,Female,52,Bengaluru,Sports,Football,1,240.97,0.205,Credit Card,1,240.97,49.4,191.57
ORD102241,CUST1257,2024-07-08,Male,51,Coimbatore,Home & Kitchen,Mixer,2,241.13,0.216,Net Banking,1,482.26,104.17,378.09
ORD102242,CUST1298,2024-08-27,Female,27,Delhi,Clothing,Jeans,3,61.96,0.25,Cash on Delivery,3,185.88,46.47,139.41
ORD102243,CUST1278,2024-03-11,Female,50,Delhi,Home & Kitchen,Mixer,2,34.21,0.247,UPI,3,68.42,16.9,51.52
ORD102244,CUST1992,2024-06-11,Female,39,Hyderabad,Books,Comics,2,224.49,0.114,UPI,5,448.98,51.18,397.8
ORD102245,CUST1650,2024-01-26,Female,42,Coimbatore,Home & Kitchen,Bedsheet,2,233.83,0.225,UPI,4,467.66,105.22,362.44
ORD102246,CUST1385,2024-02-06,Female,54,Hyderabad,Books,Comics,3,201.5,0.156,Cash on Delivery,1,604.5,94.3,510.2
ORD102247,CUST1461,2024-07-13,Female,24,Bengaluru,Books,Fiction Book,1,97.33,0.241,Credit Card,3,97.33,23.46,73.87
ORD102248,CUST1510,2024-07-05,Female,35,Chennai,Toys,Remote Car,1,286.61,0.214,Debit Card,3,286.61,61.33,225.28
ORD102249,CUST1552,2024-09-08,Male,30,Coimbatore,Home & Kitchen,Storage Box,1,40.35,0.104,Credit Card,5,40.35,4.2,36.15
ORD102250,CUST1386,2024-11-01,Male,41,Chennai,Home & Kitchen,Bedsheet,4,226.82,0.27,UPI,4,907.28,244.97,662.31
ORD102251,CUST1973,2024-03-04,Male,24,Coimbatore,Sports,Dumbbells,3,55.34,0.187,Net Banking,1,166.02,31.05,134.97
ORD102252,CUST1289,2024-04-24,Male,23,Mumbai,Beauty,Perfume,1,234.24,0.215,Cash on Delivery,1,234.24,50.36,183.88
ORD102253,CUST1426,2024-10-13,Female,47,Chennai,Home & Kitchen,Cookware Set,2,154.94,0.252,Net Banking,2,309.88,78.09,231.79
ORD102254,CUST1005,2024-01-18,Female,20,Kochi,Toys,Puzzle,2,255.56,0.246,Debit Card,3,511.12,125.74,385.38
ORD102255,CUST1491,2024-10-04,Female,35,Pune,Electronics,Keyboard,1,32.48,0.275,Debit Card,1,32.48,8.93,23.55
ORD102256,CUST1854,2024-11-12,Female,60,Pune,Sports,Football,4,200.95,0.112,Credit Card,4,803.8,90.03,713.77
ORD102257,CUST1996,2024-02-03,Female,60,Delhi,Electronics,Smartwatch,4,63.53,0.083,Cash on Delivery,1,254.12,21.09,233.03
ORD102258,CUST1472,2024-02-17,Male,25,Coimbatore,Beauty,Face Wash,1,243.6,0.251,UPI,1,243.6,61.14,182.46
ORD102259,CUST1139,2024-08-17,Female,57,Bengaluru,Clothing,T-Shirt,1,55.19,0.121,Credit Card,1,55.19,6.68,48.51
ORD102260,CUST1719,2024-06-08,Female,32,Bengaluru,Home & Kitchen,Mixer,2,39.65,0.084,Credit Card,1,79.3,6.66,72.64
ORD102261,CUST1639,2024-11-26,Male,26,Delhi,Toys,Puzzle,3,253.9,0.089,Credit Card,3,761.7,67.79,693.91
ORD102262,CUST1957,2024-07-01,Male,39,Pune,Electronics,Smartwatch,4,36.28,0.144,Credit Card,5,145.12,20.9,124.22
ORD102263,CUST1504,2024-08-07,Male,39,Delhi,Sports,Dumbbells,2,90.22,0.348,Cash on Delivery,5,180.44,62.79,117.65
ORD102264,CUST1002,2024-03-20,Female,34,Mumbai,Clothing,T-Shirt,2,291.29,0.097,Credit Card,5,582.58,56.51,526.07
ORD102265,CUST1899,2024-04-18,Female,36,Pune,Sports,Dumbbells,1,286.25,0.14,Net Banking,4,286.25,40.08,246.17
ORD102266,CUST1674,2024-02-29,Female,22,Chennai,Clothing,Jeans,1,301.13,0.326,Cash on Delivery,3,301.13,98.17,202.96
ORD102267,CUST1799,2024-02-19,Male,29,Delhi,Beauty,Perfume,1,124.24,0.339,Net Banking,2,124.24,42.12,82.12
ORD102268,CUST1118,2024-02-07,Male,26,Mumbai,Sports,Dumbbells,2,191.9,0.119,Credit Card,3,383.8,45.67,338.13
ORD102269,CUST1456,2024-10-26,Female,58,Mumbai,Beauty,Shampoo,3,274.07,0.314,Credit Card,5,822.21,258.17,564.04
ORD102270,CUST1457,2024-01-24,Female,39,Bengaluru,Electronics,Smartwatch,1,60.89,0.092,Net Banking,1,60.89,5.6,55.29
ORD102271,CUST1267,2024-06-22,Male,41,Kochi,Toys,Building Blocks,1,257.67,0.278,UPI,5,257.67,71.63,186.04
ORD102272,CUST1845,2024-06-19,Female,36,Coimbatore,Toys,Building Blocks,4,47.66,0.054,Debit Card,5,190.64,10.29,180.35
ORD102273,CUST1187,2024-01-19,Female,56,Kochi,Beauty,Perfume,4,320.94,0.172,Credit Card,1,1283.76,220.81,1062.95
ORD102274,CUST1071,2024-10-09,Female,52,Coimbatore,Beauty,Face Wash,3,228.5,0.124,Credit Card,2,685.5,85.0,600.5
ORD102275,CUST1234,2024-06-16,Male,47,Pune,Electronics,Smartwatch,3,180.26,0.261,Cash on Delivery,2,540.78,141.14,399.64
ORD102276,CUST1988,2024-02-12,Female,31,Hyderabad,Clothing,Jeans,3,177.38,0.055,Cash on Delivery,5,532.14,29.27,502.87
ORD102277,CUST1113,2024-02-13,Male,31,Chennai,Sports,Football,2,75.76,0.189,Credit Card,3,151.52,28.64,122.88
ORD102278,CUST1580,2024-08-22,Male,58,Delhi,Books,Comics,1,130.88,0.259,Credit Card,4,130.88,33.9,96.98
ORD102279,CUST1182,2024-07-26,Male,57,Kochi,Electronics,Keyboard,2,258.59,0.064,UPI,4,517.18,33.1,484.08
ORD102280,CUST1394,2024-05-18,Male,30,Hyderabad,Toys,Board Game,3,196.22,0.319,Credit Card,1,588.66,187.78,400.88
ORD102281,CUST1551,2024-05-15,Female,32,Kochi,Home & Kitchen,Mixer,3,192.32,0.158,Net Banking,4,576.96,91.16,485.8
ORD102282,CUST1019,2024-01-12,Male,32,Bengaluru,Books,Self-Help Book,3,80.41,0.1,Net Banking,4,241.23,24.12,217.11
ORD102283,CUST1240,2024-01-11,Female,51,Hyderabad,Home & Kitchen,Cookware Set,3,246.27,0.118,Credit Card,5,738.81,87.18,651.63
ORD102284,CUST1586,2024-06-28,Male,58,Pune,Toys,Building Blocks,1,146.33,0.152,Cash on Delivery,5,146.33,22.24,124.09
ORD102285,CUST1014,2024-05-01,Female,56,Mumbai,Books,Self-Help Book,3,76.22,0.11,UPI,3,228.66,25.15,203.51
ORD102286,CUST1494,2024-03-25,Male,54,Coimbatore,Clothing,T-Shirt,4,331.17,0.203,Credit Card,5,1324.68,268.91,1055.77
ORD102287,CUST1602,2024-05-06,Female,32,Hyderabad,Electronics,Smartwatch,3,184.78,0.24,Debit Card,1,554.34,133.04,421.3
ORD102288,CUST1215,2024-07-21,Female,31,Coimbatore,Beauty,Moisturizer,3,191.89,0.18,Net Banking,4,575.67,103.62,472.05
ORD102289,CUST1162,2024-04-08,Male,56,Hyderabad,Books,Self-Help Book,1,343.76,0.178,Debit Card,3,343.76,61.19,282.57
ORD102290,CUST1489,2024-04-27,Male,34,Bengaluru,Books,Comics,4,137.75,0.285,Net Banking,1,551.0,157.04,393.96
ORD102291,CUST1717,2024-04-04,Male,27,Delhi,Electronics,Power Bank,2,330.91,0.14,Debit Card,3,661.82,92.65,569.17
ORD102292,CUST1012,2024-08-11,Female,54,Delhi,Toys,Remote Car,2,247.8,0.237,Cash on Delivery,4,495.6,117.46,378.14
ORD102293,CUST1337,2024-01-19,Female,38,Delhi,Toys,Building Blocks,2,227.09,0.318,Net Banking,3,454.18,144.43,309.75
ORD102294,CUST1998,2024-11-03,Male,21,Chennai,Home & Kitchen,Storage Box,1,93.53,0.116,Debit Card,4,93.53,10.85,82.68
ORD102295,CUST1335,2024-07-04,Male,56,Mumbai,Home & Kitchen,Mixer,4,32.34,0.236,Debit Card,4,129.36,30.53,98.83
ORD102296,CUST1331,2024-03-22,Male,30,Chennai,Clothing,Jacket,3,161.66,0.334,Debit Card,3,484.98,161.98,323.0
ORD102297,CUST1736,2024-09-11,Male,31,Coimbatore,Beauty,Moisturizer,2,18.41,0.209,Credit Card,2,36.82,7.7,29.12
ORD102298,CUST1479,2024-11-10,Female,40,Chennai,Clothing,Jeans,4,38.79,0.343,Debit Card,2,155.16,53.22,101.94
ORD102299,CUST1390,2024-01-20,Male,29,Kochi,Clothing,Jeans,1,214.43,0.143,Debit Card,4,214.43,30.66,183.77
ORD102300,CUST1783,2024-03-09,Female,53,Chennai,Beauty,Shampoo,2,257.7,0.219,Cash on Delivery,5,515.4,112.87,402.53
ORD102301,CUST1030,2024-02-18,Male,47,Delhi,Electronics,Earbuds,3,71.26,0.143,Cash on Delivery,3,213.78,30.57,183.21
ORD102302,CUST1712,2024-01-24,Female,42,Hyderabad,Beauty,Shampoo,1,260.39,0.051,Net Banking,3,260.39,13.28,247.11
ORD102303,CUST1380,2024-09-04,Male,26,Chennai,Sports,Cricket Bat,3,333.16,0.349,Credit Card,5,999.48,348.82,650.66
ORD102304,CUST1887,2024-03-05,Male,39,Hyderabad,Sports,Football,4,263.96,0.122,Cash on Delivery,2,1055.84,128.81,927.03
ORD102305,CUST1724,2024-05-08,Female,29,Chennai,Sports,Dumbbells,3,277.88,0.342,Debit Card,5,833.64,285.1,548.54
ORD102306,CUST1940,2024-09-29,Female,59,Pune,Home & Kitchen,Mixer,1,249.74,0.246,UPI,2,249.74,61.44,188.3
ORD102307,CUST1128,2024-07-23,Female,52,Coimbatore,Sports,Yoga Mat,3,90.29,0.321,UPI,2,270.87,86.95,183.92
ORD102308,CUST1188,2024-08-14,Male,23,Hyderabad,Home & Kitchen,Bedsheet,2,135.9,0.34,Credit Card,2,271.8,92.41,179.39
ORD102309,CUST1902,2024-02-02,Female,40,Mumbai,Toys,Remote Car,3,333.0,0.22,UPI,1,999.0,219.78,779.22
ORD102310,CUST1390,2024-11-21,Female,51,Bengaluru,Electronics,Smartwatch,3,236.51,0.35,UPI,3,709.53,248.34,461.19
ORD102311,CUST1814,2024-01-28,Male,40,Mumbai,Electronics,Earbuds,1,279.32,0.28,Net Banking,2,279.32,78.21,201.11
ORD102312,CUST1686,2024-08-25,Female,23,Kochi,Clothing,T-Shirt,1,339.51,0.207,Credit Card,2,339.51,70.28,269.23
ORD102313,CUST1499,2024-08-02,Male,24,Delhi,Home & Kitchen,Cookware Set,1,92.53,0.246,Debit Card,4,92.53,22.76,69.77
ORD102314,CUST1044,2024-05-18,Male,49,Kochi,Books,Fiction Book,1,122.77,0.108,Credit Card,3,122.77,13.26,109.51
ORD102315,CUST1073,2024-10-07,Female,40,Coimbatore,Home & Kitchen,Mixer,2,231.01,0.053,Debit Card,1,462.02,24.49,437.53
ORD102316,CUST1716,2024-10-25,Female,41,Chennai,Books,Academic Book,1,23.16,0.127,Cash on Delivery,1,23.16,2.94,20.22
ORD102317,CUST1097,2024-01-24,Female,29,Chennai,Books,Comics,4,206.36,0.18,Cash on Delivery,5,825.44,148.58,676.86
ORD102318,CUST1004,2024-11-16,Female,29,Hyderabad,Beauty,Shampoo,4,285.91,0.118,Net Banking,2,1143.64,134.95,1008.69
ORD102319,CUST1219,2024-03-21,Male,35,Kochi,Sports,Dumbbells,1,219.5,0.204,Debit Card,2,219.5,44.78,174.72
ORD102320,CUST1913,2024-09-22,Male,41,Bengaluru,Electronics,Keyboard,2,113.96,0.247,Credit Card,1,227.92,56.3,171.62
ORD102321,CUST1625,2024-10-01,Male,38,Chennai,Clothing,Jeans,3,257.57,0.247,UPI,5,772.71,190.86,581.85
ORD102322,CUST1717,2024-07-05,Male,55,Kochi,Clothing,Jacket,3,63.92,0.318,UPI,2,191.76,60.98,130.78
ORD102323,CUST1651,2024-10-16,Female,26,Bengaluru,Home & Kitchen,Storage Box,3,314.75,0.34,Debit Card,4,944.25,321.04,623.21
ORD102324,CUST1564,2024-10-03,Female,38,Hyderabad,Clothing,Jeans,4,48.81,0.317,Net Banking,3,195.24,61.89,133.35
ORD102325,CUST1256,2024-06-24,Male,28,Coimbatore,Books,Self-Help Book,3,304.27,0.236,Debit Card,5,912.81,215.42,697.39
ORD102326,CUST1428,2024-02-29,Male,18,Chennai,Electronics,Keyboard,3,181.77,0.112,Cash on Delivery,3,545.31,61.07,484.24
ORD102327,CUST1544,2024-05-25,Male,35,Bengaluru,Books,Self-Help Book,3,158.6,0.333,Debit Card,5,475.8,158.44,317.36
ORD102328,CUST1987,2024-10-28,Male,20,Pune,Books,Academic Book,3,182.72,0.102,Debit Card,4,548.16,55.91,492.25
ORD102329,CUST1898,2024-03-08,Male,34,Chennai,Sports,Dumbbells,2,82.07,0.095,Credit Card,3,164.14,15.59,148.55
ORD102330,CUST1735,2024-11-30,Male,45,Pune,Sports,Yoga Mat,3,168.32,0.145,Cash on Delivery,3,504.96,73.22,431.74
ORD102331,CUST1812,2024-03-01,Female,34,Delhi,Toys,Puzzle,4,299.66,0.222,Debit Card,4,1198.64,266.1,932.54
ORD102332,CUST1806,2024-08-10,Female,47,Bengaluru,Home & Kitchen,Storage Box,2,283.32,0.254,Debit Card,4,566.64,143.93,422.71
ORD102333,CUST1667,2024-08-02,Male,30,Delhi,Beauty,Perfume,1,69.62,0.054,UPI,4,69.62,3.76,65.86
ORD102334,CUST1824,2024-03-06,Male,35,Hyderabad,Clothing,T-Shirt,3,240.6,0.283,Credit Card,1,721.8,204.27,517.53
ORD102335,CUST1073,2024-06-07,Male,55,Kochi,Home & Kitchen,Bedsheet,4,302.04,0.103,UPI,2,1208.16,124.44,1083.72
ORD102336,CUST1021,2024-02-18,Female,28,Mumbai,Toys,Puzzle,4,289.62,0.139,UPI,3,1158.48,161.03,997.45
ORD102337,CUST1443,2024-05-02,Male,39,Pune,Electronics,Power Bank,3,157.59,0.147,Net Banking,3,472.77,69.5,403.27
ORD102338,CUST1054,2024-11-17,Female,48,Hyderabad,Home & Kitchen,Bedsheet,4,31.11,0.15,Debit Card,1,124.44,18.67,105.77
ORD102339,CUST1339,2024-01-19,Male,33,Coimbatore,Sports,Dumbbells,2,326.94,0.278,Net Banking,1,653.88,181.78,472.1
ORD102340,CUST1198,2024-10-18,Male,31,Hyderabad,Clothing,Kurta,2,147.62,0.062,Credit Card,3,295.24,18.3,276.94
ORD102341,CUST1956,2024-08-14,Male,48,Delhi,Books,Fiction Book,2,135.93,0.109,Debit Card,3,271.86,29.63,242.23
ORD102342,CUST1654,2024-09-07,Male,21,Coimbatore,Clothing,Jacket,2,269.44,0.057,Credit Card,4,538.88,30.72,508.16
ORD102343,CUST1041,2024-04-04,Male,29,Kochi,Beauty,Face Wash,3,103.43,0.283,Cash on Delivery,1,310.29,87.81,222.48
ORD102344,CUST1623,2024-11-13,Female,35,Coimbatore,Books,Self-Help Book,4,294.64,0.345,UPI,4,1178.56,406.6,771.96
ORD102345,CUST1731,2024-03-25,Female,27,Pune,Beauty,Face Wash,2,40.48,0.248,Net Banking,2,80.96,20.08,60.88
ORD102346,CUST1324,2024-06-17,Male,41,Pune,Clothing,Jacket,1,263.14,0.227,Debit Card,3,263.14,59.73,203.41
ORD102347,CUST1881,2024-01-13,Male,44,Mumbai,Electronics,Keyboard,4,338.54,0.322,Cash on Delivery,5,1354.16,436.04,918.12
ORD102348,CUST1972,2024-10-24,Male,59,Pune,Beauty,Shampoo,4,348.58,0.126,Cash on Delivery,2,1394.32,175.68,1218.64
ORD102349,CUST1979,2024-08-24,Female,43,Delhi,Clothing,T-Shirt,4,324.47,0.07,Debit Card,2,1297.88,90.85,1207.03
ORD102350,CUST1093,2024-02-24,Male,43,Delhi,Clothing,Jeans,2,306.71,0.203,Debit Card,2,613.42,124.52,488.9
ORD102351,CUST1448,2024-08-09,Male,49,Hyderabad,Clothing,Jacket,3,108.42,0.128,Cash on Delivery,4,325.26,41.63,283.63
ORD102352,CUST1775,2024-03-02,Female,26,Hyderabad,Beauty,Perfume,3,338.83,0.185,Debit Card,5,1016.49,188.05,828.44
ORD102353,CUST1442,2024-05-28,Female,38,Chennai,Books,Comics,4,325.85,0.187,Debit Card,3,1303.4,243.74,1059.66
ORD102354,CUST1480,2024-06-20,Female,53,Pune,Sports,Cricket Bat,4,194.01,0.146,Credit Card,1,776.04,113.3,662.74
ORD102355,CUST1328,2024-11-07,Male,25,Chennai,Home & Kitchen,Storage Box,4,149.7,0.196,UPI,5,598.8,117.36,481.44
ORD102356,CUST1418,2024-04-21,Female,30,Chennai,Beauty,Face Wash,2,51.6,0.164,Net Banking,1,103.2,16.92,86.28
ORD102357,CUST1693,2024-01-05,Male,27,Hyderabad,Sports,Dumbbells,1,212.86,0.084,UPI,3,212.86,17.88,194.98
ORD102358,CUST1025,2024-05-24,Male,59,Bengaluru,Sports,Cricket Bat,1,249.68,0.31,Net Banking,1,249.68,77.4,172.28
ORD102359,CUST1798,2024-11-06,Female,33,Pune,Electronics,Power Bank,4,150.34,0.26,Cash on Delivery,1,601.36,156.35,445.01
ORD102360,CUST1727,2024-09-24,Male,31,Bengaluru,Books,Fiction Book,4,151.02,0.062,UPI,5,604.08,37.45,566.63
ORD102361,CUST1138,2024-01-20,Female,53,Mumbai,Beauty,Face Wash,1,207.06,0.085,UPI,1,207.06,17.6,189.46
ORD102362,CUST1770,2024-01-18,Female,57,Pune,Clothing,Kurta,2,24.31,0.079,Cash on Delivery,5,48.62,3.84,44.78
ORD102363,CUST1520,2024-09-10,Female,18,Delhi,Sports,Yoga Mat,1,335.89,0.069,Credit Card,3,335.89,23.18,312.71
ORD102364,CUST1318,2024-08-29,Male,55,Delhi,Electronics,Smartwatch,2,112.12,0.068,UPI,2,224.24,15.25,208.99
ORD102365,CUST1454,2024-07-05,Female,48,Hyderabad,Toys,Remote Car,3,62.2,0.097,Debit Card,5,186.6,18.1,168.5
ORD102366,CUST1516,2024-01-30,Female,55,Mumbai,Toys,Puzzle,3,16.84,0.304,Net Banking,1,50.52,15.36,35.16
ORD102367,CUST1210,2024-04-03,Male,21,Coimbatore,Books,Academic Book,2,302.06,0.298,Net Banking,4,604.12,180.03,424.09
ORD102368,CUST1605,2024-10-10,Female,19,Mumbai,Home & Kitchen,Storage Box,2,304.17,0.285,UPI,4,608.34,173.38,434.96
ORD102369,CUST1628,2024-02-16,Female,32,Pune,Home & Kitchen,Storage Box,3,46.93,0.234,Debit Card,2,140.79,32.94,107.85
ORD102370,CUST1367,2024-03-08,Male,54,Coimbatore,Sports,Yoga Mat,3,66.0,0.267,UPI,2,198.0,52.87,145.13
ORD102371,CUST1460,2024-05-31,Female,39,Bengaluru,Sports,Cricket Bat,1,165.05,0.272,Net Banking,1,165.05,44.89,120.16
ORD102372,CUST1614,2024-09-03,Female,49,Chennai,Home & Kitchen,Storage Box,1,77.21,0.317,Net Banking,1,77.21,24.48,52.73
ORD102373,CUST1503,2024-10-04,Male,28,Mumbai,Home & Kitchen,Mixer,2,261.5,0.27,Cash on Delivery,1,523.0,141.21,381.79
ORD102374,CUST1433,2024-07-17,Female,32,Mumbai,Books,Fiction Book,2,34.44,0.271,Debit Card,3,68.88,18.67,50.21
ORD102375,CUST1955,2024-06-13,Female,55,Bengaluru,Home & Kitchen,Cookware Set,4,199.15,0.291,Net Banking,3,796.6,231.81,564.79
ORD102376,CUST1877,2024-05-09,Female,39,Coimbatore,Clothing,Jacket,4,143.24,0.217,Credit Card,3,572.96,124.33,448.63
ORD102377,CUST1379,2024-01-15,Female,51,Delhi,Electronics,Smartwatch,3,170.76,0.114,UPI,4,512.28,58.4,453.88
ORD102378,CUST1717,2024-03-30,Male,45,Pune,Toys,Building Blocks,1,157.29,0.075,Debit Card,2,157.29,11.8,145.49
ORD102379,CUST1809,2024-03-12,Male,25,Pune,Clothing,Jacket,1,66.31,0.176,Credit Card,4,66.31,11.67,54.64
ORD102380,CUST1110,2024-01-20,Female,58,Mumbai,Toys,Board Game,2,88.79,0.078,Debit Card,4,177.58,13.85,163.73
ORD102381,CUST1591,2024-09-06,Female,58,Delhi,Beauty,Face Wash,3,36.71,0.101,UPI,5,110.13,11.12,99.01
ORD102382,CUST1798,2024-04-28,Male,51,Bengaluru,Books,Fiction Book,3,53.62,0.057,UPI,4,160.86,9.17,151.69
ORD102383,CUST1057,2024-06-19,Male,38,Pune,Books,Self-Help Book,1,342.59,0.14,Net Banking,1,342.59,47.96,294.63
ORD102384,CUST1337,2024-03-08,Female,36,Kochi,Clothing,Jacket,4,108.73,0.341,Cash on Delivery,3,434.92,148.31,286.61
ORD102385,CUST1797,2024-07-17,Female,30,Coimbatore,Clothing,T-Shirt,2,117.85,0.164,Debit Card,4,235.7,38.65,197.05
ORD102386,CUST1934,2024-02-15,Male,45,Mumbai,Beauty,Perfume,3,57.58,0.122,Debit Card,1,172.74,21.07,151.67
ORD102387,CUST1991,2024-08-15,Female,31,Chennai,Electronics,Smartwatch,1,267.98,0.171,Cash on Delivery,1,267.98,45.82,222.16
ORD102388,CUST1602,2024-09-04,Male,25,Kochi,Clothing,T-Shirt,4,324.59,0.14,Cash on Delivery,1,1298.36,181.77,1116.59
ORD102389,CUST1042,2024-04-14,Female,20,Delhi,Beauty,Perfume,3,279.57,0.252,Net Banking,1,838.71,211.35,627.36
ORD102390,CUST1027,2024-03-12,Female,36,Coimbatore,Clothing,T-Shirt,1,220.23,0.24,Net Banking,5,220.23,52.86,167.37
ORD102391,CUST1810,2024-09-18,Female,53,Hyderabad,Toys,Building Blocks,2,287.43,0.058,Credit Card,2,574.86,33.34,541.52
ORD102392,CUST1733,2024-03-15,Male,52,Coimbatore,Beauty,Perfume,2,150.42,0.203,Cash on Delivery,1,300.84,61.07,239.77
ORD102393,CUST1193,2024-02-29,Male,54,Coimbatore,Home & Kitchen,Mixer,1,302.93,0.061,Debit Card,3,302.93,18.48,284.45
ORD102394,CUST1130,2024-04-24,Male,44,Chennai,Clothing,Jeans,4,282.5,0.253,Debit Card,2,1130.0,285.89,844.11
ORD102395,CUST1145,2024-11-19,Male,55,Delhi,Toys,Remote Car,4,15.58,0.331,Cash on Delivery,5,62.32,20.63,41.69
ORD102396,CUST1876,2024-06-03,Female,51,Mumbai,Electronics,Keyboard,4,178.41,0.322,Debit Card,1,713.64,229.79,483.85
ORD102397,CUST1763,2024-03-28,Female,52,Pune,Books,Academic Book,2,103.65,0.112,Cash on Delivery,5,207.3,23.22,184.08
ORD102398,CUST1947,2024-06-21,Male,39,Hyderabad,Books,Fiction Book,3,43.89,0.273,Credit Card,2,131.67,35.95,95.72
ORD102399,CUST1113,2024-04-26,Female,21,Chennai,Clothing,Jacket,2,298.48,0.288,UPI,2,596.96,171.92,425.04
ORD102400,CUST1694,2024-08-10,Female,34,Hyderabad,Sports,Yoga Mat,2,17.66,0.309,Credit Card,3,35.32,10.91,24.41
ORD102401,CUST1922,2024-05-27,Female,54,Delhi,Toys,Board Game,3,259.6,0.128,Debit Card,5,778.8,99.69,679.11
ORD102402,CUST1532,2024-07-16,Female,49,Hyderabad,Beauty,Shampoo,2,346.04,0.185,Net Banking,2,692.08,128.03,564.05
ORD102403,CUST1773,2024-05-26,Male,18,Mumbai,Beauty,Face Wash,4,176.48,0.116,UPI,2,705.92,81.89,624.03
ORD102404,CUST1601,2024-06-10,Male,22,Mumbai,Electronics,Power Bank,1,139.37,0.057,Debit Card,4,139.37,7.94,131.43
ORD102405,CUST1007,2024-05-29,Female,46,Pune,Beauty,Moisturizer,1,217.95,0.248,Net Banking,4,217.95,54.05,163.9
ORD102406,CUST1428,2024-05-11,Female,60,Mumbai,Books,Self-Help Book,4,284.57,0.179,UPI,2,1138.28,203.75,934.53
ORD102407,CUST1261,2024-11-18,Female,49,Bengaluru,Sports,Dumbbells,4,95.48,0.124,Net Banking,1,381.92,47.36,334.56
ORD102408,CUST1083,2024-03-30,Female,58,Pune,Home & Kitchen,Bedsheet,4,98.98,0.304,Credit Card,4,395.92,120.36,275.56
ORD102409,CUST1595,2024-09-26,Male,20,Bengaluru,Home & Kitchen,Bedsheet,2,218.4,0.199,Debit Card,5,436.8,86.92,349.88
ORD102410,CUST1927,2024-08-25,Female,55,Hyderabad,Electronics,Keyboard,2,329.86,0.348,Credit Card,4,659.72,229.58,430.14
ORD102411,CUST1053,2024-06-25,Male,23,Pune,Toys,Board Game,1,114.98,0.288,Debit Card,5,114.98,33.11,81.87
ORD102412,CUST1328,2024-04-16,Female,56,Hyderabad,Electronics,Earbuds,2,141.21,0.311,Credit Card,2,282.42,87.83,194.59
ORD102413,CUST1668,2024-06-11,Female,59,Chennai,Home & Kitchen,Mixer,3,347.77,0.282,Net Banking,5,1043.31,294.21,749.1
ORD102414,CUST1312,2024-10-11,Female,39,Hyderabad,Sports,Yoga Mat,2,74.03,0.082,UPI,5,148.06,12.14,135.92
ORD102415,CUST1116,2024-03-01,Male,40,Mumbai,Sports,Yoga Mat,2,40.78,0.07,UPI,5,81.56,5.71,75.85
ORD102416,CUST1191,2024-07-15,Female,39,Pune,Clothing,T-Shirt,1,212.57,0.325,Cash on Delivery,5,212.57,69.09,143.48
ORD102417,CUST1024,2024-09-13,Female,41,Pune,Books,Fiction Book,2,23.13,0.091,Net Banking,2,46.26,4.21,42.05
ORD102418,CUST1991,2024-07-31,Male,53,Chennai,Sports,Yoga Mat,3,75.45,0.167,Credit Card,1,226.35,37.8,188.55
ORD102419,CUST1491,2024-02-18,Female,30,Coimbatore,Clothing,Kurta,3,223.44,0.233,UPI,4,670.32,156.18,514.14
ORD102420,CUST1941,2024-06-19,Female,30,Pune,Electronics,Keyboard,3,235.94,0.114,Debit Card,4,707.82,80.69,627.13
ORD102421,CUST1684,2024-03-02,Male,59,Bengaluru,Clothing,Jeans,4,185.99,0.118,Credit Card,4,743.96,87.79,656.17
ORD102422,CUST1349,2024-11-07,Male,54,Hyderabad,Books,Self-Help Book,1,143.56,0.19,Net Banking,4,143.56,27.28,116.28
ORD102423,CUST1941,2024-04-27,Female,41,Coimbatore,Beauty,Shampoo,2,208.03,0.158,Cash on Delivery,1,416.06,65.74,350.32
ORD102424,CUST1259,2024-05-21,Male,26,Delhi,Clothing,T-Shirt,3,230.53,0.253,Net Banking,4,691.59,174.97,516.62
ORD102425,CUST1180,2024-10-14,Female,59,Hyderabad,Electronics,Keyboard,2,284.17,0.073,Cash on Delivery,3,568.34,41.49,526.85
ORD102426,CUST1804,2024-05-23,Male,55,Coimbatore,Beauty,Shampoo,4,280.57,0.197,Net Banking,1,1122.28,221.09,901.19
ORD102427,CUST1552,2024-03-05,Male,32,Pune,Clothing,T-Shirt,1,237.71,0.102,UPI,5,237.71,24.25,213.46
ORD102428,CUST1422,2024-10-26,Female,41,Delhi,Toys,Remote Car,1,314.57,0.232,Cash on Delivery,1,314.57,72.98,241.59
ORD102429,CUST1587,2024-08-05,Female,36,Chennai,Toys,Remote Car,2,295.74,0.085,UPI,2,591.48,50.28,541.2
ORD102430,CUST1966,2024-07-21,Male,54,Pune,Beauty,Shampoo,2,59.64,0.109,Cash on Delivery,2,119.28,13.0,106.28
ORD102431,CUST1279,2024-01-26,Female,47,Bengaluru,Beauty,Moisturizer,4,335.49,0.291,UPI,4,1341.96,390.51,951.45
ORD102432,CUST1900,2024-05-30,Male,39,Kochi,Beauty,Shampoo,2,313.73,0.121,Cash on Delivery,1,627.46,75.92,551.54
ORD102433,CUST1909,2024-06-02,Female,59,Bengaluru,Toys,Board Game,2,122.51,0.271,Net Banking,2,245.02,66.4,178.62
ORD102434,CUST1758,2024-03-28,Male,44,Chennai,Home & Kitchen,Cookware Set,1,21.76,0.132,Credit Card,2,21.76,2.87,18.89
ORD102435,CUST1157,2024-07-08,Female,38,Mumbai,Toys,Remote Car,2,217.33,0.121,Debit Card,3,434.66,52.59,382.07
ORD102436,CUST1089,2024-03-23,Male,57,Hyderabad,Electronics,Keyboard,3,161.87,0.14,Net Banking,5,485.61,67.99,417.62
ORD102437,CUST1120,2024-06-06,Female,37,Hyderabad,Toys,Puzzle,3,266.1,0.314,Credit Card,2,798.3,250.67,547.63
ORD102438,CUST1701,2024-09-25,Female,35,Kochi,Toys,Puzzle,3,190.74,0.169,Debit Card,2,572.22,96.71,475.51
ORD102439,CUST1399,2024-09-03,Female,34,Hyderabad,Sports,Dumbbells,2,40.62,0.123,Cash on Delivery,3,81.24,9.99,71.25
ORD102440,CUST1986,2024-04-03,Male,27,Coimbatore,Beauty,Moisturizer,1,96.97,0.211,Debit Card,2,96.97,20.46,76.51
ORD102441,CUST1006,2024-03-10,Female,30,Bengaluru,Electronics,Keyboard,1,310.65,0.166,UPI,5,310.65,51.57,259.08
ORD102442,CUST1372,2024-01-02,Male,21,Delhi,Books,Fiction Book,1,27.63,0.287,UPI,2,27.63,7.93,19.7
ORD102443,CUST1263,2024-04-25,Female,49,Bengaluru,Books,Comics,3,261.78,0.347,UPI,1,785.34,272.51,512.83
ORD102444,CUST1880,2024-01-07,Female,43,Bengaluru,Sports,Football,4,112.8,0.208,Credit Card,3,451.2,93.85,357.35
ORD102445,CUST1121,2024-02-12,Male,58,Bengaluru,Sports,Dumbbells,4,166.63,0.186,Cash on Delivery,1,666.52,123.97,542.55
ORD102446,CUST1407,2024-11-23,Male,44,Hyderabad,Sports,Football,2,192.89,0.153,Net Banking,4,385.78,59.02,326.76
ORD102447,CUST1865,2024-10-13,Male,21,Mumbai,Clothing,Jeans,1,98.78,0.342,Debit Card,5,98.78,33.78,65.0
ORD102448,CUST1970,2024-07-06,Male,44,Coimbatore,Home & Kitchen,Storage Box,3,233.41,0.195,Credit Card,5,700.23,136.54,563.69
ORD102449,CUST1915,2024-09-16,Female,25,Coimbatore,Toys,Remote Car,1,247.3,0.103,Cash on Delivery,5,247.3,25.47,221.83
ORD102450,CUST1652,2024-06-12,Female,19,Pune,Toys,Board Game,3,43.49,0.341,Credit Card,3,130.47,44.49,85.98
ORD102451,CUST1162,2024-07-20,Male,46,Mumbai,Toys,Building Blocks,2,140.27,0.338,Credit Card,4,280.54,94.82,185.72
ORD102452,CUST1096,2024-11-03,Female,19,Hyderabad,Beauty,Perfume,4,264.37,0.181,Debit Card,2,1057.48,191.4,866.08
ORD102453,CUST1410,2024-01-27,Male,35,Hyderabad,Toys,Board Game,3,256.75,0.154,UPI,5,770.25,118.62,651.63
ORD102454,CUST1478,2024-04-27,Male,56,Bengaluru,Beauty,Face Wash,3,197.44,0.254,Debit Card,1,592.32,150.45,441.87
ORD102455,CUST1513,2024-02-09,Female,29,Pune,Toys,Building Blocks,2,275.52,0.299,Credit Card,1,551.04,164.76,386.28
ORD102456,CUST1049,2024-09-23,Female,47,Coimbatore,Sports,Football,4,51.06,0.2,Credit Card,5,204.24,40.85,163.39
ORD102457,CUST1674,2024-10-02,Female,34,Delhi,Toys,Board Game,3,54.6,0.149,Debit Card,2,163.8,24.41,139.39
ORD102458,CUST1394,2024-08-29,Female,22,Delhi,Clothing,Jeans,3,235.26,0.14,UPI,2,705.78,98.81,606.97
ORD102459,CUST1108,2024-07-22,Male,26,Hyderabad,Books,Academic Book,2,247.27,0.148,Credit Card,4,494.54,73.19,421.35
ORD102460,CUST1914,2024-06-08,Female,21,Kochi,Sports,Dumbbells,2,287.87,0.085,Debit Card,2,575.74,48.94,526.8
ORD102461,CUST1356,2024-01-08,Male,24,Kochi,Electronics,Smartwatch,4,75.65,0.284,Debit Card,4,302.6,85.94,216.66
ORD102462,CUST1231,2024-09-16,Male,24,Mumbai,Toys,Building Blocks,2,188.12,0.081,Net Banking,3,376.24,30.48,345.76
ORD102463,CUST1491,2024-10-26,Male,55,Coimbatore,Clothing,Kurta,1,236.38,0.169,Cash on Delivery,4,236.38,39.95,196.43
ORD102464,CUST1949,2024-11-19,Female,52,Hyderabad,Toys,Puzzle,2,89.94,0.3,Cash on Delivery,1,179.88,53.96,125.92
ORD102465,CUST1823,2024-04-24,Male,33,Chennai,Books,Self-Help Book,2,188.17,0.171,Debit Card,4,376.34,64.35,311.99
ORD102466,CUST1099,2024-03-08,Female,49,Hyderabad,Beauty,Moisturizer,2,228.88,0.138,Debit Card,2,457.76,63.17,394.59
ORD102467,CUST1686,2024-08-07,Male,26,Coimbatore,Beauty,Shampoo,1,86.84,0.334,Debit Card,3,86.84,29.0,57.84
ORD102468,CUST1664,2024-01-06,Female,45,Mumbai,Toys,Puzzle,1,140.81,0.088,UPI,5,140.81,12.39,128.42
ORD102469,CUST1885,2024-01-21,Male,26,Coimbatore,Toys,Remote Car,2,87.47,0.315,Net Banking,3,174.94,55.11,119.83
ORD102470,CUST1964,2024-10-02,Female,45,Hyderabad,Home & Kitchen,Mixer,2,317.49,0.069,Debit Card,1,634.98,43.81,591.17
ORD102471,CUST1745,2024-11-16,Female,33,Mumbai,Sports,Cricket Bat,1,94.33,0.174,Net Banking,3,94.33,16.41,77.92
ORD102472,CUST1653,2024-05-15,Female,54,Chennai,Electronics,Smartwatch,2,55.48,0.24,Cash on Delivery,2,110.96,26.63,84.33
ORD102473,CUST1353,2024-06-19,Male,53,Coimbatore,Beauty,Face Wash,2,26.78,0.161,Cash on Delivery,3,53.56,8.62,44.94
ORD102474,CUST1898,2024-07-01,Female,32,Hyderabad,Sports,Cricket Bat,1,30.06,0.21,Net Banking,2,30.06,6.31,23.75
ORD102475,CUST1942,2024-02-16,Male,19,Chennai,Home & Kitchen,Bedsheet,2,79.18,0.111,Debit Card,4,158.36,17.58,140.78
ORD102476,CUST1990,2024-03-15,Male,31,Bengaluru,Clothing,Jacket,2,218.75,0.221,Debit Card,2,437.5,96.69,340.81
ORD102477,CUST1953,2024-04-09,Male,30,Pune,Clothing,Jacket,1,20.91,0.09,Net Banking,3,20.91,1.88,19.03
ORD102478,CUST1641,2024-10-08,Male,36,Coimbatore,Books,Comics,4,111.06,0.289,UPI,5,444.24,128.39,315.85
ORD102479,CUST1955,2024-05-26,Male,42,Kochi,Home & Kitchen,Mixer,1,34.49,0.225,Credit Card,4,34.49,7.76,26.73
ORD102480,CUST1781,2024-08-29,Female,60,Bengaluru,Electronics,Power Bank,3,150.23,0.195,Credit Card,4,450.69,87.88,362.81
ORD102481,CUST1239,2024-03-06,Female,20,Delhi,Sports,Football,3,31.27,0.066,Cash on Delivery,4,93.81,6.19,87.62
ORD102482,CUST1031,2024-11-15,Male,41,Mumbai,Books,Self-Help Book,4,218.53,0.2,Net Banking,5,874.12,174.82,699.3
ORD102483,CUST1979,2024-10-22,Male,25,Pune,Clothing,Jacket,3,245.62,0.219,Net Banking,5,736.86,161.37,575.49
ORD102484,CUST1426,2024-06-08,Female,41,Pune,Home & Kitchen,Storage Box,3,260.0,0.13,Credit Card,5,780.0,101.4,678.6
ORD102485,CUST1872,2024-03-16,Male,45,Chennai,Beauty,Perfume,4,90.16,0.253,Credit Card,2,360.64,91.24,269.4
ORD102486,CUST1287,2024-11-23,Female,52,Bengaluru,Home & Kitchen,Cookware Set,4,305.95,0.073,Debit Card,4,1223.8,89.34,1134.46
ORD102487,CUST1360,2024-09-27,Female,42,Delhi,Beauty,Perfume,1,246.25,0.113,UPI,5,246.25,27.83,218.42
ORD102488,CUST1823,2024-06-20,Female,25,Delhi,Beauty,Perfume,4,33.98,0.271,Cash on Delivery,3,135.92,36.83,99.09
ORD102489,CUST1524,2024-03-30,Male,57,Kochi,Clothing,T-Shirt,2,162.66,0.094,Credit Card,1,325.32,30.58,294.74
ORD102490,CUST1676,2024-07-27,Male,35,Coimbatore,Toys,Remote Car,1,272.2,0.124,Credit Card,3,272.2,33.75,238.45
ORD102491,CUST1319,2024-05-04,Female,38,Chennai,Electronics,Power Bank,3,119.15,0.245,Cash on Delivery,2,357.45,87.58,269.87
ORD102492,CUST1613,2024-08-13,Female,45,Delhi,Home & Kitchen,Mixer,4,142.82,0.269,Debit Card,4,571.28,153.67,417.61
ORD102493,CUST1486,2024-10-05,Male,29,Mumbai,Clothing,Jeans,1,225.92,0.065,Net Banking,5,225.92,14.68,211.24
ORD102494,CUST1930,2024-06-13,Female,60,Mumbai,Electronics,Power Bank,1,33.59,0.088,Cash on Delivery,4,33.59,2.96,30.63
ORD102495,CUST1491,2024-01-17,Female,19,Chennai,Electronics,Keyboard,4,338.92,0.184,Debit Card,3,1355.68,249.45,1106.23
ORD102496,CUST1088,2024-07-07,Female,24,Coimbatore,Sports,Cricket Bat,3,73.45,0.228,Net Banking,3,220.35,50.24,170.11
ORD102497,CUST1735,2024-10-14,Female,60,Bengaluru,Sports,Cricket Bat,1,23.94,0.186,Cash on Delivery,3,23.94,4.45,19.49
ORD102498,CUST1952,2024-03-15,Female,37,Kochi,Books,Academic Book,4,16.78,0.244,UPI,3,67.12,16.38,50.74
ORD102499,CUST1881,2024-11-17,Male,56,Kochi,Beauty,Moisturizer,2,148.85,0.277,Net Banking,2,297.7,82.46,215.24
ORD102500,CUST1100,2024-05-01,Male,56,Coimbatore,Sports,Cricket Bat,2,311.22,0.335,Credit Card,4,622.44,208.52,413.92
ORD102501,CUST1997,2024-08-17,Female,60,Chennai,Clothing,Kurta,2,289.62,0.155,UPI,2,579.24,89.78,489.46
ORD102502,CUST1346,2024-08-23,Female,49,Mumbai,Toys,Building Blocks,3,320.54,0.099,Credit Card,1,961.62,95.2,866.42
ORD102503,CUST1833,2024-03-01,Male,47,Chennai,Electronics,Earbuds,1,193.82,0.129,Debit Card,5,193.82,25.0,168.82
ORD102504,CUST1629,2024-01-14,Male,44,Delhi,Beauty,Moisturizer,2,165.33,0.094,UPI,3,330.66,31.08,299.58
ORD102505,CUST1972,2024-11-13,Male,47,Coimbatore,Books,Fiction Book,2,144.26,0.168,UPI,3,288.52,48.47,240.05
ORD102506,CUST1341,2024-08-22,Female,29,Delhi,Clothing,Jeans,1,30.55,0.312,Debit Card,3,30.55,9.53,21.02
ORD102507,CUST1607,2024-07-30,Female,53,Chennai,Electronics,Power Bank,4,319.69,0.154,UPI,1,1278.76,196.93,1081.83
ORD102508,CUST1681,2024-04-11,Male,26,Hyderabad,Electronics,Power Bank,1,181.22,0.095,UPI,3,181.22,17.22,164.0
ORD102509,CUST1154,2024-02-06,Male,38,Bengaluru,Sports,Dumbbells,4,167.45,0.207,Cash on Delivery,3,669.8,138.65,531.15
ORD102510,CUST1774,2024-04-01,Male,34,Mumbai,Toys,Puzzle,1,187.58,0.348,Credit Card,3,187.58,65.28,122.3
ORD102511,CUST1143,2024-07-02,Male,50,Hyderabad,Sports,Cricket Bat,2,281.04,0.106,Net Banking,1,562.08,59.58,502.5
ORD102512,CUST1827,2024-08-20,Male,28,Coimbatore,Home & Kitchen,Bedsheet,1,90.2,0.283,Net Banking,4,90.2,25.53,64.67
ORD102513,CUST1126,2024-04-16,Male,26,Bengaluru,Clothing,Jeans,2,252.82,0.297,Debit Card,4,505.64,150.18,355.46
ORD102514,CUST1179,2024-03-13,Male,52,Hyderabad,Clothing,Jacket,3,253.11,0.17,Credit Card,4,759.33,129.09,630.24
ORD102515,CUST1494,2024-03-24,Female,38,Bengaluru,Books,Fiction Book,1,299.6,0.236,Cash on Delivery,3,299.6,70.71,228.89
ORD102516,CUST1181,2024-11-18,Female,48,Kochi,Beauty,Shampoo,3,17.91,0.18,UPI,2,53.73,9.67,44.06
ORD102517,CUST1076,2024-07-30,Male,55,Hyderabad,Clothing,Jacket,4,72.08,0.129,Credit Card,5,288.32,37.19,251.13
ORD102518,CUST1052,2024-11-27,Female,53,Kochi,Books,Comics,2,172.8,0.178,Net Banking,2,345.6,61.52,284.08
ORD102519,CUST1285,2024-01-03,Female,35,Pune,Sports,Cricket Bat,1,299.93,0.079,Cash on Delivery,3,299.93,23.69,276.24
ORD102520,CUST1490,2024-06-02,Male,25,Hyderabad,Books,Self-Help Book,3,338.31,0.262,Debit Card,1,1014.93,265.91,749.02
ORD102521,CUST1043,2024-06-02,Male,59,Delhi,Books,Comics,1,214.28,0.299,Debit Card,1,214.28,64.07,150.21
ORD102522,CUST1137,2024-05-14,Male,31,Chennai,Sports,Yoga Mat,1,86.06,0.142,UPI,1,86.06,12.22,73.84
ORD102523,CUST1611,2024-05-11,Female,51,Kochi,Home & Kitchen,Mixer,2,76.84,0.22,UPI,3,153.68,33.81,119.87
ORD102524,CUST1318,2024-01-27,Female,51,Kochi,Toys,Building Blocks,2,229.21,0.12,Net Banking,2,458.42,55.01,403.41
ORD102525,CUST1757,2024-01-11,Female,37,Hyderabad,Electronics,Keyboard,1,85.37,0.088,Net Banking,2,85.37,7.51,77.86
ORD102526,CUST1839,2024-09-17,Male,25,Bengaluru,Books,Self-Help Book,4,200.28,0.249,Cash on Delivery,4,801.12,199.48,601.64
ORD102527,CUST1030,2024-05-27,Male,38,Mumbai,Electronics,Keyboard,3,294.66,0.09,Cash on Delivery,4,883.98,79.56,804.42
ORD102528,CUST1947,2024-02-24,Male,24,Coimbatore,Electronics,Power Bank,4,145.59,0.285,Credit Card,4,582.36,165.97,416.39
ORD102529,CUST1682,2024-04-26,Male,33,Pune,Beauty,Shampoo,2,141.79,0.132,UPI,5,283.58,37.43,246.15
ORD102530,CUST1821,2024-11-08,Male,34,Chennai,Toys,Puzzle,2,27.11,0.296,Credit Card,2,54.22,16.05,38.17
ORD102531,CUST1477,2024-06-05,Male,40,Chennai,Toys,Building Blocks,4,100.12,0.161,Net Banking,4,400.48,64.48,336.0
ORD102532,CUST1000,2024-11-27,Female,26,Bengaluru,Toys,Puzzle,1,248.89,0.161,Net Banking,5,248.89,40.07,208.82
ORD102533,CUST1884,2024-02-24,Male,54,Coimbatore,Toys,Board Game,2,135.73,0.275,Credit Card,2,271.46,74.65,196.81
ORD102534,CUST1567,2024-02-11,Female,21,Hyderabad,Clothing,T-Shirt,4,68.03,0.203,UPI,2,272.12,55.24,216.88
ORD102535,CUST1037,2024-07-07,Male,60,Kochi,Electronics,Keyboard,2,50.43,0.11,UPI,3,100.86,11.09,89.77
ORD102536,CUST1166,2024-08-16,Male,31,Hyderabad,Toys,Puzzle,4,46.84,0.305,Net Banking,4,187.36,57.14,130.22
ORD102537,CUST1205,2024-11-24,Male,39,Kochi,Beauty,Moisturizer,2,235.81,0.152,Cash on Delivery,1,471.62,71.69,399.93
ORD102538,CUST1375,2024-06-05,Female,55,Kochi,Home & Kitchen,Mixer,2,220.23,0.081,Credit Card,3,440.46,35.68,404.78
ORD102539,CUST1441,2024-03-08,Female,46,Pune,Clothing,Jeans,4,188.7,0.175,Cash on Delivery,2,754.8,132.09,622.71
ORD102540,CUST1427,2024-06-30,Female,20,Bengaluru,Sports,Yoga Mat,1,182.61,0.222,Credit Card,4,182.61,40.54,142.07
ORD102541,CUST1867,2024-04-12,Female,43,Chennai,Sports,Football,4,66.3,0.233,Debit Card,2,265.2,61.79,203.41
ORD102542,CUST1941,2024-03-01,Female,42,Bengaluru,Sports,Dumbbells,1,182.7,0.301,Net Banking,2,182.7,54.99,127.71
ORD102543,CUST1678,2024-01-30,Female,58,Pune,Home & Kitchen,Bedsheet,2,35.08,0.212,Credit Card,2,70.16,14.87,55.29
ORD102544,CUST1633,2024-08-30,Female,42,Pune,Books,Academic Book,3,325.16,0.117,Net Banking,1,975.48,114.13,861.35
ORD102545,CUST1863,2024-08-03,Female,60,Kochi,Sports,Football,3,34.44,0.128,Debit Card,4,103.32,13.22,90.1
ORD102546,CUST1267,2024-02-25,Female,40,Kochi,Home & Kitchen,Bedsheet,4,156.88,0.08,Credit Card,2,627.52,50.2,577.32
ORD102547,CUST1557,2024-07-06,Male,26,Hyderabad,Electronics,Smartwatch,4,15.19,0.271,UPI,3,60.76,16.47,44.29
ORD102548,CUST1642,2024-10-23,Female,39,Mumbai,Books,Self-Help Book,3,278.36,0.082,Credit Card,4,835.08,68.48,766.6
ORD102549,CUST1285,2024-10-01,Female,57,Coimbatore,Home & Kitchen,Storage Box,3,70.67,0.232,Net Banking,4,212.01,49.19,162.82
ORD102550,CUST1950,2024-06-01,Female,18,Coimbatore,Books,Academic Book,2,324.85,0.229,Debit Card,5,649.7,148.78,500.92
ORD102551,CUST1235,2024-01-20,Male,35,Hyderabad,Sports,Football,4,29.73,0.286,UPI,1,118.92,34.01,84.91
ORD102552,CUST1059,2024-07-31,Male,20,Chennai,Sports,Cricket Bat,3,289.96,0.072,Cash on Delivery,4,869.88,62.63,807.25
ORD102553,CUST1323,2024-06-21,Male,54,Chennai,Toys,Board Game,1,234.97,0.111,UPI,2,234.97,26.08,208.89
ORD102554,CUST1815,2024-11-04,Female,39,Coimbatore,Electronics,Smartwatch,4,98.66,0.323,Cash on Delivery,4,394.64,127.47,267.17
ORD102555,CUST1374,2024-07-04,Male,48,Hyderabad,Books,Comics,2,82.81,0.222,Debit Card,2,165.62,36.77,128.85
ORD102556,CUST1216,2024-09-04,Female,59,Pune,Toys,Remote Car,2,134.82,0.187,Credit Card,1,269.64,50.42,219.22
ORD102557,CUST1871,2024-06-26,Male,53,Coimbatore,Clothing,Kurta,2,292.51,0.274,Debit Card,5,585.02,160.3,424.72
ORD102558,CUST1152,2024-06-30,Male,35,Kochi,Books,Academic Book,4,303.76,0.321,Net Banking,4,1215.04,390.03,825.01
ORD102559,CUST1158,2024-04-16,Female,58,Mumbai,Sports,Football,2,73.72,0.129,Net Banking,2,147.44,19.02,128.42
ORD102560,CUST1897,2024-05-14,Male,38,Pune,Clothing,T-Shirt,2,133.41,0.32,Credit Card,5,266.82,85.38,181.44
ORD102561,CUST1321,2024-04-09,Male,60,Bengaluru,Toys,Puzzle,1,94.56,0.083,Cash on Delivery,3,94.56,7.85,86.71
ORD102562,CUST1001,2024-06-03,Male,60,Kochi,Toys,Board Game,2,56.09,0.343,UPI,3,112.18,38.48,73.7
ORD102563,CUST1433,2024-11-14,Male,27,Kochi,Beauty,Moisturizer,1,231.56,0.099,Debit Card,2,231.56,22.92,208.64
ORD102564,CUST1740,2024-04-24,Male,51,Mumbai,Sports,Cricket Bat,3,130.87,0.13,UPI,3,392.61,51.04,341.57
ORD102565,CUST1756,2024-06-04,Female,48,Hyderabad,Toys,Building Blocks,4,90.5,0.079,UPI,5,362.0,28.6,333.4
ORD102566,CUST1087,2024-11-12,Male,51,Pune,Home & Kitchen,Mixer,2,305.11,0.291,Credit Card,1,610.22,177.57,432.65
ORD102567,CUST1281,2024-02-20,Female,25,Mumbai,Clothing,Jacket,4,265.69,0.345,Cash on Delivery,3,1062.76,366.65,696.11
ORD102568,CUST1617,2024-03-25,Male,39,Pune,Clothing,Kurta,4,274.21,0.139,Cash on Delivery,1,1096.84,152.46,944.38
ORD102569,CUST1659,2024-06-14,Male,24,Chennai,Toys,Board Game,1,28.13,0.148,Cash on Delivery,1,28.13,4.16,23.97
ORD102570,CUST1620,2024-05-17,Male,56,Hyderabad,Electronics,Keyboard,3,321.57,0.134,UPI,1,964.71,129.27,835.44
ORD102571,CUST1337,2024-04-24,Male,55,Coimbatore,Clothing,Jacket,3,207.54,0.096,Debit Card,2,622.62,59.77,562.85
ORD102572,CUST1861,2024-09-17,Female,42,Kochi,Sports,Dumbbells,2,183.77,0.286,Debit Card,4,367.54,105.12,262.42
ORD102573,CUST1077,2024-06-16,Female,23,Chennai,Beauty,Face Wash,4,18.55,0.068,Credit Card,4,74.2,5.05,69.15
ORD102574,CUST1821,2024-05-02,Male,46,Coimbatore,Beauty,Shampoo,2,315.72,0.34,UPI,4,631.44,214.69,416.75
ORD102575,CUST1938,2024-06-09,Male,36,Chennai,Sports,Yoga Mat,1,197.2,0.328,Debit Card,1,197.2,64.68,132.52
ORD102576,CUST1684,2024-10-24,Male,51,Coimbatore,Toys,Board Game,3,291.43,0.086,Credit Card,1,874.29,75.19,799.1
ORD102577,CUST1429,2024-11-25,Female,22,Hyderabad,Toys,Board Game,1,234.6,0.209,UPI,5,234.6,49.03,185.57
ORD102578,CUST1380,2024-03-22,Male,35,Hyderabad,Electronics,Keyboard,2,281.89,0.348,Net Banking,5,563.78,196.2,367.58
ORD102579,CUST1435,2024-01-14,Female,33,Pune,Clothing,Jacket,3,247.13,0.306,Cash on Delivery,4,741.39,226.87,514.52
ORD102580,CUST1166,2024-01-11,Male,58,Coimbatore,Electronics,Keyboard,3,323.52,0.265,Cash on Delivery,5,970.56,257.2,713.36
ORD102581,CUST1221,2024-05-29,Male,30,Mumbai,Clothing,Jacket,2,90.54,0.057,Debit Card,5,181.08,10.32,170.76
ORD102582,CUST1635,2024-07-29,Male,60,Hyderabad,Beauty,Face Wash,2,82.7,0.071,UPI,3,165.4,11.74,153.66
ORD102583,CUST1549,2024-01-18,Male,57,Kochi,Clothing,Jeans,1,253.7,0.288,Net Banking,3,253.7,73.07,180.63
ORD102584,CUST1496,2024-06-19,Female,43,Kochi,Books,Academic Book,2,182.97,0.163,Credit Card,5,365.94,59.65,306.29
ORD102585,CUST1474,2024-05-13,Female,25,Delhi,Clothing,Jacket,3,215.72,0.251,Cash on Delivery,4,647.16,162.44,484.72
ORD102586,CUST1077,2024-11-08,Male,27,Chennai,Sports,Cricket Bat,3,252.36,0.272,Cash on Delivery,5,757.08,205.93,551.15
ORD102587,CUST1866,2024-07-21,Female,18,Kochi,Home & Kitchen,Bedsheet,2,198.39,0.177,UPI,2,396.78,70.23,326.55
ORD102588,CUST1954,2024-05-21,Male,51,Delhi,Books,Comics,1,278.88,0.093,Debit Card,2,278.88,25.94,252.94
ORD102589,CUST1245,2024-07-15,Female,49,Delhi,Sports,Football,3,121.82,0.166,Credit Card,4,365.46,60.67,304.79
ORD102590,CUST1314,2024-02-15,Female,31,Chennai,Home & Kitchen,Cookware Set,3,302.76,0.311,Debit Card,5,908.28,282.48,625.8
ORD102591,CUST1629,2024-06-08,Female,49,Kochi,Beauty,Perfume,1,51.07,0.149,Debit Card,4,51.07,7.61,43.46
ORD102592,CUST1002,2024-04-20,Female,42,Pune,Electronics,Earbuds,3,227.39,0.069,Debit Card,3,682.17,47.07,635.1
ORD102593,CUST1102,2024-03-01,Male,53,Bengaluru,Toys,Puzzle,1,313.19,0.338,UPI,1,313.19,105.86,207.33
ORD102594,CUST1900,2024-05-11,Male,21,Hyderabad,Clothing,Kurta,2,99.65,0.254,Credit Card,1,199.3,50.62,148.68
ORD102595,CUST1172,2024-08-02,Female,26,Hyderabad,Home & Kitchen,Mixer,3,124.49,0.212,Cash on Delivery,2,373.47,79.18,294.29
ORD102596,CUST1576,2024-07-14,Male,52,Coimbatore,Electronics,Earbuds,3,117.32,0.299,Net Banking,2,351.96,105.24,246.72
ORD102597,CUST1881,2024-11-18,Female,33,Mumbai,Clothing,T-Shirt,3,204.03,0.173,Debit Card,4,612.09,105.89,506.2
ORD102598,CUST1732,2024-04-01,Female,59,Coimbatore,Home & Kitchen,Storage Box,4,153.31,0.346,UPI,4,613.24,212.18,401.06
ORD102599,CUST1271,2024-08-22,Male,55,Pune,Electronics,Keyboard,1,51.17,0.307,Cash on Delivery,2,51.17,15.71,35.46
ORD102600,CUST1152,2024-07-03,Male,22,Hyderabad,Electronics,Keyboard,4,313.58,0.134,UPI,5,1254.32,168.08,1086.24
ORD102601,CUST1717,2024-10-19,Female,35,Mumbai,Home & Kitchen,Cookware Set,2,83.57,0.161,Debit Card,2,167.14,26.91,140.23
ORD102602,CUST1404,2024-10-31,Male,49,Coimbatore,Toys,Building Blocks,2,193.92,0.133,Cash on Delivery,3,387.84,51.58,336.26
ORD102603,CUST1966,2024-08-25,Female,23,Mumbai,Sports,Football,4,214.26,0.248,Cash on Delivery,3,857.04,212.55,644.49
ORD102604,CUST1644,2024-05-21,Female,55,Pune,Beauty,Face Wash,2,28.65,0.242,Credit Card,3,57.3,13.87,43.43
ORD102605,CUST1011,2024-06-27,Male,22,Chennai,Clothing,T-Shirt,1,47.06,0.207,Debit Card,1,47.06,9.74,37.32
ORD102606,CUST1250,2024-08-06,Female,22,Mumbai,Clothing,Jeans,3,340.52,0.34,Cash on Delivery,2,1021.56,347.33,674.23
ORD102607,CUST1743,2024-09-26,Male,41,Delhi,Toys,Remote Car,3,237.61,0.192,Credit Card,4,712.83,136.86,575.97
ORD102608,CUST1700,2024-03-17,Female,28,Hyderabad,Books,Fiction Book,3,26.24,0.285,Credit Card,5,78.72,22.44,56.28
ORD102609,CUST1741,2024-10-19,Female,45,Coimbatore,Toys,Building Blocks,1,281.06,0.247,Debit Card,3,281.06,69.42,211.64
ORD102610,CUST1233,2024-09-25,Male,34,Bengaluru,Home & Kitchen,Cookware Set,3,185.36,0.205,Debit Card,1,556.08,114.0,442.08
ORD102611,CUST1249,2024-01-30,Female,29,Coimbatore,Electronics,Smartwatch,1,40.19,0.063,Cash on Delivery,5,40.19,2.53,37.66
ORD102612,CUST1208,2024-03-31,Female,53,Chennai,Beauty,Face Wash,3,243.05,0.247,Debit Card,3,729.15,180.1,549.05
ORD102613,CUST1695,2024-03-19,Female,24,Mumbai,Sports,Cricket Bat,3,182.28,0.243,Debit Card,3,546.84,132.88,413.96
ORD102614,CUST1011,2024-07-13,Female,39,Delhi,Beauty,Moisturizer,4,83.65,0.087,Debit Card,3,334.6,29.11,305.49
ORD102615,CUST1813,2024-03-10,Male,25,Hyderabad,Books,Fiction Book,4,309.03,0.289,UPI,5,1236.12,357.24,878.88
ORD102616,CUST1281,2024-04-10,Female,23,Delhi,Sports,Yoga Mat,1,112.61,0.19,Cash on Delivery,1,112.61,21.4,91.21
ORD102617,CUST1487,2024-03-04,Female,26,Kochi,Books,Academic Book,1,110.33,0.147,Net Banking,2,110.33,16.22,94.11
ORD102618,CUST1246,2024-01-23,Male,29,Mumbai,Electronics,Earbuds,3,106.38,0.297,UPI,5,319.14,94.78,224.36
ORD102619,CUST1424,2024-06-02,Female,35,Delhi,Beauty,Shampoo,4,272.1,0.153,Debit Card,2,1088.4,166.53,921.87
ORD102620,CUST1763,2024-04-17,Male,38,Kochi,Electronics,Keyboard,1,251.55,0.237,Net Banking,5,251.55,59.62,191.93
ORD102621,CUST1198,2024-06-18,Female,23,Kochi,Electronics,Keyboard,2,317.55,0.235,Cash on Delivery,2,635.1,149.25,485.85
ORD102622,CUST1569,2024-03-12,Male,19,Chennai,Electronics,Keyboard,2,91.83,0.066,Cash on Delivery,3,183.66,12.12,171.54
ORD102623,CUST1057,2024-04-05,Male,22,Pune,Books,Comics,2,278.43,0.177,Credit Card,1,556.86,98.56,458.3
ORD102624,CUST1177,2024-10-26,Female,45,Coimbatore,Electronics,Earbuds,3,206.97,0.117,Cash on Delivery,4,620.91,72.65,548.26
ORD102625,CUST1683,2024-09-26,Male,59,Kochi,Sports,Cricket Bat,2,118.41,0.11,Credit Card,2,236.82,26.05,210.77
ORD102626,CUST1567,2024-03-30,Male,19,Coimbatore,Home & Kitchen,Storage Box,2,26.88,0.246,Credit Card,5,53.76,13.22,40.54
ORD102627,CUST1610,2024-02-24,Female,19,Chennai,Sports,Football,4,289.35,0.053,Cash on Delivery,1,1157.4,61.34,1096.06
ORD102628,CUST1225,2024-11-22,Male,51,Coimbatore,Home & Kitchen,Bedsheet,2,95.76,0.341,UPI,1,191.52,65.31,126.21
ORD102629,CUST1205,2024-08-16,Female,49,Coimbatore,Books,Comics,1,226.63,0.169,UPI,3,226.63,38.3,188.33
ORD102630,CUST1425,2024-06-13,Male,49,Delhi,Books,Academic Book,4,198.87,0.14,UPI,1,795.48,111.37,684.11
ORD102631,CUST1128,2024-08-22,Male,25,Chennai,Clothing,Jeans,2,16.49,0.326,Cash on Delivery,2,32.98,10.75,22.23
ORD102632,CUST1887,2024-03-15,Male,55,Bengaluru,Sports,Yoga Mat,4,348.11,0.196,Debit Card,4,1392.44,272.92,1119.52
ORD102633,CUST1267,2024-05-23,Female,44,Hyderabad,Electronics,Earbuds,4,287.8,0.234,Cash on Delivery,3,1151.2,269.38,881.82
ORD102634,CUST1718,2024-05-11,Female,24,Coimbatore,Toys,Puzzle,3,177.97,0.259,Net Banking,3,533.91,138.28,395.63
ORD102635,CUST1156,2024-08-29,Male,22,Bengaluru,Sports,Football,1,242.91,0.311,Cash on Delivery,1,242.91,75.55,167.36
ORD102636,CUST1650,2024-03-02,Male,43,Pune,Home & Kitchen,Cookware Set,4,174.66,0.089,Net Banking,4,698.64,62.18,636.46
ORD102637,CUST1203,2024-06-12,Male,51,Bengaluru,Sports,Dumbbells,3,264.44,0.074,Net Banking,1,793.32,58.71,734.61
ORD102638,CUST1281,2024-10-06,Male,51,Coimbatore,Books,Comics,2,60.0,0.348,Cash on Delivery,3,120.0,41.76,78.24
ORD102639,CUST1411,2024-03-06,Female,43,Chennai,Beauty,Moisturizer,4,164.53,0.053,Debit Card,4,658.12,34.88,623.24
ORD102640,CUST1124,2024-02-10,Female,40,Bengaluru,Books,Comics,4,127.4,0.262,Cash on Delivery,4,509.6,133.52,376.08
ORD102641,CUST1124,2024-10-02,Female,47,Chennai,Beauty,Face Wash,4,168.98,0.233,Net Banking,2,675.92,157.49,518.43
ORD102642,CUST1752,2024-10-19,Female,23,Delhi,Beauty,Perfume,1,165.91,0.216,Debit Card,1,165.91,35.84,130.07
ORD102643,CUST1345,2024-05-24,Female,33,Coimbatore,Sports,Dumbbells,3,62.94,0.286,UPI,5,188.82,54.0,134.82
ORD102644,CUST1567,2024-01-16,Female,22,Mumbai,Electronics,Earbuds,2,342.12,0.348,UPI,2,684.24,238.12,446.12
ORD102645,CUST1645,2024-06-30,Female,54,Delhi,Books,Academic Book,1,20.19,0.064,Net Banking,3,20.19,1.29,18.9
ORD102646,CUST1622,2024-04-10,Female,44,Pune,Electronics,Smartwatch,2,18.37,0.234,Cash on Delivery,2,36.74,8.6,28.14
ORD102647,CUST1626,2024-07-15,Male,51,Mumbai,Beauty,Perfume,1,140.1,0.265,Debit Card,1,140.1,37.13,102.97
ORD102648,CUST1974,2024-02-16,Male,39,Coimbatore,Beauty,Face Wash,1,222.83,0.142,Debit Card,3,222.83,31.64,191.19
ORD102649,CUST1630,2024-09-26,Male,57,Hyderabad,Toys,Building Blocks,3,75.18,0.318,Credit Card,3,225.54,71.72,153.82
ORD102650,CUST1347,2024-08-17,Male,57,Bengaluru,Beauty,Moisturizer,3,193.62,0.187,UPI,4,580.86,108.62,472.24
ORD102651,CUST1284,2024-08-04,Male,44,Bengaluru,Electronics,Earbuds,2,257.13,0.099,Net Banking,4,514.26,50.91,463.35
ORD102652,CUST1799,2024-06-20,Male,53,Bengaluru,Home & Kitchen,Storage Box,1,46.51,0.306,UPI,5,46.51,14.23,32.28
ORD102653,CUST1421,2024-03-14,Male,46,Chennai,Beauty,Shampoo,4,344.78,0.333,Net Banking,5,1379.12,459.25,919.87
ORD102654,CUST1558,2024-11-10,Female,49,Chennai,Beauty,Shampoo,3,127.79,0.08,UPI,3,383.37,30.67,352.7
ORD102655,CUST1814,2024-03-30,Female,28,Chennai,Sports,Football,3,230.21,0.276,Net Banking,2,690.63,190.61,500.02
ORD102656,CUST1235,2024-05-02,Female,60,Bengaluru,Electronics,Earbuds,1,52.09,0.115,Cash on Delivery,4,52.09,5.99,46.1
ORD102657,CUST1222,2024-11-06,Male,25,Pune,Home & Kitchen,Cookware Set,1,252.68,0.052,Credit Card,3,252.68,13.14,239.54
ORD102658,CUST1052,2024-01-14,Male,47,Bengaluru,Sports,Dumbbells,1,296.55,0.128,UPI,2,296.55,37.96,258.59
ORD102659,CUST1072,2024-02-11,Male,44,Delhi,Clothing,Jeans,1,50.27,0.306,Net Banking,1,50.27,15.38,34.89
ORD102660,CUST1615,2024-09-12,Female,21,Chennai,Books,Fiction Book,4,57.16,0.092,UPI,3,228.64,21.03,207.61
ORD102661,CUST1503,2024-05-03,Female,51,Coimbatore,Beauty,Moisturizer,2,109.15,0.089,UPI,3,218.3,19.43,198.87
ORD102662,CUST1297,2024-07-13,Female,21,Hyderabad,Home & Kitchen,Cookware Set,3,19.0,0.272,Credit Card,5,57.0,15.5,41.5
ORD102663,CUST1211,2024-07-13,Female,39,Mumbai,Home & Kitchen,Storage Box,4,345.33,0.172,Debit Card,5,1381.32,237.59,1143.73
ORD102664,CUST1694,2024-10-04,Female,53,Pune,Books,Comics,4,215.46,0.095,Net Banking,2,861.84,81.87,779.97
ORD102665,CUST1085,2024-07-26,Male,23,Kochi,Sports,Yoga Mat,2,218.54,0.119,Net Banking,1,437.08,52.01,385.07
ORD102666,CUST1700,2024-05-22,Male,33,Coimbatore,Beauty,Shampoo,2,336.25,0.288,Net Banking,4,672.5,193.68,478.82
ORD102667,CUST1903,2024-07-03,Male,39,Mumbai,Electronics,Smartwatch,2,293.73,0.237,Net Banking,3,587.46,139.23,448.23
ORD102668,CUST1455,2024-09-04,Male,57,Hyderabad,Clothing,Jeans,1,287.77,0.278,Net Banking,1,287.77,80.0,207.77
ORD102669,CUST1494,2024-05-07,Male,34,Hyderabad,Sports,Football,4,128.73,0.079,Cash on Delivery,4,514.92,40.68,474.24
ORD102670,CUST1535,2024-02-27,Female,23,Chennai,Sports,Football,3,127.18,0.187,Net Banking,2,381.54,71.35,310.19
ORD102671,CUST1095,2024-06-11,Male,23,Hyderabad,Toys,Puzzle,2,112.73,0.289,Debit Card,1,225.46,65.16,160.3
ORD102672,CUST1625,2024-11-30,Female,26,Coimbatore,Sports,Cricket Bat,3,131.14,0.13,Credit Card,4,393.42,51.14,342.28
ORD102673,CUST1364,2024-02-07,Female,55,Hyderabad,Home & Kitchen,Bedsheet,3,138.79,0.101,Credit Card,4,416.37,42.05,374.32
ORD102674,CUST1468,2024-02-28,Female,51,Mumbai,Sports,Cricket Bat,1,61.9,0.165,Credit Card,4,61.9,10.21,51.69
ORD102675,CUST1022,2024-11-29,Male,35,Chennai,Toys,Board Game,3,134.24,0.15,UPI,2,402.72,60.41,342.31
ORD102676,CUST1876,2024-10-04,Female,54,Hyderabad,Sports,Yoga Mat,4,164.66,0.106,Cash on Delivery,3,658.64,69.82,588.82
ORD102677,CUST1333,2024-02-09,Male,57,Chennai,Sports,Dumbbells,3,118.63,0.336,Debit Card,3,355.89,119.58,236.31
ORD102678,CUST1075,2024-03-12,Male,55,Mumbai,Beauty,Moisturizer,3,70.39,0.195,Cash on Delivery,5,211.17,41.18,169.99
ORD102679,CUST1781,2024-08-19,Female,18,Hyderabad,Beauty,Shampoo,1,140.09,0.232,UPI,1,140.09,32.5,107.59
ORD102680,CUST1978,2024-09-19,Female,22,Kochi,Home & Kitchen,Mixer,3,176.1,0.086,Debit Card,5,528.3,45.43,482.87
ORD102681,CUST1519,2024-09-02,Male,49,Delhi,Beauty,Moisturizer,4,256.44,0.233,Net Banking,2,1025.76,239.0,786.76
ORD102682,CUST1033,2024-10-15,Male,34,Hyderabad,Beauty,Face Wash,2,253.26,0.217,UPI,4,506.52,109.91,396.61
ORD102683,CUST1990,2024-06-18,Male,24,Delhi,Books,Academic Book,3,82.9,0.33,UPI,3,248.7,82.07,166.63
ORD102684,CUST1207,2024-10-20,Male,45,Kochi,Toys,Remote Car,3,27.28,0.174,Net Banking,2,81.84,14.24,67.6
ORD102685,CUST1240,2024-07-18,Male,33,Bengaluru,Books,Self-Help Book,1,116.77,0.285,Net Banking,2,116.77,33.28,83.49
ORD102686,CUST1707,2024-06-08,Male,57,Hyderabad,Beauty,Perfume,2,67.64,0.141,UPI,2,135.28,19.07,116.21
ORD102687,CUST1331,2024-08-01,Male,42,Delhi,Books,Academic Book,4,147.59,0.224,Cash on Delivery,4,590.36,132.24,458.12
ORD102688,CUST1084,2024-05-23,Male,28,Chennai,Toys,Building Blocks,4,343.08,0.328,Cash on Delivery,4,1372.32,450.12,922.2
ORD102689,CUST1682,2024-07-22,Male,58,Delhi,Books,Comics,2,75.66,0.238,Debit Card,4,151.32,36.01,115.31
ORD102690,CUST1261,2024-10-06,Male,43,Bengaluru,Sports,Cricket Bat,2,121.82,0.263,Net Banking,4,243.64,64.08,179.56
ORD102691,CUST1860,2024-11-16,Female,30,Coimbatore,Electronics,Keyboard,4,257.91,0.313,Credit Card,1,1031.64,322.9,708.74
ORD102692,CUST1153,2024-07-13,Female,24,Coimbatore,Home & Kitchen,Storage Box,1,185.58,0.328,Cash on Delivery,2,185.58,60.87,124.71
ORD102693,CUST1905,2024-01-02,Male,41,Chennai,Electronics,Keyboard,2,29.72,0.112,UPI,2,59.44,6.66,52.78
ORD102694,CUST1722,2024-07-27,Female,50,Delhi,Electronics,Power Bank,1,69.17,0.109,Debit Card,2,69.17,7.54,61.63
ORD102695,CUST1239,2024-03-25,Female,53,Bengaluru,Electronics,Keyboard,1,328.31,0.215,Cash on Delivery,2,328.31,70.59,257.72
ORD102696,CUST1578,2024-03-20,Male,23,Delhi,Books,Academic Book,3,49.56,0.349,Debit Card,1,148.68,51.89,96.79
ORD102697,CUST1937,2024-10-22,Male,36,Delhi,Beauty,Perfume,2,227.76,0.197,Net Banking,5,455.52,89.74,365.78
ORD102698,CUST1064,2024-05-29,Male,60,Kochi,Clothing,Jacket,4,280.43,0.149,Debit Card,1,1121.72,167.14,954.58
ORD102699,CUST1819,2024-09-21,Female,46,Bengaluru,Home & Kitchen,Bedsheet,4,103.92,0.211,Net Banking,3,415.68,87.71,327.97
ORD102700,CUST1459,2024-05-03,Male,21,Delhi,Electronics,Smartwatch,4,257.9,0.069,Net Banking,3,1031.6,71.18,960.42
ORD102701,CUST1948,2024-07-22,Male,57,Kochi,Toys,Building Blocks,3,71.91,0.103,Debit Card,4,215.73,22.22,193.51
ORD102702,CUST1208,2024-08-10,Male,47,Chennai,Sports,Cricket Bat,3,110.39,0.095,UPI,5,331.17,31.46,299.71
ORD102703,CUST1718,2024-10-26,Female,37,Hyderabad,Home & Kitchen,Mixer,3,119.46,0.058,UPI,4,358.38,20.79,337.59
ORD102704,CUST1966,2024-03-06,Male,51,Pune,Beauty,Shampoo,4,348.81,0.267,UPI,4,1395.24,372.53,1022.71
ORD102705,CUST1343,2024-07-07,Female,45,Chennai,Toys,Building Blocks,1,86.88,0.148,Debit Card,2,86.88,12.86,74.02
ORD102706,CUST1107,2024-05-15,Female,29,Bengaluru,Sports,Cricket Bat,3,58.28,0.101,Net Banking,5,174.84,17.66,157.18
ORD102707,CUST1391,2024-06-04,Male,52,Kochi,Electronics,Power Bank,1,325.11,0.204,UPI,1,325.11,66.32,258.79
ORD102708,CUST1597,2024-10-11,Female,28,Delhi,Books,Academic Book,2,69.25,0.147,Cash on Delivery,4,138.5,20.36,118.14
ORD102709,CUST1629,2024-02-15,Male,27,Chennai,Books,Comics,2,309.56,0.168,Cash on Delivery,1,619.12,104.01,515.11
ORD102710,CUST1481,2024-07-02,Female,43,Coimbatore,Toys,Building Blocks,3,232.9,0.145,Debit Card,2,698.7,101.31,597.39
ORD102711,CUST1931,2024-05-09,Female,18,Delhi,Electronics,Earbuds,4,208.25,0.051,Net Banking,5,833.0,42.48,790.52
ORD102712,CUST1577,2024-10-27,Female,45,Mumbai,Books,Self-Help Book,1,266.7,0.256,Cash on Delivery,4,266.7,68.28,198.42
ORD102713,CUST1640,2024-03-13,Female,41,Kochi,Books,Comics,3,258.21,0.083,UPI,4,774.63,64.29,710.34
ORD102714,CUST1955,2024-03-18,Female,48,Hyderabad,Clothing,Jacket,1,52.03,0.116,UPI,5,52.03,6.04,45.99
ORD102715,CUST1938,2024-01-31,Female,24,Mumbai,Electronics,Power Bank,1,349.82,0.107,Cash on Delivery,2,349.82,37.43,312.39
ORD102716,CUST1340,2024-05-27,Male,42,Delhi,Books,Self-Help Book,2,330.53,0.149,Cash on Delivery,4,661.06,98.5,562.56
ORD102717,CUST1285,2024-01-04,Male,36,Bengaluru,Sports,Yoga Mat,3,315.36,0.098,Credit Card,2,946.08,92.72,853.36
ORD102718,CUST1748,2024-06-16,Male,25,Bengaluru,Electronics,Keyboard,1,223.47,0.154,Net Banking,3,223.47,34.41,189.06
ORD102719,CUST1524,2024-03-15,Male,37,Bengaluru,Clothing,Kurta,2,190.14,0.123,Net Banking,3,380.28,46.77,333.51
ORD102720,CUST1447,2024-05-14,Male,57,Hyderabad,Sports,Yoga Mat,4,194.65,0.068,UPI,4,778.6,52.94,725.66
ORD102721,CUST1697,2024-07-21,Male,53,Chennai,Sports,Football,2,20.0,0.311,Net Banking,1,40.0,12.44,27.56
ORD102722,CUST1660,2024-08-17,Male,25,Delhi,Beauty,Perfume,4,182.32,0.142,UPI,1,729.28,103.56,625.72
ORD102723,CUST1912,2024-01-21,Female,54,Kochi,Home & Kitchen,Storage Box,4,223.96,0.079,Cash on Delivery,1,895.84,70.77,825.07
ORD102724,CUST1365,2024-02-19,Female,42,Hyderabad,Home & Kitchen,Bedsheet,2,235.67,0.206,Credit Card,2,471.34,97.1,374.24
ORD102725,CUST1753,2024-04-16,Female,20,Chennai,Books,Academic Book,3,126.27,0.087,Debit Card,3,378.81,32.96,345.85
ORD102726,CUST1226,2024-06-22,Male,57,Chennai,Beauty,Perfume,3,172.88,0.282,Cash on Delivery,1,518.64,146.26,372.38
ORD102727,CUST1936,2024-10-22,Female,40,Bengaluru,Beauty,Moisturizer,2,228.16,0.068,UPI,5,456.32,31.03,425.29
ORD102728,CUST1083,2024-02-16,Male,57,Delhi,Clothing,Jacket,2,158.48,0.189,UPI,3,316.96,59.91,257.05
ORD102729,CUST1749,2024-01-23,Male,22,Mumbai,Home & Kitchen,Storage Box,2,337.32,0.333,Net Banking,2,674.64,224.66,449.98
ORD102730,CUST1101,2024-07-29,Male,25,Mumbai,Electronics,Keyboard,1,251.32,0.098,Debit Card,5,251.32,24.63,226.69
ORD102731,CUST1879,2024-11-23,Female,56,Coimbatore,Clothing,Jeans,1,15.43,0.11,Credit Card,1,15.43,1.7,13.73
ORD102732,CUST1958,2024-10-05,Male,28,Mumbai,Home & Kitchen,Mixer,2,22.8,0.23,Credit Card,1,45.6,10.49,35.11
ORD102733,CUST1817,2024-07-08,Male,41,Delhi,Sports,Dumbbells,4,246.25,0.344,Credit Card,2,985.0,338.84,646.16
ORD102734,CUST1787,2024-01-07,Female,43,Kochi,Home & Kitchen,Storage Box,1,153.24,0.166,UPI,1,153.24,25.44,127.8
ORD102735,CUST1477,2024-07-12,Female,58,Bengaluru,Books,Self-Help Book,1,296.22,0.245,Debit Card,4,296.22,72.57,223.65
ORD102736,CUST1244,2024-06-02,Male,32,Chennai,Sports,Yoga Mat,2,72.96,0.096,Credit Card,4,145.92,14.01,131.91
ORD102737,CUST1984,2024-05-29,Female,50,Bengaluru,Books,Academic Book,3,19.63,0.242,UPI,2,58.89,14.25,44.64
ORD102738,CUST1528,2024-06-14,Female,49,Bengaluru,Sports,Football,1,145.01,0.126,Credit Card,5,145.01,18.27,126.74
ORD102739,CUST1815,2024-07-07,Female,48,Coimbatore,Toys,Remote Car,1,261.58,0.234,Debit Card,1,261.58,61.21,200.37
ORD102740,CUST1713,2024-08-29,Male,40,Kochi,Toys,Building Blocks,1,340.53,0.077,Net Banking,3,340.53,26.22,314.31
ORD102741,CUST1700,2024-03-05,Male,21,Delhi,Clothing,T-Shirt,2,311.02,0.207,Cash on Delivery,4,622.04,128.76,493.28
ORD102742,CUST1352,2024-01-26,Male,29,Bengaluru,Beauty,Face Wash,1,177.16,0.121,Net Banking,2,177.16,21.44,155.72
ORD102743,CUST1426,2024-01-18,Female,42,Coimbatore,Books,Comics,4,287.29,0.255,Debit Card,5,1149.16,293.04,856.12
ORD102744,CUST1439,2024-05-16,Male,35,Kochi,Beauty,Perfume,4,38.56,0.274,Debit Card,3,154.24,42.26,111.98
ORD102745,CUST1601,2024-06-19,Male,25,Mumbai,Home & Kitchen,Cookware Set,2,206.71,0.304,UPI,5,413.42,125.68,287.74
ORD102746,CUST1717,2024-09-20,Female,47,Pune,Beauty,Face Wash,1,324.64,0.348,Net Banking,4,324.64,112.97,211.67
ORD102747,CUST1198,2024-05-25,Female,37,Delhi,Books,Comics,1,147.79,0.188,Debit Card,2,147.79,27.78,120.01
ORD102748,CUST1227,2024-06-27,Male,51,Delhi,Books,Academic Book,2,336.63,0.251,Credit Card,5,673.26,168.99,504.27
ORD102749,CUST1048,2024-11-23,Female,41,Hyderabad,Sports,Yoga Mat,2,88.93,0.056,Credit Card,1,177.86,9.96,167.9
ORD102750,CUST1525,2024-09-08,Female,33,Hyderabad,Clothing,Jacket,3,50.39,0.322,Net Banking,1,151.17,48.68,102.49
ORD102751,CUST1668,2024-08-19,Female,22,Hyderabad,Books,Fiction Book,2,190.8,0.235,UPI,4,381.6,89.68,291.92
ORD102752,CUST1209,2024-05-01,Male,22,Hyderabad,Beauty,Face Wash,2,318.93,0.176,Cash on Delivery,5,637.86,112.26,525.6
ORD102753,CUST1711,2024-02-20,Female,39,Coimbatore,Beauty,Moisturizer,2,119.28,0.18,Debit Card,2,238.56,42.94,195.62
ORD102754,CUST1003,2024-11-04,Female,33,Coimbatore,Clothing,Kurta,3,283.05,0.277,Debit Card,4,849.15,235.21,613.94
ORD102755,CUST1865,2024-07-04,Male,48,Chennai,Electronics,Power Bank,3,71.68,0.3,Credit Card,4,215.04,64.51,150.53
ORD102756,CUST1689,2024-01-26,Female,45,Chennai,Beauty,Face Wash,1,264.77,0.292,Debit Card,4,264.77,77.31,187.46
ORD102757,CUST1682,2024-06-10,Male,30,Mumbai,Electronics,Keyboard,2,201.6,0.203,Net Banking,5,403.2,81.85,321.35
ORD102758,CUST1706,2024-01-31,Female,50,Coimbatore,Toys,Board Game,3,73.63,0.161,UPI,1,220.89,35.56,185.33
ORD102759,CUST1358,2024-11-24,Male,42,Delhi,Toys,Board Game,3,255.56,0.334,Cash on Delivery,1,766.68,256.07,510.61
ORD102760,CUST1994,2024-06-26,Male,55,Coimbatore,Sports,Dumbbells,3,254.11,0.24,UPI,5,762.33,182.96,579.37
ORD102761,CUST1745,2024-09-19,Male,58,Pune,Toys,Building Blocks,3,187.67,0.213,Debit Card,3,563.01,119.92,443.09
ORD102762,CUST1180,2024-06-06,Male,59,Pune,Electronics,Earbuds,3,90.53,0.229,Credit Card,3,271.59,62.19,209.4
ORD102763,CUST1921,2024-01-07,Female,23,Delhi,Clothing,T-Shirt,2,59.32,0.239,Cash on Delivery,3,118.64,28.35,90.29
ORD102764,CUST1738,2024-08-01,Female,40,Chennai,Home & Kitchen,Cookware Set,3,335.68,0.264,Cash on Delivery,2,1007.04,265.86,741.18
ORD102765,CUST1310,2024-08-06,Male,19,Bengaluru,Clothing,T-Shirt,2,234.7,0.216,Debit Card,2,469.4,101.39,368.01
ORD102766,CUST1947,2024-03-17,Female,55,Pune,Electronics,Smartwatch,2,286.1,0.313,Cash on Delivery,2,572.2,179.1,393.1
ORD102767,CUST1248,2024-08-28,Male,48,Hyderabad,Sports,Football,1,248.49,0.308,Net Banking,1,248.49,76.53,171.96
ORD102768,CUST1643,2024-03-16,Male,29,Pune,Toys,Puzzle,2,292.87,0.183,Net Banking,2,585.74,107.19,478.55
ORD102769,CUST1669,2024-08-19,Female,44,Hyderabad,Beauty,Moisturizer,1,69.43,0.101,UPI,5,69.43,7.01,62.42
ORD102770,CUST1962,2024-09-07,Male,42,Chennai,Electronics,Earbuds,1,181.48,0.223,Credit Card,1,181.48,40.47,141.01
ORD102771,CUST1569,2024-02-16,Female,41,Pune,Books,Fiction Book,2,238.49,0.236,Cash on Delivery,4,476.98,112.57,364.41
ORD102772,CUST1993,2024-04-07,Male,41,Kochi,Beauty,Perfume,3,49.64,0.207,Cash on Delivery,1,148.92,30.83,118.09
ORD102773,CUST1284,2024-02-24,Male,60,Mumbai,Electronics,Keyboard,4,65.24,0.317,Debit Card,4,260.96,82.72,178.24
ORD102774,CUST1800,2024-08-31,Male,51,Bengaluru,Clothing,T-Shirt,1,227.38,0.078,Cash on Delivery,2,227.38,17.74,209.64
ORD102775,CUST1245,2024-03-19,Female,35,Mumbai,Beauty,Perfume,4,306.02,0.136,Cash on Delivery,4,1224.08,166.47,1057.61
ORD102776,CUST1998,2024-08-02,Male,51,Kochi,Home & Kitchen,Bedsheet,2,236.24,0.31,Credit Card,3,472.48,146.47,326.01
ORD102777,CUST1762,2024-05-19,Female,24,Hyderabad,Toys,Board Game,3,27.13,0.332,Debit Card,4,81.39,27.02,54.37
ORD102778,CUST1625,2024-01-28,Male,30,Chennai,Sports,Cricket Bat,3,340.1,0.178,UPI,4,1020.3,181.61,838.69
ORD102779,CUST1066,2024-10-22,Female,23,Coimbatore,Books,Academic Book,4,61.73,0.108,UPI,3,246.92,26.67,220.25
ORD102780,CUST1496,2024-08-26,Male,56,Bengaluru,Clothing,Kurta,1,92.91,0.176,Cash on Delivery,4,92.91,16.35,76.56
ORD102781,CUST1143,2024-03-28,Male,19,Chennai,Clothing,Kurta,4,341.61,0.187,Credit Card,5,1366.44,255.52,1110.92
ORD102782,CUST1916,2024-10-21,Female,56,Pune,Clothing,T-Shirt,1,273.3,0.206,Cash on Delivery,3,273.3,56.3,217.0
ORD102783,CUST1378,2024-08-25,Female,53,Hyderabad,Toys,Board Game,4,328.75,0.132,UPI,1,1315.0,173.58,1141.42
ORD102784,CUST1830,2024-09-30,Female,58,Bengaluru,Home & Kitchen,Storage Box,3,285.22,0.144,UPI,1,855.66,123.22,732.44
ORD102785,CUST1905,2024-02-29,Male,50,Chennai,Books,Self-Help Book,2,233.33,0.247,UPI,3,466.66,115.27,351.39
ORD102786,CUST1110,2024-01-03,Female,37,Bengaluru,Toys,Remote Car,2,110.33,0.237,Credit Card,3,220.66,52.3,168.36
ORD102787,CUST1758,2024-01-21,Male,52,Bengaluru,Toys,Board Game,1,124.51,0.249,Net Banking,4,124.51,31.0,93.51
ORD102788,CUST1302,2024-06-29,Female,60,Chennai,Sports,Cricket Bat,4,332.34,0.163,UPI,4,1329.36,216.69,1112.67
ORD102789,CUST1108,2024-09-20,Male,56,Hyderabad,Electronics,Keyboard,3,303.31,0.151,Net Banking,1,909.93,137.4,772.53
ORD102790,CUST1260,2024-11-01,Female,51,Coimbatore,Home & Kitchen,Bedsheet,4,135.43,0.155,Net Banking,4,541.72,83.97,457.75
ORD102791,CUST1549,2024-11-17,Male,50,Mumbai,Beauty,Shampoo,3,140.04,0.335,Cash on Delivery,5,420.12,140.74,279.38
ORD102792,CUST1854,2024-07-19,Male,46,Chennai,Clothing,Jeans,4,114.73,0.169,Net Banking,2,458.92,77.56,381.36
ORD102793,CUST1690,2024-07-30,Male,56,Kochi,Beauty,Face Wash,4,124.25,0.232,UPI,5,497.0,115.3,381.7
ORD102794,CUST1233,2024-04-07,Female,36,Pune,Electronics,Keyboard,2,303.32,0.207,Credit Card,5,606.64,125.57,481.07
ORD102795,CUST1295,2024-01-01,Female,39,Kochi,Beauty,Shampoo,3,18.52,0.313,Net Banking,3,55.56,17.39,38.17
ORD102796,CUST1303,2024-03-06,Male,54,Delhi,Toys,Remote Car,2,161.08,0.161,Debit Card,4,322.16,51.87,270.29
ORD102797,CUST1735,2024-01-19,Female,29,Mumbai,Toys,Board Game,4,330.85,0.18,Debit Card,5,1323.4,238.21,1085.19
ORD102798,CUST1518,2024-08-17,Male,50,Delhi,Home & Kitchen,Mixer,3,196.78,0.303,Net Banking,5,590.34,178.87,411.47
ORD102799,CUST1023,2024-06-17,Female,22,Chennai,Toys,Remote Car,2,165.9,0.098,Credit Card,2,331.8,32.52,299.28
ORD102800,CUST1076,2024-09-15,Female,43,Mumbai,Beauty,Face Wash,3,119.64,0.228,Credit Card,4,358.92,81.83,277.09
ORD102801,CUST1075,2024-02-19,Female,19,Mumbai,Electronics,Keyboard,2,39.76,0.17,Net Banking,3,79.52,13.52,66.0
ORD102802,CUST1960,2024-11-01,Male,60,Hyderabad,Sports,Cricket Bat,3,90.2,0.346,Credit Card,3,270.6,93.63,176.97
ORD102803,CUST1504,2024-08-29,Female,54,Coimbatore,Clothing,Jacket,2,45.3,0.266,Cash on Delivery,4,90.6,24.1,66.5
ORD102804,CUST1490,2024-10-30,Female,28,Kochi,Toys,Building Blocks,2,57.44,0.053,Credit Card,5,114.88,6.09,108.79
ORD102805,CUST1760,2024-08-05,Female,24,Mumbai,Clothing,Kurta,4,69.78,0.302,UPI,1,279.12,84.29,194.83
ORD102806,CUST1190,2024-04-23,Female,45,Coimbatore,Books,Self-Help Book,1,116.18,0.261,Credit Card,5,116.18,30.32,85.86
ORD102807,CUST1031,2024-07-28,Female,56,Bengaluru,Home & Kitchen,Storage Box,4,18.69,0.218,UPI,2,74.76,16.3,58.46
ORD102808,CUST1270,2024-07-21,Male,31,Kochi,Beauty,Face Wash,1,333.3,0.121,Net Banking,5,333.3,40.33,292.97
ORD102809,CUST1208,2024-03-01,Female,59,Pune,Books,Fiction Book,1,56.48,0.095,UPI,1,56.48,5.37,51.11
ORD102810,CUST1797,2024-02-04,Male,37,Pune,Books,Comics,1,143.35,0.239,Net Banking,5,143.35,34.26,109.09
ORD102811,CUST1817,2024-08-05,Male,36,Delhi,Clothing,Jeans,1,309.64,0.182,Net Banking,3,309.64,56.35,253.29
ORD102812,CUST1633,2024-02-01,Female,32,Coimbatore,Electronics,Keyboard,1,50.7,0.308,Cash on Delivery,5,50.7,15.62,35.08
ORD102813,CUST1909,2024-02-03,Female,29,Delhi,Toys,Board Game,4,177.01,0.129,Cash on Delivery,3,708.04,91.34,616.7
ORD102814,CUST1464,2024-01-24,Female,32,Kochi,Clothing,Jacket,4,298.0,0.241,UPI,4,1192.0,287.27,904.73
ORD102815,CUST1240,2024-07-27,Male,25,Pune,Clothing,T-Shirt,3,201.58,0.125,Debit Card,3,604.74,75.59,529.15
ORD102816,CUST1331,2024-11-06,Female,34,Mumbai,Sports,Yoga Mat,1,85.47,0.241,Net Banking,2,85.47,20.6,64.87
ORD102817,CUST1141,2024-06-15,Female,30,Bengaluru,Books,Self-Help Book,4,261.4,0.065,Net Banking,2,1045.6,67.96,977.64
ORD102818,CUST1899,2024-02-21,Male,20,Kochi,Toys,Puzzle,3,243.25,0.168,Credit Card,3,729.75,122.6,607.15
ORD102819,CUST1603,2024-06-20,Female,33,Chennai,Home & Kitchen,Cookware Set,3,136.33,0.102,Debit Card,3,408.99,41.72,367.27
ORD102820,CUST1771,2024-06-10,Female,19,Chennai,Electronics,Keyboard,4,30.51,0.232,Credit Card,4,122.04,28.31,93.73
ORD102821,CUST1281,2024-07-17,Male,25,Chennai,Books,Self-Help Book,2,17.63,0.145,Cash on Delivery,5,35.26,5.11,30.15
ORD102822,CUST1717,2024-05-25,Male,49,Chennai,Toys,Puzzle,2,291.51,0.281,Credit Card,4,583.02,163.83,419.19
ORD102823,CUST1330,2024-06-27,Male,19,Bengaluru,Clothing,Jeans,4,122.72,0.084,Cash on Delivery,1,490.88,41.23,449.65
ORD102824,CUST1445,2024-04-18,Male,31,Mumbai,Electronics,Smartwatch,3,61.15,0.217,Net Banking,3,183.45,39.81,143.64
ORD102825,CUST1651,2024-10-30,Male,47,Hyderabad,Electronics,Earbuds,3,188.71,0.228,Net Banking,1,566.13,129.08,437.05
ORD102826,CUST1980,2024-06-29,Female,18,Mumbai,Beauty,Moisturizer,3,323.48,0.057,Debit Card,3,970.44,55.32,915.12
ORD102827,CUST1557,2024-04-14,Male,49,Mumbai,Sports,Dumbbells,4,17.84,0.061,Cash on Delivery,3,71.36,4.35,67.01
ORD102828,CUST1709,2024-01-01,Male,21,Mumbai,Books,Academic Book,2,33.81,0.142,Debit Card,5,67.62,9.6,58.02
ORD102829,CUST1594,2024-08-15,Male,20,Chennai,Beauty,Shampoo,1,154.71,0.233,Credit Card,2,154.71,36.05,118.66
ORD102830,CUST1423,2024-05-07,Male,26,Delhi,Beauty,Perfume,2,241.45,0.339,Debit Card,3,482.9,163.7,319.2
ORD102831,CUST1931,2024-03-24,Female,54,Hyderabad,Books,Academic Book,3,174.49,0.077,Debit Card,3,523.47,40.31,483.16
ORD102832,CUST1959,2024-06-09,Male,20,Delhi,Sports,Cricket Bat,4,315.68,0.261,Credit Card,1,1262.72,329.57,933.15
ORD102833,CUST1310,2024-06-11,Female,22,Chennai,Sports,Yoga Mat,2,29.77,0.258,Debit Card,1,59.54,15.36,44.18
ORD102834,CUST1894,2024-09-26,Female,58,Coimbatore,Beauty,Moisturizer,3,128.95,0.251,UPI,4,386.85,97.1,289.75
ORD102835,CUST1450,2024-06-30,Male,44,Pune,Toys,Puzzle,4,132.7,0.205,Cash on Delivery,2,530.8,108.81,421.99
ORD102836,CUST1739,2024-08-22,Female,42,Hyderabad,Toys,Building Blocks,4,128.94,0.34,Net Banking,2,515.76,175.36,340.4
ORD102837,CUST1516,2024-08-04,Male,19,Hyderabad,Toys,Building Blocks,4,178.37,0.201,UPI,5,713.48,143.41,570.07
ORD102838,CUST1766,2024-10-11,Female,34,Hyderabad,Books,Self-Help Book,4,279.84,0.301,Net Banking,2,1119.36,336.93,782.43
ORD102839,CUST1870,2024-01-03,Male,42,Kochi,Home & Kitchen,Bedsheet,3,121.49,0.129,Cash on Delivery,5,364.47,47.02,317.45
ORD102840,CUST1423,2024-05-06,Male,40,Pune,Clothing,Jacket,2,264.4,0.292,Cash on Delivery,4,528.8,154.41,374.39
ORD102841,CUST1700,2024-08-27,Female,40,Mumbai,Beauty,Perfume,2,64.07,0.349,Credit Card,2,128.14,44.72,83.42
ORD102842,CUST1506,2024-02-17,Male,22,Pune,Home & Kitchen,Cookware Set,3,202.84,0.323,Credit Card,5,608.52,196.55,411.97
ORD102843,CUST1798,2024-05-28,Female,60,Chennai,Sports,Yoga Mat,1,140.65,0.141,UPI,4,140.65,19.83,120.82
ORD102844,CUST1191,2024-05-14,Female,48,Coimbatore,Books,Academic Book,3,195.64,0.304,Net Banking,2,586.92,178.42,408.5
ORD102845,CUST1728,2024-09-26,Male,28,Delhi,Books,Self-Help Book,3,51.1,0.079,UPI,3,153.3,12.11,141.19
ORD102846,CUST1594,2024-11-18,Male,59,Hyderabad,Toys,Puzzle,3,334.41,0.253,UPI,2,1003.23,253.82,749.41
ORD102847,CUST1450,2024-02-05,Male,30,Pune,Books,Self-Help Book,2,318.58,0.153,Net Banking,5,637.16,97.49,539.67
ORD102848,CUST1369,2024-03-12,Male,23,Chennai,Clothing,T-Shirt,3,291.84,0.248,UPI,3,875.52,217.13,658.39
ORD102849,CUST1700,2024-09-16,Male,56,Mumbai,Beauty,Perfume,1,314.08,0.174,Net Banking,1,314.08,54.65,259.43
ORD102850,CUST1347,2024-02-28,Male,24,Kochi,Home & Kitchen,Bedsheet,3,64.14,0.053,Credit Card,4,192.42,10.2,182.22
ORD102851,CUST1032,2024-06-15,Female,20,Coimbatore,Home & Kitchen,Cookware Set,4,183.75,0.119,Credit Card,4,735.0,87.46,647.54
ORD102852,CUST1947,2024-11-12,Female,45,Chennai,Home & Kitchen,Storage Box,4,121.5,0.063,Credit Card,2,486.0,30.62,455.38
ORD102853,CUST1447,2024-11-22,Female,29,Delhi,Beauty,Shampoo,4,312.27,0.178,Credit Card,5,1249.08,222.34,1026.74
ORD102854,CUST1164,2024-11-14,Female,24,Pune,Home & Kitchen,Bedsheet,2,78.46,0.302,Debit Card,3,156.92,47.39,109.53
ORD102855,CUST1225,2024-02-15,Male,22,Delhi,Beauty,Perfume,1,88.68,0.271,Credit Card,2,88.68,24.03,64.65
ORD102856,CUST1829,2024-02-19,Male,23,Hyderabad,Electronics,Smartwatch,3,245.05,0.287,Debit Card,4,735.15,210.99,524.16
ORD102857,CUST1331,2024-02-28,Female,59,Pune,Toys,Remote Car,1,44.78,0.292,Cash on Delivery,1,44.78,13.08,31.7
ORD102858,CUST1281,2024-09-14,Male,46,Mumbai,Home & Kitchen,Bedsheet,2,260.34,0.162,UPI,5,520.68,84.35,436.33
ORD102859,CUST1486,2024-02-29,Male,54,Kochi,Beauty,Perfume,3,104.82,0.202,Credit Card,4,314.46,63.52,250.94
ORD102860,CUST1028,2024-05-23,Female,44,Coimbatore,Sports,Yoga Mat,3,236.41,0.203,Credit Card,2,709.23,143.97,565.26
ORD102861,CUST1559,2024-10-01,Female,41,Kochi,Home & Kitchen,Bedsheet,3,307.47,0.084,Credit Card,1,922.41,77.48,844.93
ORD102862,CUST1040,2024-06-13,Female,27,Mumbai,Sports,Yoga Mat,4,219.22,0.229,Cash on Delivery,3,876.88,200.81,676.07
ORD102863,CUST1834,2024-11-11,Male,59,Pune,Home & Kitchen,Cookware Set,1,86.25,0.266,Net Banking,3,86.25,22.94,63.31
ORD102864,CUST1428,2024-06-16,Male,53,Bengaluru,Clothing,Kurta,4,31.47,0.233,Cash on Delivery,4,125.88,29.33,96.55
ORD102865,CUST1218,2024-05-07,Female,40,Coimbatore,Home & Kitchen,Bedsheet,3,29.95,0.274,Debit Card,2,89.85,24.62,65.23
ORD102866,CUST1454,2024-11-20,Male,22,Coimbatore,Clothing,Jeans,2,44.75,0.086,UPI,2,89.5,7.7,81.8
ORD102867,CUST1175,2024-07-02,Male,50,Coimbatore,Home & Kitchen,Storage Box,2,209.24,0.278,Credit Card,3,418.48,116.34,302.14
ORD102868,CUST1319,2024-03-02,Female,32,Chennai,Sports,Yoga Mat,3,131.65,0.112,UPI,5,394.95,44.23,350.72
ORD102869,CUST1130,2024-07-31,Female,26,Mumbai,Electronics,Earbuds,3,96.44,0.313,Cash on Delivery,5,289.32,90.56,198.76
ORD102870,CUST1668,2024-09-15,Female,49,Hyderabad,Clothing,Kurta,2,88.47,0.123,Net Banking,2,176.94,21.76,155.18
ORD102871,CUST1975,2024-10-07,Male,53,Kochi,Toys,Building Blocks,1,332.77,0.198,UPI,1,332.77,65.89,266.88
ORD102872,CUST1484,2024-01-02,Female,44,Delhi,Sports,Football,1,54.8,0.196,Net Banking,1,54.8,10.74,44.06
ORD102873,CUST1098,2024-02-06,Female,21,Delhi,Clothing,T-Shirt,2,117.11,0.131,Debit Card,3,234.22,30.68,203.54
ORD102874,CUST1074,2024-07-29,Female,43,Mumbai,Books,Academic Book,2,172.94,0.159,UPI,1,345.88,54.99,290.89
ORD102875,CUST1831,2024-09-05,Female,57,Chennai,Clothing,Kurta,3,15.15,0.106,Debit Card,4,45.45,4.82,40.63
ORD102876,CUST1347,2024-08-06,Female,47,Delhi,Books,Academic Book,4,323.52,0.221,Debit Card,1,1294.08,285.99,1008.09
ORD102877,CUST1295,2024-05-08,Female,29,Delhi,Books,Academic Book,1,48.2,0.324,Debit Card,3,48.2,15.62,32.58
ORD102878,CUST1101,2024-09-09,Male,45,Mumbai,Home & Kitchen,Bedsheet,2,243.63,0.145,Net Banking,4,487.26,70.65,416.61
ORD102879,CUST1663,2024-07-13,Male,28,Pune,Sports,Dumbbells,1,225.67,0.202,Debit Card,3,225.67,45.59,180.08
ORD102880,CUST1062,2024-11-06,Male,55,Mumbai,Clothing,Kurta,4,286.04,0.309,Credit Card,4,1144.16,353.55,790.61
ORD102881,CUST1903,2024-05-03,Female,54,Pune,Books,Fiction Book,3,233.21,0.186,UPI,2,699.63,130.13,569.5
ORD102882,CUST1208,2024-09-09,Male,42,Hyderabad,Clothing,Jacket,1,272.74,0.299,Net Banking,4,272.74,81.55,191.19
ORD102883,CUST1068,2024-02-18,Female,23,Coimbatore,Sports,Dumbbells,2,156.12,0.184,UPI,3,312.24,57.45,254.79
ORD102884,CUST1699,2024-09-02,Female,35,Kochi,Home & Kitchen,Storage Box,3,178.72,0.182,Cash on Delivery,4,536.16,97.58,438.58
ORD102885,CUST1353,2024-09-02,Female,23,Mumbai,Sports,Football,4,250.06,0.097,Cash on Delivery,5,1000.24,97.02,903.22
ORD102886,CUST1695,2024-03-26,Male,50,Chennai,Books,Fiction Book,3,205.42,0.087,Cash on Delivery,2,616.26,53.61,562.65
ORD102887,CUST1039,2024-01-21,Female,47,Pune,Clothing,Kurta,2,186.37,0.233,Net Banking,2,372.74,86.85,285.89
ORD102888,CUST1860,2024-11-28,Male,29,Kochi,Electronics,Keyboard,3,83.86,0.298,Cash on Delivery,5,251.58,74.97,176.61
ORD102889,CUST1309,2024-01-26,Female,54,Pune,Clothing,Jacket,3,101.47,0.091,Credit Card,4,304.41,27.7,276.71
ORD102890,CUST1755,2024-06-05,Male,50,Hyderabad,Clothing,Kurta,3,135.1,0.323,UPI,5,405.3,130.91,274.39
ORD102891,CUST1934,2024-01-01,Male,58,Delhi,Clothing,T-Shirt,1,18.11,0.158,Debit Card,2,18.11,2.86,15.25
ORD102892,CUST1534,2024-05-19,Female,30,Hyderabad,Electronics,Smartwatch,3,154.82,0.178,Debit Card,2,464.46,82.67,381.79
ORD102893,CUST1333,2024-10-02,Male,25,Coimbatore,Toys,Board Game,1,15.93,0.318,Debit Card,1,15.93,5.07,10.86
ORD102894,CUST1312,2024-06-17,Female,38,Pune,Toys,Building Blocks,4,204.28,0.319,Debit Card,4,817.12,260.66,556.46
ORD102895,CUST1685,2024-03-21,Male,29,Pune,Electronics,Power Bank,4,250.85,0.207,UPI,5,1003.4,207.7,795.7
ORD102896,CUST1005,2024-05-12,Male,49,Mumbai,Clothing,Jeans,3,203.32,0.133,Credit Card,5,609.96,81.12,528.84
ORD102897,CUST1146,2024-01-31,Male,36,Bengaluru,Electronics,Keyboard,3,247.33,0.102,Net Banking,2,741.99,75.68,666.31
ORD102898,CUST1646,2024-07-17,Male,44,Delhi,Books,Academic Book,1,15.0,0.131,Cash on Delivery,3,15.0,1.96,13.04
ORD102899,CUST1025,2024-01-02,Female,25,Hyderabad,Toys,Remote Car,4,34.91,0.284,Debit Card,3,139.64,39.66,99.98
ORD102900,CUST1289,2024-04-27,Female,21,Kochi,Home & Kitchen,Bedsheet,2,248.98,0.147,Net Banking,1,497.96,73.2,424.76
ORD102901,CUST1647,2024-01-21,Male,58,Chennai,Home & Kitchen,Storage Box,2,283.97,0.258,Credit Card,1,567.94,146.53,421.41
ORD102902,CUST1249,2024-03-21,Male,37,Coimbatore,Electronics,Earbuds,3,255.43,0.109,Net Banking,2,766.29,83.53,682.76
ORD102903,CUST1929,2024-01-23,Female,23,Coimbatore,Clothing,Jeans,4,237.11,0.194,UPI,3,948.44,184.0,764.44
ORD102904,CUST1973,2024-11-06,Female,52,Delhi,Electronics,Keyboard,2,251.97,0.156,Debit Card,5,503.94,78.61,425.33
ORD102905,CUST1033,2024-09-15,Male,23,Kochi,Home & Kitchen,Bedsheet,3,262.76,0.201,UPI,5,788.28,158.44,629.84
ORD102906,CUST1174,2024-11-06,Male,60,Pune,Toys,Board Game,3,257.67,0.221,Credit Card,4,773.01,170.84,602.17
ORD102907,CUST1906,2024-08-16,Male,34,Chennai,Electronics,Smartwatch,2,262.23,0.347,Net Banking,5,524.46,181.99,342.47
ORD102908,CUST1032,2024-06-15,Female,38,Mumbai,Clothing,Kurta,3,39.8,0.32,UPI,4,119.4,38.21,81.19
ORD102909,CUST1486,2024-02-28,Female,29,Coimbatore,Electronics,Earbuds,4,36.2,0.259,Credit Card,3,144.8,37.5,107.3
ORD102910,CUST1948,2024-11-18,Male,21,Coimbatore,Sports,Cricket Bat,2,135.98,0.096,Credit Card,5,271.96,26.11,245.85
ORD102911,CUST1587,2024-11-03,Male,35,Bengaluru,Toys,Building Blocks,4,191.74,0.326,Net Banking,5,766.96,250.03,516.93
ORD102912,CUST1305,2024-05-19,Female,33,Bengaluru,Clothing,Kurta,4,270.48,0.318,Net Banking,2,1081.92,344.05,737.87
ORD102913,CUST1006,2024-03-16,Male,37,Kochi,Sports,Cricket Bat,4,127.13,0.316,Debit Card,2,508.52,160.69,347.83
ORD102914,CUST1393,2024-05-09,Male,39,Chennai,Toys,Remote Car,3,107.16,0.194,Debit Card,5,321.48,62.37,259.11
ORD102915,CUST1541,2024-05-12,Male,45,Kochi,Sports,Dumbbells,4,276.79,0.101,Debit Card,1,1107.16,111.82,995.34
ORD102916,CUST1080,2024-11-03,Male,21,Delhi,Books,Comics,3,98.53,0.276,Net Banking,3,295.59,81.58,214.01
ORD102917,CUST1527,2024-01-23,Male,33,Coimbatore,Books,Comics,4,289.98,0.167,Credit Card,2,1159.92,193.71,966.21
ORD102918,CUST1403,2024-07-31,Female,55,Bengaluru,Beauty,Face Wash,3,74.34,0.153,Credit Card,4,223.02,34.12,188.9
ORD102919,CUST1325,2024-09-14,Male,58,Hyderabad,Clothing,Jeans,4,135.42,0.167,Debit Card,5,541.68,90.46,451.22
ORD102920,CUST1971,2024-09-12,Female,41,Pune,Toys,Remote Car,4,149.36,0.218,Net Banking,2,597.44,130.24,467.2
ORD102921,CUST1892,2024-03-05,Female,33,Bengaluru,Electronics,Keyboard,4,115.34,0.15,Cash on Delivery,2,461.36,69.2,392.16
ORD102922,CUST1693,2024-05-18,Female,35,Chennai,Clothing,Jacket,3,16.12,0.257,Net Banking,2,48.36,12.43,35.93
ORD102923,CUST1590,2024-04-24,Female,51,Delhi,Books,Academic Book,3,93.9,0.244,Cash on Delivery,4,281.7,68.73,212.97
ORD102924,CUST1473,2024-05-16,Female,35,Chennai,Toys,Puzzle,4,128.11,0.203,Debit Card,2,512.44,104.03,408.41
ORD102925,CUST1070,2024-01-30,Female,58,Kochi,Clothing,T-Shirt,2,120.06,0.066,Cash on Delivery,4,240.12,15.85,224.27
ORD102926,CUST1307,2024-01-28,Female,19,Pune,Toys,Puzzle,1,278.16,0.331,Net Banking,2,278.16,92.07,186.09
ORD102927,CUST1010,2024-01-09,Male,44,Pune,Toys,Puzzle,4,30.87,0.174,Debit Card,4,123.48,21.49,101.99
ORD102928,CUST1365,2024-11-19,Female,40,Delhi,Toys,Remote Car,3,145.3,0.185,Cash on Delivery,1,435.9,80.64,355.26
ORD102929,CUST1473,2024-05-19,Female,37,Delhi,Home & Kitchen,Bedsheet,2,27.57,0.187,UPI,2,55.14,10.31,44.83
ORD102930,CUST1610,2024-03-17,Male,38,Kochi,Toys,Remote Car,3,326.77,0.16,UPI,2,980.31,156.85,823.46
ORD102931,CUST1354,2024-09-24,Male,24,Chennai,Toys,Remote Car,1,279.72,0.252,Credit Card,3,279.72,70.49,209.23
ORD102932,CUST1254,2024-06-14,Female,32,Bengaluru,Books,Fiction Book,2,344.02,0.054,Credit Card,4,688.04,37.15,650.89
ORD102933,CUST1709,2024-05-02,Male,33,Pune,Sports,Football,2,319.9,0.312,Cash on Delivery,4,639.8,199.62,440.18
ORD102934,CUST1151,2024-02-08,Male,46,Chennai,Electronics,Smartwatch,2,120.8,0.081,Credit Card,5,241.6,19.57,222.03
ORD102935,CUST1125,2024-05-09,Female,43,Bengaluru,Toys,Building Blocks,4,246.68,0.35,Cash on Delivery,4,986.72,345.35,641.37
ORD102936,CUST1695,2024-08-04,Male,35,Chennai,Sports,Cricket Bat,3,117.7,0.238,Credit Card,1,353.1,84.04,269.06
ORD102937,CUST1585,2024-07-27,Male,40,Chennai,Home & Kitchen,Bedsheet,1,312.55,0.07,Credit Card,4,312.55,21.88,290.67
ORD102938,CUST1868,2024-05-10,Female,42,Mumbai,Clothing,Kurta,2,152.6,0.219,Debit Card,1,305.2,66.84,238.36
ORD102939,CUST1738,2024-07-24,Male,20,Pune,Books,Academic Book,1,140.92,0.149,Credit Card,3,140.92,21.0,119.92
ORD102940,CUST1900,2024-09-14,Male,56,Chennai,Clothing,Kurta,4,321.21,0.336,UPI,3,1284.84,431.71,853.13
ORD102941,CUST1663,2024-11-07,Male,56,Kochi,Electronics,Earbuds,2,295.31,0.277,Credit Card,2,590.62,163.6,427.02
ORD102942,CUST1840,2024-06-26,Male,33,Coimbatore,Books,Self-Help Book,2,338.75,0.202,Credit Card,4,677.5,136.86,540.64
ORD102943,CUST1168,2024-03-17,Male,50,Pune,Beauty,Perfume,2,37.27,0.179,UPI,4,74.54,13.34,61.2
ORD102944,CUST1530,2024-02-13,Male,35,Chennai,Books,Fiction Book,1,96.52,0.349,Credit Card,4,96.52,33.69,62.83
ORD102945,CUST1943,2024-02-22,Female,20,Delhi,Books,Academic Book,4,115.79,0.25,Credit Card,3,463.16,115.79,347.37
ORD102946,CUST1788,2024-01-04,Female,55,Kochi,Home & Kitchen,Cookware Set,3,157.16,0.204,Debit Card,5,471.48,96.18,375.3
ORD102947,CUST1402,2024-07-05,Male,29,Bengaluru,Home & Kitchen,Storage Box,2,173.5,0.169,Credit Card,4,347.0,58.64,288.36
ORD102948,CUST1925,2024-03-12,Female,33,Delhi,Beauty,Moisturizer,2,112.64,0.147,Net Banking,2,225.28,33.12,192.16
ORD102949,CUST1312,2024-03-16,Male,42,Delhi,Electronics,Smartwatch,3,279.8,0.262,Cash on Delivery,4,839.4,219.92,619.48
ORD102950,CUST1023,2024-08-30,Male,36,Pune,Electronics,Power Bank,1,89.79,0.226,Cash on Delivery,3,89.79,20.29,69.5
ORD102951,CUST1795,2024-04-17,Male,29,Kochi,Books,Comics,4,248.33,0.304,Net Banking,1,993.32,301.97,691.35
ORD102952,CUST1411,2024-10-04,Male,52,Bengaluru,Beauty,Shampoo,3,300.34,0.216,Debit Card,5,901.02,194.62,706.4
ORD102953,CUST1034,2024-02-15,Female,33,Chennai,Clothing,Jacket,1,217.24,0.225,Cash on Delivery,4,217.24,48.88,168.36
ORD102954,CUST1203,2024-04-24,Male,43,Chennai,Electronics,Earbuds,3,133.64,0.193,Net Banking,4,400.92,77.38,323.54
ORD102955,CUST1071,2024-01-18,Male,46,Hyderabad,Sports,Cricket Bat,4,77.94,0.279,Cash on Delivery,4,311.76,86.98,224.78
ORD102956,CUST1995,2024-06-28,Male,58,Hyderabad,Home & Kitchen,Cookware Set,1,60.01,0.174,Debit Card,3,60.01,10.44,49.57
ORD102957,CUST1846,2024-02-11,Male,38,Kochi,Books,Comics,3,264.3,0.306,Net Banking,2,792.9,242.63,550.27
ORD102958,CUST1928,2024-03-21,Male,38,Delhi,Clothing,T-Shirt,3,172.16,0.148,Debit Card,5,516.48,76.44,440.04
ORD102959,CUST1181,2024-09-03,Female,57,Pune,Books,Self-Help Book,4,30.52,0.258,Cash on Delivery,3,122.08,31.5,90.58
ORD102960,CUST1801,2024-10-21,Male,38,Delhi,Electronics,Power Bank,3,344.59,0.318,Debit Card,2,1033.77,328.74,705.03
ORD102961,CUST1563,2024-07-01,Male,30,Kochi,Beauty,Shampoo,3,239.89,0.281,Debit Card,4,719.67,202.23,517.44
ORD102962,CUST1295,2024-11-19,Female,19,Hyderabad,Electronics,Keyboard,4,297.8,0.153,Net Banking,1,1191.2,182.25,1008.95
ORD102963,CUST1668,2024-09-10,Male,31,Pune,Clothing,T-Shirt,4,161.79,0.262,Debit Card,2,647.16,169.56,477.6
ORD102964,CUST1951,2024-09-09,Female,26,Hyderabad,Toys,Remote Car,2,335.07,0.112,UPI,1,670.14,75.06,595.08
ORD102965,CUST1460,2024-11-27,Male,31,Bengaluru,Books,Academic Book,3,81.84,0.067,Credit Card,1,245.52,16.45,229.07
ORD102966,CUST1029,2024-01-30,Male,41,Kochi,Sports,Yoga Mat,1,77.02,0.287,Debit Card,5,77.02,22.1,54.92
ORD102967,CUST1841,2024-03-18,Female,40,Chennai,Home & Kitchen,Mixer,4,313.26,0.292,Cash on Delivery,3,1253.04,365.89,887.15
ORD102968,CUST1187,2024-05-26,Male,26,Hyderabad,Books,Comics,4,313.73,0.057,Cash on Delivery,5,1254.92,71.53,1183.39
ORD102969,CUST1182,2024-07-26,Male,37,Mumbai,Sports,Yoga Mat,2,182.17,0.334,Net Banking,4,364.34,121.69,242.65
ORD102970,CUST1616,2024-11-27,Male,37,Bengaluru,Books,Self-Help Book,3,57.14,0.184,Credit Card,2,171.42,31.54,139.88
ORD102971,CUST1798,2024-02-03,Female,19,Coimbatore,Sports,Yoga Mat,4,117.25,0.322,Credit Card,2,469.0,151.02,317.98
ORD102972,CUST1792,2024-03-17,Male,30,Hyderabad,Toys,Board Game,1,267.64,0.286,Debit Card,3,267.64,76.55,191.09
ORD102973,CUST1867,2024-04-09,Female,49,Mumbai,Clothing,T-Shirt,3,298.41,0.32,Net Banking,1,895.23,286.47,608.76
ORD102974,CUST1882,2024-08-12,Male,18,Hyderabad,Electronics,Power Bank,4,131.46,0.3,Net Banking,3,525.84,157.75,368.09
ORD102975,CUST1128,2024-11-14,Female,30,Kochi,Sports,Dumbbells,4,35.51,0.342,Net Banking,3,142.04,48.58,93.46
ORD102976,CUST1300,2024-11-10,Female,38,Mumbai,Beauty,Moisturizer,1,238.02,0.239,Net Banking,1,238.02,56.89,181.13
ORD102977,CUST1719,2024-09-07,Female,25,Coimbatore,Toys,Remote Car,4,262.73,0.118,Debit Card,3,1050.92,124.01,926.91
ORD102978,CUST1390,2024-09-16,Female,45,Delhi,Toys,Board Game,4,157.04,0.167,Net Banking,5,628.16,104.9,523.26
ORD102979,CUST1715,2024-05-19,Female,48,Kochi,Beauty,Perfume,1,210.34,0.276,UPI,5,210.34,58.05,152.29
ORD102980,CUST1454,2024-07-22,Male,32,Delhi,Electronics,Smartwatch,3,345.77,0.097,Debit Card,3,1037.31,100.62,936.69
ORD102981,CUST1450,2024-02-27,Male,27,Kochi,Toys,Building Blocks,3,97.07,0.329,Credit Card,1,291.21,95.81,195.4
ORD102982,CUST1026,2024-06-18,Male,51,Pune,Books,Academic Book,4,206.95,0.112,Cash on Delivery,5,827.8,92.71,735.09
ORD102983,CUST1607,2024-04-08,Male,27,Chennai,Clothing,T-Shirt,1,219.67,0.313,UPI,3,219.67,68.76,150.91
ORD102984,CUST1863,2024-11-07,Female,24,Bengaluru,Toys,Building Blocks,4,198.95,0.195,Net Banking,4,795.8,155.18,640.62
ORD102985,CUST1817,2024-05-03,Male,19,Coimbatore,Clothing,Kurta,3,306.16,0.302,Cash on Delivery,1,918.48,277.38,641.1
ORD102986,CUST1337,2024-05-12,Female,21,Chennai,Books,Self-Help Book,2,217.68,0.337,UPI,2,435.36,146.72,288.64
ORD102987,CUST1676,2024-05-14,Female,55,Bengaluru,Clothing,Jacket,2,185.14,0.177,Cash on Delivery,2,370.28,65.54,304.74
ORD102988,CUST1199,2024-10-28,Male,58,Coimbatore,Sports,Cricket Bat,4,56.21,0.259,Credit Card,4,224.84,58.23,166.61
ORD102989,CUST1632,2024-11-08,Male,41,Hyderabad,Books,Fiction Book,4,250.58,0.118,Credit Card,4,1002.32,118.27,884.05
ORD102990,CUST1408,2024-05-24,Female,57,Bengaluru,Toys,Building Blocks,2,59.26,0.29,Cash on Delivery,4,118.52,34.37,84.15
ORD102991,CUST1925,2024-11-29,Male,48,Bengaluru,Beauty,Moisturizer,4,23.9,0.296,Debit Card,2,95.6,28.3,67.3
ORD102992,CUST1709,2024-09-10,Male,35,Hyderabad,Beauty,Face Wash,3,178.66,0.139,Cash on Delivery,2,535.98,74.5,461.48
ORD102993,CUST1073,2024-10-10,Male,48,Coimbatore,Home & Kitchen,Storage Box,1,206.77,0.057,Credit Card,1,206.77,11.79,194.98
ORD102994,CUST1870,2024-11-02,Female,36,Mumbai,Sports,Yoga Mat,3,349.68,0.179,Debit Card,2,1049.04,187.78,861.26
ORD102995,CUST1723,2024-04-21,Male,59,Kochi,Sports,Football,4,253.63,0.101,Credit Card,1,1014.52,102.47,912.05
ORD102996,CUST1215,2024-07-03,Male,54,Pune,Sports,Football,1,299.28,0.296,Net Banking,5,299.28,88.59,210.69
ORD102997,CUST1282,2024-04-05,Male,54,Hyderabad,Toys,Puzzle,1,131.04,0.128,Credit Card,4,131.04,16.77,114.27
ORD102998,CUST1172,2024-04-13,Female,40,Bengaluru,Books,Self-Help Book,1,185.49,0.333,Credit Card,4,185.49,61.77,123.72
ORD102999,CUST1309,2024-06-04,Female,40,Kochi,Electronics,Earbuds,3,341.38,0.342,Cash on Delivery,5,1024.14,350.26,673.88
ORD103000,CUST1942,2024-01-18,Male,23,Kochi,Clothing,Jeans,1,154.83,0.323,Net Banking,4,154.83,50.01,104.82
ORD103001,CUST1901,2024-03-13,Male,46,Chennai,Beauty,Perfume,4,285.44,0.23,Debit Card,2,1141.76,262.6,879.16
ORD103002,CUST1550,2024-09-28,Female,22,Hyderabad,Toys,Board Game,1,191.21,0.13,Debit Card,2,191.21,24.86,166.35
ORD103003,CUST1361,2024-02-25,Male,41,Pune,Books,Self-Help Book,1,90.03,0.292,Credit Card,1,90.03,26.29,63.74
ORD103004,CUST1365,2024-07-27,Female,23,Kochi,Beauty,Perfume,2,209.44,0.26,Net Banking,4,418.88,108.91,309.97
ORD103005,CUST1955,2024-09-13,Male,38,Kochi,Clothing,Jacket,4,88.05,0.343,Credit Card,5,352.2,120.8,231.4
ORD103006,CUST1199,2024-03-29,Female,51,Hyderabad,Beauty,Face Wash,4,16.01,0.163,UPI,4,64.04,10.44,53.6
ORD103007,CUST1756,2024-06-02,Female,31,Kochi,Toys,Board Game,2,94.03,0.068,Debit Card,3,188.06,12.79,175.27
ORD103008,CUST1994,2024-10-20,Female,43,Pune,Clothing,Jeans,3,79.7,0.35,Debit Card,2,239.1,83.68,155.42
ORD103009,CUST1854,2024-10-06,Female,29,Mumbai,Clothing,Jacket,4,139.26,0.301,Debit Card,3,557.04,167.67,389.37
ORD103010,CUST1718,2024-11-04,Male,30,Mumbai,Beauty,Shampoo,4,312.68,0.116,Debit Card,2,1250.72,145.08,1105.64
ORD103011,CUST1898,2024-07-29,Female,25,Coimbatore,Books,Self-Help Book,1,144.93,0.268,Net Banking,1,144.93,38.84,106.09
ORD103012,CUST1217,2024-10-24,Female,24,Coimbatore,Electronics,Keyboard,4,298.14,0.05,Cash on Delivery,3,1192.56,59.63,1132.93
ORD103013,CUST1982,2024-05-13,Female,33,Kochi,Beauty,Shampoo,4,201.13,0.217,Net Banking,2,804.52,174.58,629.94
ORD103014,CUST1091,2024-07-20,Male,23,Mumbai,Toys,Puzzle,3,17.55,0.159,Credit Card,4,52.65,8.37,44.28
ORD103015,CUST1013,2024-08-11,Female,56,Hyderabad,Books,Self-Help Book,3,78.23,0.164,Credit Card,5,234.69,38.49,196.2
ORD103016,CUST1199,2024-11-23,Female,49,Coimbatore,Toys,Remote Car,2,326.98,0.123,Credit Card,1,653.96,80.44,573.52
ORD103017,CUST1608,2024-05-03,Female,27,Hyderabad,Electronics,Earbuds,4,217.4,0.132,UPI,1,869.6,114.79,754.81
ORD103018,CUST1247,2024-10-20,Male,56,Coimbatore,Clothing,T-Shirt,4,326.4,0.186,Credit Card,5,1305.6,242.84,1062.76
ORD103019,CUST1632,2024-06-19,Male,33,Delhi,Home & Kitchen,Bedsheet,3,118.89,0.124,Net Banking,2,356.67,44.23,312.44
ORD103020,CUST1110,2024-02-04,Male,40,Delhi,Books,Self-Help Book,3,255.05,0.19,Cash on Delivery,2,765.15,145.38,619.77
ORD103021,CUST1696,2024-08-07,Female,48,Bengaluru,Home & Kitchen,Mixer,2,273.63,0.223,Cash on Delivery,5,547.26,122.04,425.22
ORD103022,CUST1229,2024-11-24,Male,51,Bengaluru,Beauty,Shampoo,3,341.86,0.263,Debit Card,5,1025.58,269.73,755.85
ORD103023,CUST1522,2024-05-31,Female,18,Pune,Sports,Dumbbells,1,21.09,0.253,UPI,3,21.09,5.34,15.75
ORD103024,CUST1116,2024-07-02,Female,30,Hyderabad,Sports,Football,4,334.0,0.123,Cash on Delivery,1,1336.0,164.33,1171.67
ORD103025,CUST1969,2024-11-06,Female,32,Pune,Home & Kitchen,Mixer,3,146.18,0.062,Credit Card,4,438.54,27.19,411.35
ORD103026,CUST1377,2024-11-04,Female,43,Kochi,Clothing,Kurta,3,295.73,0.3,Debit Card,4,887.19,266.16,621.03
ORD103027,CUST1604,2024-05-14,Female,55,Chennai,Books,Comics,1,197.48,0.312,Net Banking,3,197.48,61.61,135.87
ORD103028,CUST1485,2024-09-11,Male,36,Kochi,Electronics,Earbuds,3,204.16,0.344,Credit Card,3,612.48,210.69,401.79
ORD103029,CUST1594,2024-07-30,Male,37,Bengaluru,Toys,Remote Car,1,135.39,0.338,Credit Card,3,135.39,45.76,89.63
ORD103030,CUST1454,2024-08-04,Female,21,Bengaluru,Home & Kitchen,Cookware Set,4,292.54,0.24,Credit Card,4,1170.16,280.84,889.32
ORD103031,CUST1073,2024-08-29,Female,40,Coimbatore,Beauty,Perfume,3,103.44,0.318,Debit Card,3,310.32,98.68,211.64
ORD103032,CUST1828,2024-04-19,Male,38,Bengaluru,Clothing,T-Shirt,2,179.9,0.184,Debit Card,5,359.8,66.2,293.6
ORD103033,CUST1641,2024-04-12,Female,45,Pune,Books,Fiction Book,4,202.66,0.286,Net Banking,1,810.64,231.84,578.8
ORD103034,CUST1253,2024-01-10,Male,54,Chennai,Books,Fiction Book,4,263.74,0.337,Debit Card,1,1054.96,355.52,699.44
ORD103035,CUST1083,2024-10-13,Male,42,Chennai,Electronics,Keyboard,1,173.0,0.289,Cash on Delivery,1,173.0,50.0,123.0
ORD103036,CUST1886,2024-04-02,Male,20,Bengaluru,Toys,Building Blocks,1,242.89,0.175,Debit Card,1,242.89,42.51,200.38
ORD103037,CUST1332,2024-08-13,Male,53,Delhi,Toys,Building Blocks,2,177.57,0.163,UPI,3,355.14,57.89,297.25
ORD103038,CUST1907,2024-08-17,Female,38,Hyderabad,Clothing,Jacket,1,235.87,0.137,Debit Card,1,235.87,32.31,203.56
ORD103039,CUST1765,2024-08-23,Female,38,Bengaluru,Books,Comics,3,240.84,0.16,Credit Card,1,722.52,115.6,606.92
ORD103040,CUST1958,2024-10-16,Female,55,Coimbatore,Toys,Remote Car,3,252.66,0.296,Net Banking,3,757.98,224.36,533.62
ORD103041,CUST1659,2024-10-17,Male,43,Bengaluru,Home & Kitchen,Storage Box,3,290.81,0.26,Credit Card,5,872.43,226.83,645.6
ORD103042,CUST1180,2024-01-01,Female,51,Chennai,Electronics,Keyboard,1,196.14,0.125,Net Banking,5,196.14,24.52,171.62
ORD103043,CUST1035,2024-10-08,Female,55,Chennai,Beauty,Shampoo,4,79.75,0.263,Cash on Delivery,2,319.0,83.9,235.1
ORD103044,CUST1245,2024-03-10,Male,39,Kochi,Sports,Yoga Mat,4,242.68,0.164,Debit Card,1,970.72,159.2,811.52
ORD103045,CUST1438,2024-08-04,Female,60,Mumbai,Beauty,Shampoo,3,40.83,0.217,Credit Card,4,122.49,26.58,95.91
ORD103046,CUST1623,2024-08-13,Male,25,Kochi,Electronics,Earbuds,1,88.35,0.161,UPI,4,88.35,14.22,74.13
ORD103047,CUST1894,2024-01-18,Male,55,Coimbatore,Sports,Cricket Bat,2,280.37,0.206,Net Banking,5,560.74,115.51,445.23
ORD103048,CUST1140,2024-04-05,Female,54,Hyderabad,Toys,Remote Car,3,160.75,0.269,Credit Card,3,482.25,129.73,352.52
ORD103049,CUST1634,2024-10-31,Female,22,Coimbatore,Electronics,Smartwatch,3,181.84,0.269,Credit Card,1,545.52,146.74,398.78
ORD103050,CUST1085,2024-02-17,Male,24,Mumbai,Books,Fiction Book,1,345.78,0.276,Debit Card,5,345.78,95.44,250.34
ORD103051,CUST1480,2024-03-18,Male,19,Delhi,Electronics,Earbuds,4,93.78,0.167,Net Banking,2,375.12,62.65,312.47
ORD103052,CUST1073,2024-01-28,Female,29,Delhi,Clothing,Kurta,4,21.55,0.257,Cash on Delivery,2,86.2,22.15,64.05
ORD103053,CUST1373,2024-02-25,Male,60,Coimbatore,Toys,Puzzle,3,52.31,0.122,Credit Card,3,156.93,19.15,137.78
ORD103054,CUST1605,2024-08-01,Female,23,Bengaluru,Beauty,Face Wash,2,96.91,0.193,Credit Card,5,193.82,37.41,156.41
ORD103055,CUST1738,2024-10-08,Male,19,Chennai,Toys,Remote Car,3,258.18,0.225,Net Banking,2,774.54,174.27,600.27
ORD103056,CUST1803,2024-07-18,Male,37,Pune,Sports,Football,1,274.9,0.256,UPI,3,274.9,70.37,204.53
ORD103057,CUST1523,2024-04-05,Male,33,Kochi,Toys,Puzzle,3,204.44,0.324,Cash on Delivery,3,613.32,198.72,414.6
ORD103058,CUST1258,2024-10-14,Male,45,Delhi,Books,Comics,1,100.44,0.141,Net Banking,5,100.44,14.16,86.28
ORD103059,CUST1912,2024-05-03,Female,44,Chennai,Books,Self-Help Book,1,189.78,0.304,UPI,5,189.78,57.69,132.09
ORD103060,CUST1932,2024-04-15,Female,53,Chennai,Books,Academic Book,3,20.01,0.143,Credit Card,4,60.03,8.58,51.45
ORD103061,CUST1966,2024-06-18,Female,35,Delhi,Toys,Remote Car,3,243.4,0.216,Net Banking,1,730.2,157.72,572.48
ORD103062,CUST1791,2024-02-15,Female,37,Kochi,Sports,Football,4,220.79,0.298,Debit Card,2,883.16,263.18,619.98
ORD103063,CUST1777,2024-04-29,Male,18,Delhi,Books,Fiction Book,3,22.3,0.267,Debit Card,4,66.9,17.86,49.04
ORD103064,CUST1077,2024-09-24,Female,59,Hyderabad,Electronics,Keyboard,4,288.7,0.309,Net Banking,5,1154.8,356.83,797.97
ORD103065,CUST1571,2024-07-22,Female,27,Delhi,Home & Kitchen,Mixer,4,270.75,0.294,Debit Card,4,1083.0,318.4,764.6
ORD103066,CUST1406,2024-11-27,Female,43,Bengaluru,Sports,Cricket Bat,2,118.25,0.133,Debit Card,3,236.5,31.45,205.05
ORD103067,CUST1258,2024-09-16,Female,55,Mumbai,Home & Kitchen,Cookware Set,4,227.85,0.348,UPI,4,911.4,317.17,594.23
ORD103068,CUST1067,2024-04-30,Male,43,Kochi,Books,Academic Book,2,216.5,0.331,Credit Card,2,433.0,143.32,289.68
ORD103069,CUST1213,2024-09-13,Male,44,Pune,Beauty,Face Wash,3,62.97,0.179,Debit Card,4,188.91,33.81,155.1
ORD103070,CUST1914,2024-10-16,Female,25,Chennai,Sports,Dumbbells,1,79.74,0.064,Net Banking,3,79.74,5.1,74.64
ORD103071,CUST1907,2024-07-30,Male,48,Bengaluru,Clothing,T-Shirt,1,243.87,0.141,Debit Card,4,243.87,34.39,209.48
ORD103072,CUST1742,2024-09-12,Female,26,Chennai,Electronics,Power Bank,3,327.74,0.301,Debit Card,5,983.22,295.95,687.27
ORD103073,CUST1101,2024-06-17,Female,47,Mumbai,Beauty,Shampoo,2,208.06,0.335,Debit Card,5,416.12,139.4,276.72
ORD103074,CUST1685,2024-11-01,Female,42,Bengaluru,Beauty,Moisturizer,3,205.22,0.3,UPI,4,615.66,184.7,430.96
ORD103075,CUST1126,2024-03-20,Male,39,Kochi,Electronics,Smartwatch,1,231.64,0.169,Credit Card,4,231.64,39.15,192.49
ORD103076,CUST1682,2024-05-22,Male,48,Hyderabad,Electronics,Smartwatch,2,162.59,0.067,Debit Card,1,325.18,21.79,303.39
ORD103077,CUST1033,2024-03-26,Male,48,Chennai,Home & Kitchen,Mixer,3,33.15,0.205,Net Banking,1,99.45,20.39,79.06
ORD103078,CUST1284,2024-02-03,Female,26,Mumbai,Toys,Board Game,3,147.83,0.163,Credit Card,5,443.49,72.29,371.2
ORD103079,CUST1122,2024-07-25,Female,34,Pune,Toys,Building Blocks,4,316.58,0.087,Credit Card,3,1266.32,110.17,1156.15
ORD103080,CUST1932,2024-02-09,Male,38,Pune,Books,Academic Book,4,284.66,0.082,Debit Card,3,1138.64,93.37,1045.27
ORD103081,CUST1568,2024-03-16,Male,24,Kochi,Books,Comics,4,325.69,0.096,Cash on Delivery,4,1302.76,125.06,1177.7
ORD103082,CUST1921,2024-09-12,Male,33,Hyderabad,Clothing,Jeans,1,66.2,0.112,Net Banking,1,66.2,7.41,58.79
ORD103083,CUST1020,2024-03-21,Female,19,Delhi,Toys,Remote Car,3,184.5,0.276,Cash on Delivery,1,553.5,152.77,400.73
ORD103084,CUST1738,2024-10-16,Female,36,Delhi,Beauty,Face Wash,1,210.88,0.165,Cash on Delivery,1,210.88,34.8,176.08
ORD103085,CUST1479,2024-01-17,Male,26,Chennai,Beauty,Perfume,2,85.33,0.181,Credit Card,3,170.66,30.89,139.77
ORD103086,CUST1468,2024-06-02,Female,27,Chennai,Home & Kitchen,Cookware Set,1,82.33,0.23,Net Banking,1,82.33,18.94,63.39
ORD103087,CUST1872,2024-01-23,Male,53,Coimbatore,Books,Self-Help Book,2,276.98,0.338,UPI,1,553.96,187.24,366.72
ORD103088,CUST1047,2024-01-20,Female,24,Mumbai,Sports,Yoga Mat,1,240.07,0.277,Cash on Delivery,4,240.07,66.5,173.57
ORD103089,CUST1943,2024-09-21,Male,23,Pune,Sports,Yoga Mat,3,231.81,0.244,Debit Card,4,695.43,169.68,525.75
ORD103090,CUST1028,2024-01-23,Female,31,Kochi,Electronics,Earbuds,1,104.44,0.273,Net Banking,2,104.44,28.51,75.93
ORD103091,CUST1362,2024-10-25,Female,19,Bengaluru,Electronics,Keyboard,3,184.77,0.266,Debit Card,4,554.31,147.45,406.86
ORD103092,CUST1137,2024-07-19,Male,55,Coimbatore,Electronics,Earbuds,3,22.73,0.257,Debit Card,1,68.19,17.52,50.67
ORD103093,CUST1522,2024-06-10,Female,60,Bengaluru,Beauty,Perfume,1,58.53,0.199,Credit Card,3,58.53,11.65,46.88
ORD103094,CUST1595,2024-11-03,Female,52,Pune,Electronics,Earbuds,1,188.61,0.22,Credit Card,2,188.61,41.49,147.12
ORD103095,CUST1641,2024-05-09,Male,52,Bengaluru,Sports,Yoga Mat,4,118.74,0.188,Net Banking,2,474.96,89.29,385.67
ORD103096,CUST1797,2024-05-13,Female,22,Hyderabad,Clothing,Kurta,3,338.5,0.168,Net Banking,5,1015.5,170.6,844.9
ORD103097,CUST1750,2024-05-17,Male,41,Mumbai,Clothing,T-Shirt,2,172.95,0.131,Debit Card,1,345.9,45.31,300.59
ORD103098,CUST1947,2024-08-05,Female,21,Mumbai,Home & Kitchen,Cookware Set,4,42.99,0.157,Net Banking,4,171.96,27.0,144.96
ORD103099,CUST1449,2024-10-10,Female,30,Chennai,Books,Academic Book,1,20.98,0.179,UPI,2,20.98,3.76,17.22
ORD103100,CUST1175,2024-06-30,Female,39,Coimbatore,Books,Fiction Book,4,257.96,0.224,UPI,3,1031.84,231.13,800.71
ORD103101,CUST1155,2024-04-04,Female,47,Chennai,Electronics,Power Bank,1,72.45,0.2,Credit Card,2,72.45,14.49,57.96
ORD103102,CUST1275,2024-10-25,Female,29,Kochi,Books,Self-Help Book,3,77.92,0.082,Debit Card,4,233.76,19.17,214.59
ORD103103,CUST1602,2024-07-19,Male,29,Bengaluru,Electronics,Power Bank,1,156.98,0.152,Debit Card,1,156.98,23.86,133.12
ORD103104,CUST1054,2024-10-05,Female,53,Pune,Beauty,Face Wash,1,103.46,0.163,UPI,1,103.46,16.86,86.6
ORD103105,CUST1953,2024-05-24,Male,27,Pune,Toys,Building Blocks,2,221.55,0.262,Net Banking,2,443.1,116.09,327.01
ORD103106,CUST1988,2024-03-07,Male,38,Mumbai,Toys,Board Game,1,177.71,0.15,Credit Card,5,177.71,26.66,151.05
ORD103107,CUST1164,2024-11-12,Female,30,Delhi,Home & Kitchen,Bedsheet,2,52.34,0.052,Debit Card,1,104.68,5.44,99.24
ORD103108,CUST1780,2024-08-14,Female,54,Chennai,Toys,Board Game,1,277.89,0.075,UPI,1,277.89,20.84,257.05
ORD103109,CUST1595,2024-04-13,Female,40,Kochi,Books,Self-Help Book,1,157.66,0.199,Debit Card,3,157.66,31.37,126.29
ORD103110,CUST1480,2024-10-10,Male,22,Chennai,Electronics,Smartwatch,4,219.63,0.107,Cash on Delivery,1,878.52,94.0,784.52
ORD103111,CUST1733,2024-01-04,Male,24,Pune,Home & Kitchen,Mixer,4,16.32,0.198,UPI,3,65.28,12.93,52.35
ORD103112,CUST1574,2024-11-07,Male,59,Chennai,Books,Self-Help Book,4,224.84,0.222,Credit Card,2,899.36,199.66,699.7
ORD103113,CUST1323,2024-07-12,Female,58,Pune,Toys,Building Blocks,1,109.75,0.33,Debit Card,4,109.75,36.22,73.53
ORD103114,CUST1561,2024-07-16,Female,50,Hyderabad,Toys,Puzzle,2,180.61,0.247,Credit Card,1,361.22,89.22,272.0
ORD103115,CUST1135,2024-01-05,Female,21,Mumbai,Sports,Football,2,114.74,0.059,Cash on Delivery,1,229.48,13.54,215.94
ORD103116,CUST1254,2024-02-28,Female,49,Chennai,Toys,Building Blocks,2,348.75,0.164,Net Banking,1,697.5,114.39,583.11
ORD103117,CUST1971,2024-08-29,Female,46,Bengaluru,Books,Self-Help Book,2,92.33,0.288,Net Banking,4,184.66,53.18,131.48
ORD103118,CUST1185,2024-07-06,Female,58,Mumbai,Toys,Puzzle,3,320.81,0.128,Cash on Delivery,4,962.43,123.19,839.24
ORD103119,CUST1597,2024-02-12,Female,38,Pune,Books,Fiction Book,2,322.52,0.327,Debit Card,1,645.04,210.93,434.11
ORD103120,CUST1296,2024-08-11,Male,38,Delhi,Books,Fiction Book,2,156.04,0.209,Net Banking,3,312.08,65.22,246.86
ORD103121,CUST1464,2024-09-07,Male,45,Hyderabad,Books,Self-Help Book,4,116.84,0.078,Debit Card,4,467.36,36.45,430.91
ORD103122,CUST1246,2024-04-01,Male,24,Delhi,Home & Kitchen,Cookware Set,4,142.65,0.123,UPI,1,570.6,70.18,500.42
ORD103123,CUST1568,2024-08-18,Male,50,Bengaluru,Home & Kitchen,Storage Box,2,346.43,0.322,Net Banking,1,692.86,223.1,469.76
ORD103124,CUST1556,2024-11-21,Female,39,Delhi,Sports,Football,1,222.3,0.347,Credit Card,4,222.3,77.14,145.16
ORD103125,CUST1617,2024-06-10,Female,26,Delhi,Books,Comics,3,197.5,0.309,Cash on Delivery,3,592.5,183.08,409.42
ORD103126,CUST1307,2024-03-17,Female,53,Bengaluru,Books,Fiction Book,2,27.03,0.146,Debit Card,4,54.06,7.89,46.17
ORD103127,CUST1578,2024-11-18,Female,29,Bengaluru,Sports,Yoga Mat,4,299.03,0.281,Cash on Delivery,3,1196.12,336.11,860.01
ORD103128,CUST1728,2024-11-01,Female,54,Delhi,Clothing,T-Shirt,2,43.07,0.117,UPI,5,86.14,10.08,76.06
ORD103129,CUST1719,2024-06-02,Female,29,Delhi,Toys,Puzzle,1,30.74,0.165,Cash on Delivery,1,30.74,5.07,25.67
ORD103130,CUST1567,2024-05-22,Female,39,Kochi,Electronics,Smartwatch,1,107.08,0.259,Cash on Delivery,1,107.08,27.73,79.35
ORD103131,CUST1298,2024-10-06,Female,36,Mumbai,Home & Kitchen,Bedsheet,1,174.39,0.341,Debit Card,4,174.39,59.47,114.92
ORD103132,CUST1531,2024-01-01,Male,49,Mumbai,Electronics,Smartwatch,2,314.92,0.182,Net Banking,5,629.84,114.63,515.21
ORD103133,CUST1536,2024-04-14,Female,26,Mumbai,Clothing,Kurta,2,279.68,0.199,Debit Card,1,559.36,111.31,448.05
ORD103134,CUST1950,2024-07-01,Female,28,Coimbatore,Clothing,T-Shirt,4,81.21,0.116,UPI,4,324.84,37.68,287.16
ORD103135,CUST1376,2024-08-07,Male,26,Hyderabad,Beauty,Face Wash,4,139.65,0.171,Credit Card,5,558.6,95.52,463.08
ORD103136,CUST1322,2024-07-29,Male,27,Mumbai,Beauty,Face Wash,1,276.38,0.069,Cash on Delivery,3,276.38,19.07,257.31
ORD103137,CUST1749,2024-05-04,Male,37,Hyderabad,Beauty,Moisturizer,4,191.58,0.308,Net Banking,5,766.32,236.03,530.29
ORD103138,CUST1634,2024-10-18,Female,43,Delhi,Clothing,T-Shirt,3,73.45,0.057,Debit Card,2,220.35,12.56,207.79
ORD103139,CUST1426,2024-08-05,Male,55,Pune,Beauty,Face Wash,2,147.68,0.255,UPI,5,295.36,75.32,220.04
ORD103140,CUST1000,2024-06-30,Female,36,Mumbai,Home & Kitchen,Cookware Set,2,224.69,0.132,Credit Card,3,449.38,59.32,390.06
ORD103141,CUST1704,2024-11-10,Male,35,Hyderabad,Home & Kitchen,Bedsheet,2,341.03,0.193,UPI,2,682.06,131.64,550.42
ORD103142,CUST1736,2024-02-01,Male,24,Pune,Books,Comics,1,236.71,0.134,Debit Card,1,236.71,31.72,204.99
ORD103143,CUST1929,2024-08-25,Male,22,Hyderabad,Electronics,Earbuds,4,20.43,0.17,Debit Card,5,81.72,13.89,67.83
ORD103144,CUST1502,2024-11-06,Female,50,Kochi,Clothing,Kurta,1,251.18,0.214,Cash on Delivery,4,251.18,53.75,197.43
ORD103145,CUST1514,2024-08-09,Male,45,Delhi,Beauty,Face Wash,1,99.04,0.242,UPI,4,99.04,23.97,75.07
ORD103146,CUST1208,2024-07-08,Female,40,Mumbai,Toys,Puzzle,2,303.82,0.332,Credit Card,4,607.64,201.74,405.9
ORD103147,CUST1459,2024-05-02,Male,37,Bengaluru,Beauty,Moisturizer,1,143.6,0.15,Net Banking,2,143.6,21.54,122.06
ORD103148,CUST1001,2024-03-31,Male,40,Coimbatore,Toys,Puzzle,1,81.87,0.225,Cash on Delivery,1,81.87,18.42,63.45
ORD103149,CUST1500,2024-07-01,Male,54,Delhi,Electronics,Power Bank,2,171.76,0.321,Debit Card,4,343.52,110.27,233.25
ORD103150,CUST1706,2024-10-28,Male,26,Kochi,Books,Academic Book,2,100.49,0.137,Cash on Delivery,2,200.98,27.53,173.45
ORD103151,CUST1785,2024-06-03,Male,39,Pune,Clothing,Jacket,1,94.0,0.31,Cash on Delivery,4,94.0,29.14,64.86
ORD103152,CUST1662,2024-02-10,Female,28,Coimbatore,Toys,Remote Car,4,207.04,0.337,Debit Card,5,828.16,279.09,549.07
ORD103153,CUST1804,2024-06-11,Female,22,Chennai,Home & Kitchen,Mixer,4,272.06,0.304,UPI,4,1088.24,330.82,757.42
ORD103154,CUST1664,2024-02-02,Female,47,Chennai,Clothing,T-Shirt,3,294.71,0.221,Net Banking,3,884.13,195.39,688.74
ORD103155,CUST1779,2024-11-09,Male,48,Pune,Books,Self-Help Book,3,148.22,0.267,Cash on Delivery,5,444.66,118.72,325.94
ORD103156,CUST1437,2024-06-28,Female,54,Chennai,Home & Kitchen,Cookware Set,4,37.38,0.194,Debit Card,3,149.52,29.01,120.51
ORD103157,CUST1601,2024-03-12,Male,18,Kochi,Clothing,Jacket,2,177.13,0.229,Net Banking,3,354.26,81.13,273.13
ORD103158,CUST1638,2024-07-28,Male,25,Kochi,Clothing,Jeans,2,160.32,0.342,UPI,5,320.64,109.66,210.98
ORD103159,CUST1571,2024-06-29,Female,42,Delhi,Electronics,Keyboard,1,80.99,0.125,UPI,2,80.99,10.12,70.87
ORD103160,CUST1570,2024-06-20,Female,52,Pune,Home & Kitchen,Mixer,3,315.21,0.288,Net Banking,2,945.63,272.34,673.29
ORD103161,CUST1781,2024-07-17,Female,58,Mumbai,Electronics,Smartwatch,1,341.34,0.202,Debit Card,1,341.34,68.95,272.39
ORD103162,CUST1238,2024-11-07,Male,51,Kochi,Electronics,Earbuds,3,32.34,0.103,Debit Card,4,97.02,9.99,87.03
ORD103163,CUST1316,2024-10-13,Female,56,Chennai,Clothing,Kurta,4,281.58,0.243,Net Banking,3,1126.32,273.7,852.62
ORD103164,CUST1518,2024-03-29,Male,53,Hyderabad,Toys,Puzzle,1,231.32,0.288,Credit Card,4,231.32,66.62,164.7
ORD103165,CUST1644,2024-03-21,Male,31,Pune,Toys,Building Blocks,3,102.58,0.221,Net Banking,1,307.74,68.01,239.73
ORD103166,CUST1514,2024-11-27,Male,43,Coimbatore,Toys,Puzzle,2,227.78,0.301,Credit Card,2,455.56,137.12,318.44
ORD103167,CUST1199,2024-08-04,Male,45,Bengaluru,Clothing,Kurta,2,58.1,0.16,Credit Card,1,116.2,18.59,97.61
ORD103168,CUST1822,2024-01-07,Male,33,Coimbatore,Books,Self-Help Book,3,38.25,0.324,UPI,2,114.75,37.18,77.57
ORD103169,CUST1545,2024-06-26,Male,56,Mumbai,Clothing,Kurta,1,347.82,0.244,Credit Card,5,347.82,84.87,262.95
ORD103170,CUST1433,2024-02-09,Male,51,Coimbatore,Toys,Puzzle,4,228.18,0.291,Credit Card,5,912.72,265.6,647.12
ORD103171,CUST1877,2024-01-10,Female,40,Hyderabad,Electronics,Power Bank,2,99.83,0.132,Credit Card,3,199.66,26.36,173.3
ORD103172,CUST1435,2024-03-03,Male,38,Pune,Toys,Remote Car,2,165.76,0.184,Cash on Delivery,1,331.52,61.0,270.52
ORD103173,CUST1161,2024-03-26,Female,52,Bengaluru,Toys,Building Blocks,4,333.28,0.323,UPI,5,1333.12,430.6,902.52
ORD103174,CUST1983,2024-01-27,Male,27,Bengaluru,Electronics,Keyboard,1,161.97,0.065,UPI,1,161.97,10.53,151.44
ORD103175,CUST1382,2024-10-06,Female,27,Pune,Toys,Puzzle,2,316.65,0.171,Credit Card,1,633.3,108.29,525.01
ORD103176,CUST1893,2024-05-26,Female,35,Pune,Clothing,T-Shirt,4,306.05,0.284,Net Banking,3,1224.2,347.67,876.53
ORD103177,CUST1516,2024-07-03,Female,23,Hyderabad,Electronics,Keyboard,2,130.29,0.273,UPI,5,260.58,71.14,189.44
ORD103178,CUST1242,2024-10-16,Male,37,Delhi,Home & Kitchen,Cookware Set,1,248.16,0.305,Cash on Delivery,4,248.16,75.69,172.47
ORD103179,CUST1376,2024-10-07,Male,36,Kochi,Clothing,Jacket,2,236.27,0.272,Credit Card,2,472.54,128.53,344.01
ORD103180,CUST1909,2024-10-01,Male,39,Hyderabad,Sports,Dumbbells,4,273.36,0.334,UPI,3,1093.44,365.21,728.23
ORD103181,CUST1943,2024-03-06,Male,37,Delhi,Electronics,Earbuds,4,137.59,0.199,UPI,1,550.36,109.52,440.84
ORD103182,CUST1137,2024-09-06,Female,56,Bengaluru,Books,Self-Help Book,4,32.5,0.237,Net Banking,2,130.0,30.81,99.19
ORD103183,CUST1986,2024-11-29,Female,29,Delhi,Sports,Football,2,72.3,0.304,Credit Card,4,144.6,43.96,100.64
ORD103184,CUST1852,2024-01-03,Female,35,Kochi,Books,Fiction Book,4,221.55,0.261,Cash on Delivery,3,886.2,231.3,654.9
ORD103185,CUST1647,2024-10-17,Female,49,Pune,Clothing,Jeans,2,274.66,0.081,Cash on Delivery,5,549.32,44.49,504.83
ORD103186,CUST1183,2024-10-17,Female,30,Bengaluru,Clothing,Jeans,4,268.28,0.16,Credit Card,3,1073.12,171.7,901.42
ORD103187,CUST1585,2024-10-08,Male,46,Pune,Beauty,Face Wash,4,210.53,0.216,UPI,5,842.12,181.9,660.22
ORD103188,CUST1425,2024-05-12,Male,59,Mumbai,Electronics,Power Bank,1,43.39,0.276,Credit Card,4,43.39,11.98,31.41
ORD103189,CUST1124,2024-03-07,Female,34,Chennai,Clothing,Jeans,4,20.79,0.213,Credit Card,3,83.16,17.71,65.45
ORD103190,CUST1982,2024-09-02,Female,28,Delhi,Books,Comics,3,277.02,0.283,Debit Card,5,831.06,235.19,595.87
ORD103191,CUST1602,2024-07-27,Male,26,Hyderabad,Books,Academic Book,3,199.04,0.301,Cash on Delivery,5,597.12,179.73,417.39
ORD103192,CUST1096,2024-08-31,Female,18,Kochi,Clothing,Kurta,4,277.21,0.13,Cash on Delivery,2,1108.84,144.15,964.69
ORD103193,CUST1341,2024-03-26,Male,30,Kochi,Sports,Dumbbells,1,69.53,0.235,UPI,2,69.53,16.34,53.19
ORD103194,CUST1838,2024-02-29,Female,54,Pune,Toys,Remote Car,3,151.49,0.217,Debit Card,4,454.47,98.62,355.85
ORD103195,CUST1441,2024-10-29,Female,28,Pune,Toys,Puzzle,1,322.92,0.118,Net Banking,1,322.92,38.1,284.82
ORD103196,CUST1494,2024-06-21,Female,59,Hyderabad,Home & Kitchen,Storage Box,2,72.49,0.197,Net Banking,4,144.98,28.56,116.42
ORD103197,CUST1142,2024-10-12,Female,58,Chennai,Sports,Dumbbells,1,35.61,0.215,Credit Card,3,35.61,7.66,27.95
ORD103198,CUST1110,2024-11-06,Male,47,Chennai,Clothing,Jeans,1,233.91,0.295,Debit Card,4,233.91,69.0,164.91
ORD103199,CUST1976,2024-06-02,Female,60,Mumbai,Books,Academic Book,4,214.17,0.188,UPI,1,856.68,161.06,695.62
ORD103200,CUST1951,2024-03-29,Male,35,Hyderabad,Electronics,Earbuds,2,333.93,0.074,Net Banking,3,667.86,49.42,618.44
ORD103201,CUST1095,2024-10-27,Female,59,Kochi,Beauty,Perfume,2,318.67,0.196,Cash on Delivery,3,637.34,124.92,512.42
ORD103202,CUST1548,2024-08-27,Male,41,Hyderabad,Electronics,Keyboard,2,266.06,0.301,Debit Card,1,532.12,160.17,371.95
ORD103203,CUST1680,2024-08-11,Male,21,Bengaluru,Electronics,Smartwatch,3,21.42,0.221,Cash on Delivery,3,64.26,14.2,50.06
ORD103204,CUST1879,2024-11-16,Male,53,Coimbatore,Toys,Remote Car,3,175.93,0.146,Debit Card,4,527.79,77.06,450.73
ORD103205,CUST1559,2024-03-23,Female,58,Coimbatore,Electronics,Smartwatch,3,315.19,0.326,Net Banking,3,945.57,308.26,637.31
ORD103206,CUST1868,2024-04-30,Female,56,Mumbai,Home & Kitchen,Cookware Set,4,160.27,0.097,Credit Card,4,641.08,62.18,578.9
ORD103207,CUST1120,2024-01-14,Male,35,Chennai,Clothing,Kurta,2,337.32,0.148,Net Banking,2,674.64,99.85,574.79
ORD103208,CUST1014,2024-05-09,Male,22,Chennai,Clothing,Kurta,4,233.58,0.181,Cash on Delivery,4,934.32,169.11,765.21
ORD103209,CUST1464,2024-05-29,Female,43,Delhi,Clothing,Kurta,4,51.67,0.271,Credit Card,2,206.68,56.01,150.67
ORD103210,CUST1264,2024-05-31,Female,55,Coimbatore,Clothing,Jeans,3,185.61,0.301,Cash on Delivery,2,556.83,167.61,389.22
ORD103211,CUST1754,2024-02-20,Male,54,Mumbai,Home & Kitchen,Storage Box,1,248.03,0.068,Credit Card,1,248.03,16.87,231.16
ORD103212,CUST1336,2024-09-28,Female,44,Chennai,Toys,Building Blocks,2,36.9,0.288,Cash on Delivery,1,73.8,21.25,52.55
ORD103213,CUST1406,2024-06-12,Male,51,Hyderabad,Beauty,Shampoo,3,130.46,0.266,Cash on Delivery,1,391.38,104.11,287.27
ORD103214,CUST1534,2024-05-27,Female,19,Chennai,Toys,Puzzle,2,255.22,0.318,UPI,1,510.44,162.32,348.12
ORD103215,CUST1960,2024-10-16,Female,44,Mumbai,Clothing,Kurta,2,67.62,0.32,Cash on Delivery,4,135.24,43.28,91.96
ORD103216,CUST1071,2024-06-11,Male,22,Mumbai,Beauty,Perfume,2,131.69,0.283,Debit Card,2,263.38,74.54,188.84
ORD103217,CUST1552,2024-10-25,Female,50,Pune,Home & Kitchen,Cookware Set,1,246.12,0.107,Net Banking,2,246.12,26.33,219.79
ORD103218,CUST1388,2024-03-15,Female,19,Chennai,Clothing,Kurta,1,274.81,0.144,UPI,1,274.81,39.57,235.24
ORD103219,CUST1035,2024-10-11,Male,43,Mumbai,Books,Fiction Book,4,188.7,0.331,Credit Card,3,754.8,249.84,504.96
ORD103220,CUST1813,2024-11-27,Male,58,Bengaluru,Home & Kitchen,Storage Box,1,335.55,0.229,Cash on Delivery,2,335.55,76.84,258.71
ORD103221,CUST1913,2024-09-08,Male,22,Mumbai,Books,Self-Help Book,4,324.99,0.212,Net Banking,2,1299.96,275.59,1024.37
ORD103222,CUST1173,2024-10-25,Male,36,Kochi,Beauty,Perfume,2,173.6,0.325,UPI,1,347.2,112.84,234.36
ORD103223,CUST1758,2024-09-04,Female,19,Pune,Beauty,Shampoo,4,68.69,0.312,Credit Card,3,274.76,85.73,189.03
ORD103224,CUST1700,2024-07-20,Male,48,Coimbatore,Toys,Board Game,2,273.93,0.268,Net Banking,2,547.86,146.83,401.03
ORD103225,CUST1704,2024-09-12,Female,57,Chennai,Clothing,Jacket,4,96.45,0.315,Cash on Delivery,4,385.8,121.53,264.27
ORD103226,CUST1459,2024-11-17,Male,18,Coimbatore,Beauty,Perfume,3,297.35,0.084,UPI,5,892.05,74.93,817.12
ORD103227,CUST1319,2024-07-21,Male,41,Coimbatore,Toys,Board Game,4,211.69,0.277,UPI,3,846.76,234.55,612.21
ORD103228,CUST1070,2024-08-18,Female,52,Pune,Books,Comics,1,147.02,0.34,Debit Card,3,147.02,49.99,97.03
ORD103229,CUST1034,2024-01-27,Female,19,Coimbatore,Toys,Puzzle,4,201.39,0.065,Credit Card,5,805.56,52.36,753.2
ORD103230,CUST1177,2024-11-17,Male,38,Chennai,Sports,Yoga Mat,2,193.49,0.117,Debit Card,2,386.98,45.28,341.7
ORD103231,CUST1527,2024-09-17,Male,23,Pune,Sports,Dumbbells,2,324.79,0.288,UPI,1,649.58,187.08,462.5
ORD103232,CUST1140,2024-02-24,Female,57,Coimbatore,Clothing,Kurta,1,86.81,0.206,UPI,4,86.81,17.88,68.93
ORD103233,CUST1685,2024-04-07,Male,39,Bengaluru,Sports,Dumbbells,4,325.93,0.076,UPI,4,1303.72,99.08,1204.64
ORD103234,CUST1619,2024-03-16,Male,40,Mumbai,Clothing,Jacket,3,25.5,0.13,Net Banking,3,76.5,9.94,66.56
ORD103235,CUST1344,2024-04-17,Male,60,Mumbai,Books,Comics,4,272.68,0.147,Cash on Delivery,2,1090.72,160.34,930.38
ORD103236,CUST1087,2024-10-23,Female,51,Chennai,Clothing,Jacket,3,323.09,0.146,Net Banking,1,969.27,141.51,827.76
ORD103237,CUST1516,2024-06-04,Female,31,Bengaluru,Electronics,Keyboard,1,147.01,0.313,Net Banking,3,147.01,46.01,101.0
ORD103238,CUST1822,2024-05-20,Male,45,Hyderabad,Books,Fiction Book,2,39.48,0.249,Debit Card,3,78.96,19.66,59.3
ORD103239,CUST1393,2024-09-17,Female,30,Chennai,Home & Kitchen,Mixer,2,284.56,0.27,Cash on Delivery,3,569.12,153.66,415.46
ORD103240,CUST1805,2024-05-04,Female,40,Delhi,Home & Kitchen,Mixer,1,297.36,0.054,Net Banking,2,297.36,16.06,281.3
ORD103241,CUST1285,2024-10-23,Female,52,Chennai,Electronics,Power Bank,4,127.65,0.178,Cash on Delivery,1,510.6,90.89,419.71
ORD103242,CUST1079,2024-09-09,Male,58,Chennai,Sports,Dumbbells,4,188.73,0.145,Cash on Delivery,3,754.92,109.46,645.46
ORD103243,CUST1649,2024-03-27,Male,58,Pune,Electronics,Smartwatch,3,286.17,0.306,UPI,4,858.51,262.7,595.81
ORD103244,CUST1887,2024-07-30,Female,39,Hyderabad,Home & Kitchen,Storage Box,3,79.33,0.336,Net Banking,1,237.99,79.96,158.03
ORD103245,CUST1882,2024-06-10,Female,56,Mumbai,Clothing,Kurta,3,225.71,0.177,UPI,1,677.13,119.85,557.28
ORD103246,CUST1958,2024-04-25,Female,56,Hyderabad,Sports,Dumbbells,3,159.26,0.342,Net Banking,3,477.78,163.4,314.38
ORD103247,CUST1107,2024-10-30,Male,41,Mumbai,Home & Kitchen,Cookware Set,1,73.43,0.054,UPI,1,73.43,3.97,69.46
ORD103248,CUST1043,2024-05-13,Female,19,Mumbai,Beauty,Moisturizer,3,293.53,0.148,Debit Card,1,880.59,130.33,750.26
ORD103249,CUST1568,2024-02-09,Male,23,Bengaluru,Electronics,Power Bank,4,123.77,0.282,UPI,4,495.08,139.61,355.47
ORD103250,CUST1949,2024-05-16,Male,46,Chennai,Sports,Cricket Bat,4,328.03,0.158,Net Banking,2,1312.12,207.31,1104.81
ORD103251,CUST1996,2024-06-22,Male,53,Mumbai,Electronics,Power Bank,3,205.59,0.326,Net Banking,3,616.77,201.07,415.7
ORD103252,CUST1279,2024-02-12,Female,57,Delhi,Sports,Cricket Bat,4,187.36,0.116,Debit Card,4,749.44,86.94,662.5
ORD103253,CUST1374,2024-09-05,Male,28,Coimbatore,Books,Fiction Book,3,156.81,0.289,Net Banking,1,470.43,135.95,334.48
ORD103254,CUST1664,2024-03-17,Female,56,Bengaluru,Sports,Dumbbells,2,149.22,0.111,Cash on Delivery,2,298.44,33.13,265.31
ORD103255,CUST1912,2024-01-31,Male,53,Chennai,Clothing,Jacket,2,289.02,0.109,Net Banking,2,578.04,63.01,515.03
ORD103256,CUST1174,2024-06-29,Female,38,Delhi,Beauty,Shampoo,3,241.96,0.184,Cash on Delivery,3,725.88,133.56,592.32
ORD103257,CUST1974,2024-02-23,Female,34,Kochi,Clothing,Kurta,4,274.19,0.333,Credit Card,3,1096.76,365.22,731.54
ORD103258,CUST1816,2024-09-18,Female,38,Bengaluru,Home & Kitchen,Storage Box,1,156.06,0.226,Cash on Delivery,1,156.06,35.27,120.79
ORD103259,CUST1068,2024-01-23,Female,47,Chennai,Sports,Football,2,102.58,0.241,Credit Card,3,205.16,49.44,155.72
ORD103260,CUST1841,2024-05-20,Female,52,Mumbai,Clothing,Jacket,3,44.1,0.053,Debit Card,4,132.3,7.01,125.29
ORD103261,CUST1640,2024-01-18,Female,25,Delhi,Clothing,Jacket,4,275.18,0.067,Credit Card,5,1100.72,73.75,1026.97
ORD103262,CUST1977,2024-05-08,Female,32,Delhi,Toys,Puzzle,2,154.12,0.07,UPI,3,308.24,21.58,286.66
ORD103263,CUST1209,2024-11-08,Male,23,Chennai,Clothing,Jacket,3,185.59,0.296,Net Banking,4,556.77,164.8,391.97
ORD103264,CUST1991,2024-08-05,Female,58,Pune,Sports,Yoga Mat,1,172.23,0.121,Debit Card,5,172.23,20.84,151.39
ORD103265,CUST1047,2024-06-28,Male,35,Hyderabad,Home & Kitchen,Mixer,2,159.43,0.149,UPI,4,318.86,47.51,271.35
ORD103266,CUST1075,2024-02-22,Male,28,Chennai,Books,Comics,4,244.11,0.233,Cash on Delivery,3,976.44,227.51,748.93
ORD103267,CUST1447,2024-04-14,Male,26,Kochi,Books,Self-Help Book,3,218.93,0.225,Cash on Delivery,3,656.79,147.78,509.01
ORD103268,CUST1657,2024-05-07,Male,21,Delhi,Beauty,Shampoo,4,340.64,0.173,UPI,5,1362.56,235.72,1126.84
ORD103269,CUST1166,2024-07-12,Male,38,Hyderabad,Electronics,Power Bank,1,61.53,0.051,Debit Card,4,61.53,3.14,58.39
ORD103270,CUST1272,2024-03-10,Female,51,Coimbatore,Clothing,Kurta,2,207.13,0.185,Credit Card,2,414.26,76.64,337.62
ORD103271,CUST1389,2024-11-30,Female,31,Coimbatore,Electronics,Power Bank,4,36.19,0.272,Cash on Delivery,3,144.76,39.37,105.39
ORD103272,CUST1125,2024-08-06,Female,35,Bengaluru,Toys,Remote Car,4,285.65,0.121,UPI,4,1142.6,138.25,1004.35
ORD103273,CUST1175,2024-04-14,Male,45,Kochi,Toys,Puzzle,4,221.46,0.263,Debit Card,3,885.84,232.98,652.86
ORD103274,CUST1148,2024-02-07,Male,33,Delhi,Toys,Board Game,2,158.51,0.055,Debit Card,3,317.02,17.44,299.58
ORD103275,CUST1953,2024-07-18,Male,49,Hyderabad,Toys,Remote Car,4,283.75,0.322,Net Banking,4,1135.0,365.47,769.53
ORD103276,CUST1935,2024-05-30,Male,31,Mumbai,Beauty,Face Wash,2,167.43,0.335,UPI,2,334.86,112.18,222.68
ORD103277,CUST1627,2024-08-13,Male,37,Bengaluru,Sports,Yoga Mat,4,91.31,0.051,UPI,4,365.24,18.63,346.61
ORD103278,CUST1682,2024-07-18,Male,60,Coimbatore,Sports,Yoga Mat,4,173.29,0.187,Credit Card,4,693.16,129.62,563.54
ORD103279,CUST1136,2024-08-02,Female,53,Hyderabad,Home & Kitchen,Bedsheet,2,38.73,0.174,Net Banking,5,77.46,13.48,63.98
ORD103280,CUST1050,2024-10-06,Male,42,Mumbai,Clothing,T-Shirt,2,315.78,0.303,UPI,5,631.56,191.36,440.2
ORD103281,CUST1376,2024-06-24,Male,34,Chennai,Toys,Remote Car,4,259.87,0.212,Debit Card,4,1039.48,220.37,819.11
ORD103282,CUST1983,2024-08-30,Female,60,Kochi,Clothing,Jacket,2,269.71,0.233,UPI,4,539.42,125.68,413.74
ORD103283,CUST1477,2024-04-30,Male,37,Hyderabad,Books,Fiction Book,2,307.96,0.111,UPI,4,615.92,68.37,547.55
ORD103284,CUST1807,2024-11-11,Female,32,Pune,Clothing,Jacket,3,280.18,0.073,UPI,2,840.54,61.36,779.18
ORD103285,CUST1369,2024-05-16,Female,43,Hyderabad,Books,Comics,4,159.67,0.258,Debit Card,5,638.68,164.78,473.9
ORD103286,CUST1308,2024-08-15,Male,35,Delhi,Toys,Remote Car,1,54.74,0.236,UPI,3,54.74,12.92,41.82
ORD103287,CUST1811,2024-11-30,Female,56,Delhi,Toys,Remote Car,4,140.08,0.3,UPI,5,560.32,168.1,392.22
ORD103288,CUST1470,2024-04-26,Male,27,Hyderabad,Home & Kitchen,Storage Box,2,327.92,0.303,Debit Card,2,655.84,198.72,457.12
ORD103289,CUST1731,2024-02-04,Male,20,Mumbai,Clothing,T-Shirt,1,332.95,0.239,Cash on Delivery,2,332.95,79.58,253.37
ORD103290,CUST1725,2024-03-18,Male,36,Delhi,Home & Kitchen,Cookware Set,2,272.24,0.212,Debit Card,4,544.48,115.43,429.05
ORD103291,CUST1726,2024-03-22,Female,58,Bengaluru,Home & Kitchen,Storage Box,2,83.48,0.324,Credit Card,3,166.96,54.1,112.86
ORD103292,CUST1675,2024-01-19,Female,20,Bengaluru,Beauty,Shampoo,3,80.14,0.29,Net Banking,3,240.42,69.72,170.7
ORD103293,CUST1808,2024-07-01,Female,52,Bengaluru,Toys,Building Blocks,3,309.72,0.315,UPI,2,929.16,292.69,636.47
ORD103294,CUST1462,2024-04-02,Female,18,Mumbai,Sports,Dumbbells,1,62.54,0.349,Credit Card,2,62.54,21.83,40.71
ORD103295,CUST1302,2024-02-02,Female,41,Bengaluru,Sports,Football,2,210.69,0.171,Credit Card,4,421.38,72.06,349.32
ORD103296,CUST1511,2024-02-15,Male,37,Hyderabad,Electronics,Smartwatch,1,141.71,0.265,UPI,1,141.71,37.55,104.16
ORD103297,CUST1324,2024-04-01,Male,24,Pune,Beauty,Perfume,2,116.17,0.256,Cash on Delivery,1,232.34,59.48,172.86
ORD103298,CUST1043,2024-05-03,Male,50,Pune,Sports,Cricket Bat,3,241.92,0.102,Credit Card,5,725.76,74.03,651.73
ORD103299,CUST1361,2024-11-22,Female,25,Kochi,Sports,Dumbbells,4,336.46,0.241,Debit Card,5,1345.84,324.35,1021.49
ORD103300,CUST1500,2024-08-23,Female,36,Coimbatore,Clothing,Jeans,1,275.51,0.178,Debit Card,1,275.51,49.04,226.47
ORD103301,CUST1519,2024-08-27,Female,42,Mumbai,Electronics,Smartwatch,3,177.86,0.185,Debit Card,1,533.58,98.71,434.87
ORD103302,CUST1339,2024-08-19,Female,40,Kochi,Home & Kitchen,Storage Box,2,162.64,0.104,Credit Card,2,325.28,33.83,291.45
ORD103303,CUST1724,2024-09-26,Male,19,Kochi,Books,Comics,2,319.07,0.273,Credit Card,3,638.14,174.21,463.93
ORD103304,CUST1284,2024-04-16,Female,37,Bengaluru,Electronics,Smartwatch,3,208.67,0.259,UPI,1,626.01,162.14,463.87
ORD103305,CUST1646,2024-02-03,Male,46,Bengaluru,Beauty,Perfume,1,181.37,0.21,Cash on Delivery,5,181.37,38.09,143.28
ORD103306,CUST1269,2024-06-19,Male,40,Kochi,Clothing,Jeans,4,243.75,0.097,Cash on Delivery,3,975.0,94.58,880.42
ORD103307,CUST1985,2024-01-01,Male,49,Kochi,Clothing,Jeans,2,94.45,0.217,UPI,3,188.9,40.99,147.91
ORD103308,CUST1648,2024-03-13,Female,51,Coimbatore,Clothing,Jacket,1,36.35,0.08,UPI,1,36.35,2.91,33.44
ORD103309,CUST1556,2024-09-09,Male,25,Mumbai,Toys,Remote Car,4,301.46,0.152,Cash on Delivery,2,1205.84,183.29,1022.55
ORD103310,CUST1428,2024-06-17,Female,52,Coimbatore,Clothing,Jeans,4,218.43,0.162,Cash on Delivery,4,873.72,141.54,732.18
ORD103311,CUST1755,2024-08-19,Male,56,Coimbatore,Electronics,Earbuds,3,70.23,0.315,Cash on Delivery,4,210.69,66.37,144.32
ORD103312,CUST1425,2024-06-19,Female,54,Pune,Electronics,Smartwatch,3,114.85,0.175,Debit Card,2,344.55,60.3,284.25
ORD103313,CUST1802,2024-06-30,Female,54,Delhi,Sports,Football,1,346.63,0.23,Debit Card,3,346.63,79.72,266.91
ORD103314,CUST1159,2024-04-10,Male,27,Hyderabad,Toys,Building Blocks,2,227.53,0.312,Net Banking,1,455.06,141.98,313.08
ORD103315,CUST1819,2024-03-14,Male,46,Pune,Books,Fiction Book,2,228.1,0.178,Net Banking,3,456.2,81.2,375.0
ORD103316,CUST1960,2024-03-27,Male,37,Kochi,Clothing,Kurta,4,39.17,0.315,UPI,2,156.68,49.35,107.33
ORD103317,CUST1242,2024-09-24,Male,60,Kochi,Beauty,Face Wash,2,339.61,0.091,UPI,5,679.22,61.81,617.41
ORD103318,CUST1223,2024-11-24,Male,53,Delhi,Clothing,Jeans,3,314.08,0.159,UPI,2,942.24,149.82,792.42
ORD103319,CUST1953,2024-01-28,Female,24,Chennai,Clothing,Kurta,2,198.51,0.078,UPI,3,397.02,30.97,366.05
ORD103320,CUST1405,2024-06-28,Female,58,Pune,Home & Kitchen,Storage Box,3,118.65,0.218,Cash on Delivery,4,355.95,77.6,278.35
ORD103321,CUST1694,2024-06-06,Female,47,Hyderabad,Clothing,Jeans,1,248.85,0.337,Debit Card,1,248.85,83.86,164.99
ORD103322,CUST1190,2024-07-07,Female,41,Bengaluru,Home & Kitchen,Cookware Set,3,294.18,0.247,Credit Card,2,882.54,217.99,664.55
ORD103323,CUST1427,2024-03-19,Male,37,Chennai,Toys,Board Game,1,278.35,0.238,Net Banking,5,278.35,66.25,212.1
ORD103324,CUST1702,2024-01-03,Male,39,Bengaluru,Beauty,Shampoo,3,342.31,0.133,Credit Card,4,1026.93,136.58,890.35
ORD103325,CUST1893,2024-03-09,Male,51,Mumbai,Toys,Board Game,1,228.35,0.329,Cash on Delivery,2,228.35,75.13,153.22
ORD103326,CUST1435,2024-03-01,Female,50,Hyderabad,Beauty,Perfume,4,122.61,0.191,Cash on Delivery,3,490.44,93.67,396.77
ORD103327,CUST1075,2024-01-18,Female,41,Mumbai,Home & Kitchen,Storage Box,4,181.81,0.13,UPI,5,727.24,94.54,632.7
ORD103328,CUST1413,2024-04-29,Female,60,Delhi,Beauty,Face Wash,3,288.47,0.346,UPI,1,865.41,299.43,565.98
ORD103329,CUST1642,2024-08-17,Female,27,Delhi,Sports,Yoga Mat,4,103.89,0.177,Cash on Delivery,2,415.56,73.55,342.01
ORD103330,CUST1874,2024-11-19,Male,36,Mumbai,Books,Fiction Book,4,92.52,0.161,Credit Card,2,370.08,59.58,310.5
ORD103331,CUST1833,2024-08-08,Female,43,Mumbai,Electronics,Keyboard,1,257.82,0.06,Debit Card,4,257.82,15.47,242.35
ORD103332,CUST1758,2024-02-28,Female,25,Kochi,Books,Fiction Book,3,163.88,0.103,Debit Card,3,491.64,50.64,441.0
ORD103333,CUST1165,2024-05-01,Female,39,Hyderabad,Clothing,Kurta,2,288.55,0.293,Debit Card,3,577.1,169.09,408.01
ORD103334,CUST1519,2024-04-11,Female,53,Chennai,Books,Academic Book,4,63.13,0.195,Net Banking,2,252.52,49.24,203.28
ORD103335,CUST1575,2024-03-12,Male,47,Coimbatore,Home & Kitchen,Storage Box,4,127.46,0.336,Net Banking,2,509.84,171.31,338.53
ORD103336,CUST1468,2024-11-27,Male,48,Chennai,Home & Kitchen,Bedsheet,4,104.81,0.075,Credit Card,3,419.24,31.44,387.8
ORD103337,CUST1922,2024-08-07,Female,24,Coimbatore,Sports,Dumbbells,2,248.79,0.235,Net Banking,4,497.58,116.93,380.65
ORD103338,CUST1958,2024-06-10,Female,24,Hyderabad,Electronics,Smartwatch,1,269.38,0.266,Cash on Delivery,5,269.38,71.66,197.72
ORD103339,CUST1210,2024-05-26,Female,37,Coimbatore,Books,Fiction Book,1,167.76,0.236,Credit Card,4,167.76,39.59,128.17
ORD103340,CUST1955,2024-04-16,Male,31,Bengaluru,Sports,Yoga Mat,1,175.14,0.209,Net Banking,1,175.14,36.6,138.54
ORD103341,CUST1845,2024-05-19,Male,18,Bengaluru,Home & Kitchen,Mixer,4,59.23,0.223,Net Banking,3,236.92,52.83,184.09
ORD103342,CUST1704,2024-07-31,Female,41,Mumbai,Beauty,Perfume,3,250.11,0.257,UPI,2,750.33,192.83,557.5
ORD103343,CUST1381,2024-11-06,Female,50,Mumbai,Books,Self-Help Book,2,347.43,0.309,Net Banking,5,694.86,214.71,480.15
ORD103344,CUST1759,2024-06-15,Female,49,Pune,Clothing,Jacket,2,275.6,0.151,Debit Card,3,551.2,83.23,467.97
ORD103345,CUST1585,2024-03-02,Male,22,Pune,Sports,Yoga Mat,1,89.74,0.188,Cash on Delivery,2,89.74,16.87,72.87
ORD103346,CUST1898,2024-11-16,Female,51,Kochi,Toys,Building Blocks,3,223.75,0.241,Credit Card,2,671.25,161.77,509.48
ORD103347,CUST1710,2024-04-15,Male,34,Pune,Beauty,Moisturizer,2,113.81,0.144,Debit Card,1,227.62,32.78,194.84
ORD103348,CUST1963,2024-01-28,Female,24,Bengaluru,Toys,Building Blocks,4,25.11,0.104,Net Banking,3,100.44,10.45,89.99
ORD103349,CUST1418,2024-07-01,Male,38,Chennai,Beauty,Moisturizer,1,75.24,0.34,Credit Card,2,75.24,25.58,49.66
ORD103350,CUST1082,2024-09-21,Male,27,Hyderabad,Home & Kitchen,Storage Box,4,49.37,0.108,Credit Card,3,197.48,21.33,176.15
ORD103351,CUST1491,2024-03-27,Female,46,Kochi,Clothing,Jeans,1,80.64,0.12,UPI,2,80.64,9.68,70.96
ORD103352,CUST1996,2024-04-03,Male,49,Coimbatore,Clothing,Kurta,2,281.53,0.236,UPI,3,563.06,132.88,430.18
ORD103353,CUST1654,2024-04-06,Male,49,Pune,Clothing,Jeans,2,113.1,0.073,UPI,4,226.2,16.51,209.69
ORD103354,CUST1702,2024-09-27,Female,22,Hyderabad,Home & Kitchen,Mixer,3,268.61,0.06,Net Banking,4,805.83,48.35,757.48
ORD103355,CUST1624,2024-11-16,Female,32,Mumbai,Sports,Football,3,332.87,0.069,Net Banking,5,998.61,68.9,929.71
ORD103356,CUST1592,2024-10-10,Male,39,Pune,Home & Kitchen,Mixer,1,207.38,0.087,Debit Card,1,207.38,18.04,189.34
ORD103357,CUST1061,2024-03-16,Female,60,Kochi,Sports,Yoga Mat,2,177.61,0.179,UPI,1,355.22,63.58,291.64
ORD103358,CUST1412,2024-10-11,Female,41,Delhi,Sports,Dumbbells,3,266.29,0.299,UPI,3,798.87,238.86,560.01
ORD103359,CUST1086,2024-04-13,Male,46,Chennai,Toys,Building Blocks,2,47.53,0.153,Credit Card,3,95.06,14.54,80.52
ORD103360,CUST1336,2024-10-17,Male,32,Coimbatore,Toys,Puzzle,1,158.45,0.178,Debit Card,4,158.45,28.2,130.25
ORD103361,CUST1719,2024-11-28,Female,30,Kochi,Home & Kitchen,Bedsheet,1,182.11,0.23,UPI,2,182.11,41.89,140.22
ORD103362,CUST1803,2024-08-28,Male,52,Chennai,Home & Kitchen,Storage Box,3,293.4,0.141,Net Banking,3,880.2,124.11,756.09
ORD103363,CUST1223,2024-11-15,Female,53,Mumbai,Toys,Remote Car,2,287.76,0.18,Debit Card,4,575.52,103.59,471.93
ORD103364,CUST1653,2024-02-17,Female,20,Kochi,Toys,Building Blocks,3,299.17,0.166,Cash on Delivery,4,897.51,148.99,748.52
ORD103365,CUST1226,2024-08-07,Female,41,Kochi,Home & Kitchen,Mixer,1,248.79,0.153,Net Banking,3,248.79,38.06,210.73
ORD103366,CUST1200,2024-01-18,Female,51,Kochi,Home & Kitchen,Bedsheet,3,192.74,0.167,Credit Card,3,578.22,96.56,481.66
ORD103367,CUST1959,2024-08-06,Female,24,Kochi,Toys,Remote Car,1,292.34,0.053,Cash on Delivery,1,292.34,15.49,276.85
ORD103368,CUST1609,2024-04-24,Female,45,Chennai,Toys,Remote Car,3,307.55,0.316,UPI,3,922.65,291.56,631.09
ORD103369,CUST1197,2024-11-20,Female,38,Bengaluru,Clothing,Kurta,4,175.96,0.343,Credit Card,3,703.84,241.42,462.42
ORD103370,CUST1141,2024-06-14,Female,39,Mumbai,Sports,Yoga Mat,2,345.2,0.309,Net Banking,1,690.4,213.33,477.07
ORD103371,CUST1049,2024-09-12,Female,43,Delhi,Electronics,Smartwatch,1,308.06,0.052,Debit Card,5,308.06,16.02,292.04
ORD103372,CUST1496,2024-04-11,Male,55,Mumbai,Clothing,T-Shirt,1,186.01,0.275,Credit Card,4,186.01,51.15,134.86
ORD103373,CUST1101,2024-01-26,Male,21,Hyderabad,Electronics,Keyboard,2,38.21,0.222,Credit Card,4,76.42,16.97,59.45
ORD103374,CUST1582,2024-09-05,Female,26,Hyderabad,Books,Academic Book,1,90.2,0.078,UPI,3,90.2,7.04,83.16
ORD103375,CUST1433,2024-03-15,Female,32,Delhi,Sports,Dumbbells,4,275.09,0.33,Net Banking,5,1100.36,363.12,737.24
ORD103376,CUST1635,2024-08-30,Female,52,Kochi,Home & Kitchen,Mixer,4,52.24,0.283,Credit Card,1,208.96,59.14,149.82
ORD103377,CUST1207,2024-06-04,Male,43,Coimbatore,Clothing,T-Shirt,4,172.38,0.094,Debit Card,5,689.52,64.81,624.71
ORD103378,CUST1145,2024-11-21,Female,26,Bengaluru,Electronics,Keyboard,4,217.63,0.339,Credit Card,2,870.52,295.11,575.41
ORD103379,CUST1100,2024-04-28,Female,19,Bengaluru,Sports,Dumbbells,3,309.25,0.088,UPI,5,927.75,81.64,846.11
ORD103380,CUST1095,2024-05-14,Male,60,Hyderabad,Electronics,Earbuds,2,298.78,0.186,Cash on Delivery,1,597.56,111.15,486.41
ORD103381,CUST1072,2024-09-05,Male,23,Pune,Books,Self-Help Book,2,271.03,0.098,Credit Card,2,542.06,53.12,488.94
ORD103382,CUST1258,2024-09-20,Female,19,Chennai,Electronics,Power Bank,2,151.58,0.095,UPI,3,303.16,28.8,274.36
ORD103383,CUST1799,2024-02-12,Male,35,Pune,Electronics,Smartwatch,4,62.65,0.34,UPI,4,250.6,85.2,165.4
ORD103384,CUST1606,2024-09-05,Male,41,Delhi,Sports,Dumbbells,2,239.33,0.222,Credit Card,1,478.66,106.26,372.4
ORD103385,CUST1250,2024-06-13,Female,29,Pune,Books,Academic Book,2,75.73,0.128,Credit Card,2,151.46,19.39,132.07
ORD103386,CUST1930,2024-11-27,Female,25,Coimbatore,Toys,Remote Car,3,203.04,0.283,Credit Card,5,609.12,172.38,436.74
ORD103387,CUST1760,2024-07-30,Male,21,Delhi,Sports,Football,2,343.53,0.313,Debit Card,1,687.06,215.05,472.01
ORD103388,CUST1778,2024-09-16,Male,35,Delhi,Electronics,Keyboard,2,199.35,0.325,Credit Card,5,398.7,129.58,269.12
ORD103389,CUST1897,2024-04-25,Female,58,Mumbai,Sports,Dumbbells,1,231.26,0.33,Cash on Delivery,4,231.26,76.32,154.94
ORD103390,CUST1744,2024-04-04,Female,24,Pune,Books,Comics,1,241.99,0.322,Credit Card,5,241.99,77.92,164.07
ORD103391,CUST1955,2024-09-20,Male,42,Mumbai,Clothing,Jeans,1,293.18,0.242,UPI,5,293.18,70.95,222.23
ORD103392,CUST1329,2024-01-06,Female,26,Chennai,Toys,Board Game,2,160.72,0.153,Credit Card,2,321.44,49.18,272.26
ORD103393,CUST1855,2024-07-13,Male,46,Chennai,Electronics,Keyboard,4,181.67,0.328,UPI,5,726.68,238.35,488.33
ORD103394,CUST1111,2024-11-20,Female,20,Pune,Clothing,Jacket,2,73.95,0.087,Debit Card,3,147.9,12.87,135.03
ORD103395,CUST1299,2024-11-28,Female,26,Pune,Beauty,Moisturizer,3,220.92,0.101,Cash on Delivery,2,662.76,66.94,595.82
ORD103396,CUST1891,2024-08-27,Female,18,Mumbai,Electronics,Smartwatch,2,114.08,0.18,Credit Card,5,228.16,41.07,187.09
ORD103397,CUST1133,2024-06-15,Male,45,Pune,Clothing,Jacket,2,185.05,0.135,Credit Card,3,370.1,49.96,320.14
ORD103398,CUST1500,2024-09-29,Female,48,Mumbai,Clothing,Jeans,1,271.8,0.235,UPI,4,271.8,63.87,207.93
ORD103399,CUST1340,2024-01-05,Male,25,Hyderabad,Toys,Puzzle,3,20.89,0.322,UPI,4,62.67,20.18,42.49
ORD103400,CUST1100,2024-09-22,Male,37,Delhi,Toys,Board Game,3,203.91,0.197,Cash on Delivery,2,611.73,120.51,491.22
ORD103401,CUST1235,2024-03-04,Female,30,Mumbai,Clothing,Jeans,2,73.1,0.216,UPI,5,146.2,31.58,114.62
ORD103402,CUST1534,2024-09-03,Female,19,Kochi,Beauty,Shampoo,3,108.59,0.177,Debit Card,5,325.77,57.66,268.11
ORD103403,CUST1630,2024-04-26,Male,19,Pune,Sports,Cricket Bat,2,26.63,0.262,UPI,3,53.26,13.95,39.31
ORD103404,CUST1674,2024-09-08,Female,58,Pune,Electronics,Earbuds,2,71.77,0.08,Debit Card,3,143.54,11.48,132.06
ORD103405,CUST1131,2024-07-21,Female,45,Pune,Electronics,Power Bank,3,345.52,0.065,Credit Card,1,1036.56,67.38,969.18
ORD103406,CUST1319,2024-11-07,Male,46,Pune,Beauty,Face Wash,3,349.51,0.242,Net Banking,4,1048.53,253.74,794.79
ORD103407,CUST1104,2024-09-20,Male,30,Coimbatore,Sports,Dumbbells,1,256.15,0.21,Net Banking,5,256.15,53.79,202.36
ORD103408,CUST1009,2024-11-02,Male,29,Mumbai,Books,Comics,2,219.97,0.172,UPI,5,439.94,75.67,364.27
ORD103409,CUST1390,2024-02-20,Female,52,Coimbatore,Sports,Yoga Mat,2,275.3,0.15,UPI,3,550.6,82.59,468.01
ORD103410,CUST1620,2024-05-07,Female,36,Chennai,Clothing,Kurta,4,315.35,0.066,Credit Card,5,1261.4,83.25,1178.15
ORD103411,CUST1370,2024-05-26,Female,22,Pune,Toys,Puzzle,2,188.97,0.254,Net Banking,4,377.94,96.0,281.94
ORD103412,CUST1040,2024-01-11,Male,39,Delhi,Clothing,Kurta,4,26.82,0.176,Credit Card,3,107.28,18.88,88.4
ORD103413,CUST1219,2024-01-08,Male,40,Chennai,Sports,Cricket Bat,3,252.65,0.184,Credit Card,5,757.95,139.46,618.49
ORD103414,CUST1432,2024-01-13,Female,42,Pune,Clothing,Jeans,1,344.84,0.318,Credit Card,1,344.84,109.66,235.18
ORD103415,CUST1355,2024-09-14,Male,41,Chennai,Home & Kitchen,Storage Box,2,101.45,0.271,UPI,4,202.9,54.99,147.91
ORD103416,CUST1823,2024-05-29,Female,54,Pune,Books,Comics,4,170.26,0.116,Net Banking,4,681.04,79.0,602.04
ORD103417,CUST1597,2024-09-08,Male,28,Delhi,Toys,Building Blocks,2,136.03,0.247,Credit Card,3,272.06,67.2,204.86
ORD103418,CUST1997,2024-10-06,Female,43,Delhi,Beauty,Perfume,3,145.81,0.09,Cash on Delivery,4,437.43,39.37,398.06
ORD103419,CUST1175,2024-01-13,Male,56,Delhi,Clothing,T-Shirt,4,256.67,0.108,Debit Card,5,1026.68,110.88,915.8
ORD103420,CUST1369,2024-10-10,Male,60,Hyderabad,Beauty,Moisturizer,3,141.77,0.264,Debit Card,3,425.31,112.28,313.03
ORD103421,CUST1087,2024-03-16,Male,59,Delhi,Electronics,Keyboard,1,330.26,0.088,Debit Card,2,330.26,29.06,301.2
ORD103422,CUST1020,2024-05-15,Male,49,Bengaluru,Home & Kitchen,Cookware Set,2,279.54,0.134,Net Banking,3,559.08,74.92,484.16
ORD103423,CUST1923,2024-11-18,Female,22,Coimbatore,Toys,Puzzle,2,24.26,0.319,Debit Card,3,48.52,15.48,33.04
ORD103424,CUST1492,2024-04-11,Female,60,Chennai,Home & Kitchen,Bedsheet,2,289.21,0.271,Net Banking,3,578.42,156.75,421.67
ORD103425,CUST1659,2024-11-10,Female,19,Bengaluru,Books,Comics,4,273.91,0.329,UPI,2,1095.64,360.47,735.17
ORD103426,CUST1275,2024-06-18,Male,41,Pune,Sports,Cricket Bat,1,188.03,0.315,Cash on Delivery,3,188.03,59.23,128.8
ORD103427,CUST1051,2024-01-05,Female,37,Chennai,Clothing,Jacket,3,181.43,0.144,Debit Card,2,544.29,78.38,465.91
ORD103428,CUST1891,2024-10-05,Female,47,Kochi,Electronics,Keyboard,4,294.9,0.24,Net Banking,5,1179.6,283.1,896.5
ORD103429,CUST1657,2024-01-15,Male,51,Chennai,Electronics,Earbuds,4,157.3,0.164,Credit Card,3,629.2,103.19,526.01
ORD103430,CUST1710,2024-08-01,Male,49,Delhi,Beauty,Shampoo,3,68.42,0.259,Cash on Delivery,5,205.26,53.16,152.1
ORD103431,CUST1532,2024-06-02,Male,27,Kochi,Sports,Football,4,119.82,0.155,Net Banking,2,479.28,74.29,404.99
ORD103432,CUST1403,2024-02-16,Male,50,Pune,Sports,Football,2,103.84,0.05,Credit Card,2,207.68,10.38,197.3
ORD103433,CUST1421,2024-06-21,Female,50,Pune,Electronics,Smartwatch,3,243.15,0.078,UPI,2,729.45,56.9,672.55
ORD103434,CUST1761,2024-05-01,Male,19,Pune,Books,Self-Help Book,3,74.92,0.281,Cash on Delivery,3,224.76,63.16,161.6
ORD103435,CUST1227,2024-02-03,Male,45,Pune,Clothing,Jacket,1,231.0,0.075,Credit Card,4,231.0,17.32,213.68
ORD103436,CUST1340,2024-07-05,Male,23,Bengaluru,Sports,Football,1,171.1,0.23,Net Banking,3,171.1,39.35,131.75
ORD103437,CUST1307,2024-01-15,Male,42,Hyderabad,Home & Kitchen,Cookware Set,4,296.29,0.307,UPI,5,1185.16,363.84,821.32
ORD103438,CUST1521,2024-06-29,Female,27,Bengaluru,Home & Kitchen,Cookware Set,1,177.47,0.272,Debit Card,3,177.47,48.27,129.2
ORD103439,CUST1966,2024-03-16,Male,33,Bengaluru,Clothing,Jacket,2,326.48,0.174,Cash on Delivery,5,652.96,113.62,539.34
ORD103440,CUST1921,2024-10-05,Female,29,Bengaluru,Toys,Board Game,3,316.66,0.113,Cash on Delivery,1,949.98,107.35,842.63
ORD103441,CUST1544,2024-11-14,Female,55,Pune,Books,Fiction Book,3,77.07,0.327,Net Banking,2,231.21,75.61,155.6
ORD103442,CUST1199,2024-11-08,Female,56,Kochi,Books,Fiction Book,3,244.87,0.22,Net Banking,4,734.61,161.61,573.0
ORD103443,CUST1939,2024-11-10,Male,52,Delhi,Clothing,Kurta,4,86.9,0.172,Cash on Delivery,2,347.6,59.79,287.81
ORD103444,CUST1312,2024-02-03,Female,49,Chennai,Home & Kitchen,Mixer,4,290.81,0.333,Cash on Delivery,4,1163.24,387.36,775.88
ORD103445,CUST1355,2024-06-19,Male,33,Pune,Electronics,Power Bank,4,227.97,0.115,Debit Card,3,911.88,104.87,807.01
ORD103446,CUST1884,2024-03-16,Male,24,Delhi,Home & Kitchen,Bedsheet,3,113.53,0.183,Debit Card,3,340.59,62.33,278.26
ORD103447,CUST1263,2024-02-02,Male,42,Coimbatore,Toys,Board Game,4,98.46,0.083,Net Banking,3,393.84,32.69,361.15
ORD103448,CUST1461,2024-05-11,Male,36,Mumbai,Beauty,Face Wash,3,158.91,0.087,UPI,5,476.73,41.48,435.25
ORD103449,CUST1915,2024-05-23,Male,30,Mumbai,Home & Kitchen,Storage Box,3,283.24,0.17,Credit Card,4,849.72,144.45,705.27
ORD103450,CUST1317,2024-04-09,Female,28,Pune,Beauty,Face Wash,4,281.71,0.26,Credit Card,5,1126.84,292.98,833.86
ORD103451,CUST1623,2024-02-08,Female,24,Pune,Toys,Building Blocks,4,26.18,0.152,Cash on Delivery,1,104.72,15.92,88.8
ORD103452,CUST1037,2024-05-16,Male,53,Bengaluru,Sports,Dumbbells,1,116.27,0.257,UPI,5,116.27,29.88,86.39
ORD103453,CUST1994,2024-02-22,Male,31,Delhi,Clothing,Jacket,4,156.66,0.292,Net Banking,5,626.64,182.98,443.66
ORD103454,CUST1418,2024-01-14,Male,57,Kochi,Clothing,T-Shirt,3,211.17,0.313,Net Banking,5,633.51,198.29,435.22
ORD103455,CUST1669,2024-05-31,Male,46,Chennai,Electronics,Earbuds,4,65.09,0.063,Credit Card,3,260.36,16.4,243.96
ORD103456,CUST1500,2024-01-23,Male,25,Hyderabad,Beauty,Face Wash,3,127.32,0.282,Net Banking,3,381.96,107.71,274.25
ORD103457,CUST1433,2024-11-19,Female,20,Delhi,Electronics,Smartwatch,4,311.68,0.094,Debit Card,3,1246.72,117.19,1129.53
ORD103458,CUST1405,2024-10-07,Female,35,Kochi,Electronics,Smartwatch,2,174.64,0.259,UPI,5,349.28,90.46,258.82
ORD103459,CUST1017,2024-11-06,Female,21,Kochi,Clothing,Jeans,1,264.29,0.161,UPI,5,264.29,42.55,221.74
ORD103460,CUST1277,2024-02-04,Male,58,Delhi,Beauty,Perfume,1,177.4,0.262,Credit Card,5,177.4,46.48,130.92
ORD103461,CUST1380,2024-06-04,Female,57,Delhi,Sports,Cricket Bat,2,170.77,0.114,Cash on Delivery,5,341.54,38.94,302.6
ORD103462,CUST1368,2024-10-03,Male,46,Mumbai,Beauty,Shampoo,1,223.35,0.243,Credit Card,4,223.35,54.27,169.08
ORD103463,CUST1273,2024-07-11,Female,30,Mumbai,Clothing,Jeans,2,101.89,0.088,Credit Card,2,203.78,17.93,185.85
ORD103464,CUST1641,2024-04-12,Female,55,Pune,Books,Self-Help Book,1,98.68,0.101,Debit Card,1,98.68,9.97,88.71
ORD103465,CUST1828,2024-10-05,Male,45,Delhi,Beauty,Perfume,1,346.43,0.234,Cash on Delivery,5,346.43,81.06,265.37
ORD103466,CUST1890,2024-04-13,Female,33,Delhi,Beauty,Perfume,3,306.11,0.151,Cash on Delivery,1,918.33,138.67,779.66
ORD103467,CUST1971,2024-11-22,Male,55,Coimbatore,Toys,Building Blocks,4,262.15,0.261,UPI,1,1048.6,273.68,774.92
ORD103468,CUST1649,2024-02-03,Male,27,Bengaluru,Home & Kitchen,Storage Box,1,60.94,0.256,Cash on Delivery,3,60.94,15.6,45.34
ORD103469,CUST1410,2024-08-24,Female,42,Kochi,Home & Kitchen,Cookware Set,3,25.13,0.236,UPI,4,75.39,17.79,57.6
ORD103470,CUST1645,2024-01-05,Female,47,Pune,Electronics,Smartwatch,3,73.76,0.269,Credit Card,4,221.28,59.52,161.76
ORD103471,CUST1132,2024-11-02,Female,57,Delhi,Sports,Football,3,329.14,0.288,Cash on Delivery,2,987.42,284.38,703.04
ORD103472,CUST1816,2024-04-29,Male,23,Delhi,Sports,Yoga Mat,1,288.46,0.323,Credit Card,3,288.46,93.17,195.29
ORD103473,CUST1534,2024-01-07,Male,30,Delhi,Sports,Yoga Mat,3,190.23,0.074,Debit Card,5,570.69,42.23,528.46
ORD103474,CUST1164,2024-10-06,Male,54,Delhi,Home & Kitchen,Storage Box,1,339.54,0.221,Net Banking,4,339.54,75.04,264.5
ORD103475,CUST1425,2024-11-20,Female,39,Hyderabad,Sports,Yoga Mat,1,64.11,0.275,Debit Card,5,64.11,17.63,46.48
ORD103476,CUST1300,2024-11-04,Male,50,Pune,Home & Kitchen,Storage Box,2,202.32,0.115,Cash on Delivery,4,404.64,46.53,358.11
ORD103477,CUST1349,2024-06-11,Female,51,Hyderabad,Beauty,Moisturizer,4,76.38,0.129,Net Banking,1,305.52,39.41,266.11
ORD103478,CUST1050,2024-01-21,Male,31,Pune,Electronics,Keyboard,1,117.65,0.13,UPI,2,117.65,15.29,102.36
ORD103479,CUST1016,2024-03-17,Male,32,Delhi,Electronics,Earbuds,4,329.95,0.222,Debit Card,1,1319.8,293.0,1026.8
ORD103480,CUST1349,2024-01-11,Male,39,Hyderabad,Sports,Cricket Bat,4,305.87,0.16,UPI,1,1223.48,195.76,1027.72
ORD103481,CUST1301,2024-01-15,Male,19,Coimbatore,Sports,Football,4,49.1,0.25,Credit Card,5,196.4,49.1,147.3
ORD103482,CUST1997,2024-02-23,Female,52,Hyderabad,Toys,Remote Car,2,98.6,0.233,UPI,4,197.2,45.95,151.25
ORD103483,CUST1262,2024-07-07,Male,22,Pune,Beauty,Moisturizer,1,214.16,0.247,Cash on Delivery,5,214.16,52.9,161.26
ORD103484,CUST1328,2024-09-13,Male,58,Hyderabad,Sports,Cricket Bat,1,35.55,0.126,Credit Card,2,35.55,4.48,31.07
ORD103485,CUST1914,2024-07-14,Female,51,Bengaluru,Toys,Remote Car,4,199.28,0.28,UPI,5,797.12,223.19,573.93
ORD103486,CUST1858,2024-03-09,Female,33,Delhi,Beauty,Moisturizer,1,210.8,0.249,Credit Card,5,210.8,52.49,158.31
ORD103487,CUST1056,2024-07-20,Female,21,Kochi,Toys,Remote Car,3,112.47,0.089,UPI,1,337.41,30.03,307.38
ORD103488,CUST1085,2024-03-18,Male,51,Hyderabad,Beauty,Face Wash,2,113.2,0.11,Debit Card,5,226.4,24.9,201.5
ORD103489,CUST1094,2024-06-03,Female,37,Chennai,Books,Fiction Book,4,91.74,0.14,Credit Card,1,366.96,51.37,315.59
ORD103490,CUST1459,2024-10-24,Male,26,Chennai,Sports,Football,3,328.45,0.331,UPI,3,985.35,326.15,659.2
ORD103491,CUST1572,2024-02-15,Female,36,Mumbai,Toys,Puzzle,3,145.27,0.148,Credit Card,1,435.81,64.5,371.31
ORD103492,CUST1351,2024-10-20,Female,56,Coimbatore,Clothing,Jacket,4,211.07,0.056,UPI,3,844.28,47.28,797.0
ORD103493,CUST1012,2024-03-31,Female,47,Pune,Electronics,Keyboard,4,116.03,0.092,Debit Card,1,464.12,42.7,421.42
ORD103494,CUST1201,2024-08-12,Female,47,Bengaluru,Toys,Puzzle,2,250.39,0.06,Cash on Delivery,5,500.78,30.05,470.73
ORD103495,CUST1613,2024-03-28,Female,40,Coimbatore,Clothing,T-Shirt,3,48.98,0.171,UPI,3,146.94,25.13,121.81
ORD103496,CUST1372,2024-02-24,Male,24,Bengaluru,Beauty,Face Wash,3,39.0,0.289,UPI,5,117.0,33.81,83.19
ORD103497,CUST1123,2024-05-30,Female,58,Delhi,Beauty,Perfume,4,264.34,0.185,Debit Card,3,1057.36,195.61,861.75
ORD103498,CUST1650,2024-05-07,Male,49,Coimbatore,Beauty,Face Wash,2,258.43,0.302,Cash on Delivery,3,516.86,156.09,360.77
ORD103499,CUST1612,2024-06-19,Female,40,Coimbatore,Home & Kitchen,Mixer,2,103.78,0.064,Cash on Delivery,4,207.56,13.28,194.28
ORD103500,CUST1489,2024-03-20,Female,49,Pune,Beauty,Perfume,4,133.94,0.191,Net Banking,5,535.76,102.33,433.43
ORD103501,CUST1939,2024-11-23,Male,33,Hyderabad,Home & Kitchen,Bedsheet,4,335.68,0.286,Net Banking,2,1342.72,384.02,958.7
ORD103502,CUST1843,2024-08-13,Male,49,Coimbatore,Sports,Yoga Mat,3,49.95,0.252,UPI,3,149.85,37.76,112.09
ORD103503,CUST1039,2024-10-08,Female,59,Mumbai,Clothing,T-Shirt,1,76.35,0.306,Debit Card,2,76.35,23.36,52.99
ORD103504,CUST1904,2024-09-18,Female,32,Hyderabad,Toys,Board Game,2,159.06,0.132,Debit Card,1,318.12,41.99,276.13
ORD103505,CUST1049,2024-08-30,Male,18,Delhi,Beauty,Shampoo,2,109.5,0.2,Net Banking,5,219.0,43.8,175.2
ORD103506,CUST1481,2024-02-17,Female,49,Delhi,Sports,Yoga Mat,3,232.42,0.253,UPI,3,697.26,176.41,520.85
ORD103507,CUST1900,2024-07-16,Female,54,Bengaluru,Sports,Football,3,246.35,0.101,Debit Card,2,739.05,74.64,664.41
ORD103508,CUST1980,2024-10-27,Male,53,Kochi,Beauty,Face Wash,4,191.34,0.295,Credit Card,4,765.36,225.78,539.58
ORD103509,CUST1022,2024-02-02,Male,59,Coimbatore,Toys,Remote Car,1,219.75,0.143,Cash on Delivery,5,219.75,31.42,188.33
ORD103510,CUST1071,2024-06-04,Female,32,Hyderabad,Books,Academic Book,2,160.2,0.078,Credit Card,5,320.4,24.99,295.41
ORD103511,CUST1241,2024-03-02,Male,57,Bengaluru,Electronics,Smartwatch,3,269.73,0.28,Debit Card,3,809.19,226.57,582.62
ORD103512,CUST1276,2024-09-23,Male,26,Chennai,Toys,Puzzle,4,29.1,0.262,Debit Card,1,116.4,30.5,85.9
ORD103513,CUST1279,2024-11-08,Female,43,Mumbai,Electronics,Smartwatch,1,119.82,0.315,Cash on Delivery,3,119.82,37.74,82.08
ORD103514,CUST1416,2024-01-18,Female,56,Bengaluru,Electronics,Earbuds,4,244.28,0.318,Cash on Delivery,3,977.12,310.72,666.4
ORD103515,CUST1318,2024-09-25,Female,57,Kochi,Electronics,Earbuds,1,125.43,0.134,UPI,2,125.43,16.81,108.62
ORD103516,CUST1582,2024-04-30,Female,44,Kochi,Beauty,Perfume,1,41.31,0.242,Debit Card,3,41.31,10.0,31.31
ORD103517,CUST1853,2024-11-18,Male,41,Coimbatore,Toys,Puzzle,4,130.58,0.35,Net Banking,3,522.32,182.81,339.51
ORD103518,CUST1545,2024-01-05,Female,37,Hyderabad,Books,Fiction Book,4,253.35,0.123,Credit Card,5,1013.4,124.65,888.75
ORD103519,CUST1331,2024-03-05,Female,55,Pune,Sports,Cricket Bat,4,55.86,0.192,UPI,1,223.44,42.9,180.54
ORD103520,CUST1567,2024-08-28,Female,55,Mumbai,Beauty,Moisturizer,3,257.75,0.323,Debit Card,4,773.25,249.76,523.49
ORD103521,CUST1619,2024-09-17,Female,28,Hyderabad,Sports,Dumbbells,3,274.78,0.081,UPI,4,824.34,66.77,757.57
ORD103522,CUST1895,2024-01-27,Female,23,Delhi,Electronics,Smartwatch,3,227.83,0.328,Credit Card,2,683.49,224.18,459.31
ORD103523,CUST1946,2024-02-23,Male,52,Bengaluru,Clothing,Kurta,3,96.82,0.196,Credit Card,2,290.46,56.93,233.53
ORD103524,CUST1277,2024-04-23,Male,52,Kochi,Home & Kitchen,Storage Box,3,284.77,0.318,UPI,5,854.31,271.67,582.64
ORD103525,CUST1917,2024-01-12,Female,22,Bengaluru,Sports,Dumbbells,2,86.84,0.236,Net Banking,2,173.68,40.99,132.69
ORD103526,CUST1816,2024-09-18,Male,39,Hyderabad,Home & Kitchen,Bedsheet,4,318.45,0.251,Debit Card,4,1273.8,319.72,954.08
ORD103527,CUST1128,2024-08-12,Female,39,Bengaluru,Clothing,T-Shirt,2,251.73,0.282,UPI,3,503.46,141.98,361.48
ORD103528,CUST1557,2024-09-07,Male,19,Delhi,Books,Fiction Book,3,33.33,0.07,Credit Card,5,99.99,7.0,92.99
ORD103529,CUST1152,2024-06-06,Female,46,Pune,Beauty,Perfume,3,282.76,0.238,Debit Card,4,848.28,201.89,646.39
ORD103530,CUST1489,2024-08-02,Male,59,Kochi,Sports,Dumbbells,3,184.66,0.327,UPI,5,553.98,181.15,372.83
ORD103531,CUST1044,2024-07-10,Female,27,Mumbai,Clothing,T-Shirt,3,166.64,0.337,UPI,5,499.92,168.47,331.45
ORD103532,CUST1299,2024-08-20,Female,51,Bengaluru,Clothing,Jacket,1,155.87,0.34,Cash on Delivery,1,155.87,53.0,102.87
ORD103533,CUST1587,2024-05-30,Male,21,Chennai,Sports,Dumbbells,2,218.22,0.244,UPI,5,436.44,106.49,329.95
ORD103534,CUST1303,2024-08-06,Male,27,Delhi,Books,Comics,2,257.73,0.24,Debit Card,5,515.46,123.71,391.75
ORD103535,CUST1010,2024-08-04,Female,42,Kochi,Toys,Puzzle,2,315.15,0.216,UPI,1,630.3,136.14,494.16
ORD103536,CUST1388,2024-08-02,Female,57,Chennai,Beauty,Perfume,4,106.44,0.232,Debit Card,3,425.76,98.78,326.98
ORD103537,CUST1540,2024-10-19,Female,56,Kochi,Books,Academic Book,4,226.31,0.234,Cash on Delivery,2,905.24,211.83,693.41
ORD103538,CUST1762,2024-04-27,Male,58,Hyderabad,Toys,Board Game,3,244.92,0.063,Credit Card,5,734.76,46.29,688.47
ORD103539,CUST1136,2024-10-21,Male,60,Kochi,Books,Fiction Book,2,241.06,0.077,Debit Card,2,482.12,37.12,445.0
ORD103540,CUST1476,2024-01-10,Male,52,Chennai,Home & Kitchen,Mixer,1,180.16,0.236,Credit Card,1,180.16,42.52,137.64
ORD103541,CUST1198,2024-06-11,Female,33,Kochi,Electronics,Earbuds,4,145.99,0.144,Debit Card,1,583.96,84.09,499.87
ORD103542,CUST1153,2024-05-28,Male,23,Hyderabad,Sports,Yoga Mat,4,270.4,0.14,UPI,4,1081.6,151.42,930.18
ORD103543,CUST1121,2024-10-17,Male,53,Hyderabad,Electronics,Earbuds,2,115.5,0.108,Debit Card,1,231.0,24.95,206.05
ORD103544,CUST1759,2024-01-16,Female,26,Bengaluru,Books,Self-Help Book,4,84.7,0.29,UPI,2,338.8,98.25,240.55
ORD103545,CUST1918,2024-03-13,Female,40,Bengaluru,Home & Kitchen,Bedsheet,4,197.85,0.339,Cash on Delivery,3,791.4,268.28,523.12
ORD103546,CUST1662,2024-06-06,Male,50,Coimbatore,Sports,Football,3,104.65,0.238,UPI,1,313.95,74.72,239.23
ORD103547,CUST1377,2024-09-30,Male,19,Chennai,Sports,Yoga Mat,1,26.13,0.334,UPI,1,26.13,8.73,17.4
ORD103548,CUST1948,2024-06-04,Male,57,Mumbai,Electronics,Smartwatch,1,32.28,0.315,UPI,5,32.28,10.17,22.11
ORD103549,CUST1496,2024-08-02,Female,31,Kochi,Clothing,Jeans,4,247.83,0.115,Credit Card,3,991.32,114.0,877.32
ORD103550,CUST1528,2024-02-29,Male,27,Mumbai,Beauty,Shampoo,3,341.0,0.096,UPI,2,1023.0,98.21,924.79
ORD103551,CUST1633,2024-11-12,Female,33,Coimbatore,Electronics,Smartwatch,1,167.32,0.113,Credit Card,5,167.32,18.91,148.41
ORD103552,CUST1653,2024-09-19,Female,37,Pune,Sports,Cricket Bat,1,64.27,0.079,Cash on Delivery,1,64.27,5.08,59.19
ORD103553,CUST1491,2024-01-15,Male,37,Coimbatore,Home & Kitchen,Mixer,4,289.06,0.225,Credit Card,2,1156.24,260.15,896.09
ORD103554,CUST1478,2024-08-23,Male,24,Kochi,Sports,Dumbbells,2,102.58,0.135,Credit Card,5,205.16,27.7,177.46
ORD103555,CUST1317,2024-02-13,Female,26,Chennai,Books,Self-Help Book,2,348.53,0.324,Cash on Delivery,4,697.06,225.85,471.21
ORD103556,CUST1680,2024-07-06,Female,38,Hyderabad,Beauty,Face Wash,3,203.69,0.234,UPI,3,611.07,142.99,468.08
ORD103557,CUST1671,2024-08-25,Female,27,Hyderabad,Sports,Cricket Bat,2,92.93,0.158,Net Banking,5,185.86,29.37,156.49
ORD103558,CUST1435,2024-11-06,Male,45,Chennai,Electronics,Power Bank,4,181.16,0.345,UPI,3,724.64,250.0,474.64
ORD103559,CUST1711,2024-01-24,Female,56,Chennai,Toys,Board Game,3,127.35,0.336,UPI,4,382.05,128.37,253.68
ORD103560,CUST1137,2024-04-06,Male,18,Chennai,Sports,Cricket Bat,2,276.12,0.284,UPI,5,552.24,156.84,395.4
ORD103561,CUST1415,2024-08-19,Male,19,Kochi,Toys,Building Blocks,2,50.45,0.288,Net Banking,3,100.9,29.06,71.84
ORD103562,CUST1985,2024-03-28,Female,45,Coimbatore,Sports,Cricket Bat,4,302.1,0.343,Debit Card,3,1208.4,414.48,793.92
ORD103563,CUST1732,2024-08-26,Female,19,Delhi,Electronics,Smartwatch,3,272.06,0.23,Credit Card,4,816.18,187.72,628.46
ORD103564,CUST1719,2024-03-02,Female,45,Coimbatore,Books,Comics,4,303.56,0.314,UPI,1,1214.24,381.27,832.97
ORD103565,CUST1862,2024-02-24,Male,39,Hyderabad,Electronics,Earbuds,2,314.82,0.069,Credit Card,3,629.64,43.45,586.19
ORD103566,CUST1608,2024-07-01,Female,37,Mumbai,Beauty,Perfume,1,91.98,0.216,Credit Card,4,91.98,19.87,72.11
ORD103567,CUST1661,2024-08-18,Male,44,Kochi,Electronics,Earbuds,4,189.54,0.201,UPI,2,758.16,152.39,605.77
ORD103568,CUST1480,2024-03-09,Male,56,Bengaluru,Sports,Football,1,299.72,0.061,Net Banking,4,299.72,18.28,281.44
ORD103569,CUST1825,2024-10-19,Male,23,Bengaluru,Beauty,Moisturizer,4,141.42,0.076,Cash on Delivery,3,565.68,42.99,522.69
ORD103570,CUST1710,2024-10-18,Female,23,Delhi,Home & Kitchen,Bedsheet,3,35.24,0.057,UPI,1,105.72,6.03,99.69
ORD103571,CUST1523,2024-01-28,Male,47,Hyderabad,Beauty,Moisturizer,1,112.7,0.138,Credit Card,1,112.7,15.55,97.15
ORD103572,CUST1126,2024-04-11,Female,20,Pune,Clothing,Jeans,4,96.04,0.066,Credit Card,3,384.16,25.35,358.81
ORD103573,CUST1805,2024-07-05,Female,36,Pune,Home & Kitchen,Cookware Set,1,306.47,0.177,Cash on Delivery,1,306.47,54.25,252.22
ORD103574,CUST1325,2024-06-13,Female,39,Hyderabad,Sports,Dumbbells,2,170.39,0.294,Debit Card,2,340.78,100.19,240.59
ORD103575,CUST1358,2024-03-26,Female,34,Chennai,Home & Kitchen,Storage Box,2,243.99,0.234,Cash on Delivery,3,487.98,114.19,373.79
ORD103576,CUST1124,2024-06-26,Male,40,Chennai,Home & Kitchen,Storage Box,3,337.31,0.252,Debit Card,1,1011.93,255.01,756.92
ORD103577,CUST1216,2024-11-18,Male,22,Mumbai,Beauty,Shampoo,3,115.23,0.059,UPI,3,345.69,20.4,325.29
ORD103578,CUST1125,2024-04-13,Male,29,Hyderabad,Books,Academic Book,3,270.0,0.302,Net Banking,2,810.0,244.62,565.38
ORD103579,CUST1097,2024-03-14,Female,18,Chennai,Beauty,Shampoo,2,22.63,0.094,Net Banking,2,45.26,4.25,41.01
ORD103580,CUST1021,2024-09-04,Male,59,Pune,Clothing,Jeans,3,49.88,0.141,Net Banking,5,149.64,21.1,128.54
ORD103581,CUST1294,2024-07-10,Male,53,Kochi,Beauty,Face Wash,1,69.22,0.205,Debit Card,5,69.22,14.19,55.03
ORD103582,CUST1755,2024-08-19,Female,28,Kochi,Beauty,Face Wash,3,119.66,0.329,Debit Card,2,358.98,118.1,240.88
ORD103583,CUST1863,2024-08-04,Male,19,Chennai,Home & Kitchen,Cookware Set,1,150.0,0.349,Credit Card,5,150.0,52.35,97.65
ORD103584,CUST1227,2024-09-11,Female,29,Bengaluru,Beauty,Shampoo,1,174.8,0.285,Credit Card,2,174.8,49.82,124.98
ORD103585,CUST1423,2024-09-01,Male,59,Mumbai,Electronics,Keyboard,3,97.19,0.269,Credit Card,2,291.57,78.43,213.14
ORD103586,CUST1831,2024-07-21,Male,52,Kochi,Beauty,Shampoo,1,37.18,0.208,Cash on Delivery,5,37.18,7.73,29.45
ORD103587,CUST1706,2024-06-01,Male,46,Delhi,Home & Kitchen,Bedsheet,4,241.97,0.25,Cash on Delivery,1,967.88,241.97,725.91
ORD103588,CUST1903,2024-06-03,Male,57,Mumbai,Sports,Cricket Bat,1,22.93,0.093,Credit Card,2,22.93,2.13,20.8
ORD103589,CUST1420,2024-03-29,Male,25,Kochi,Beauty,Perfume,1,286.17,0.131,Debit Card,5,286.17,37.49,248.68
ORD103590,CUST1168,2024-05-30,Male,41,Pune,Books,Comics,4,326.27,0.345,Cash on Delivery,5,1305.08,450.25,854.83
ORD103591,CUST1143,2024-07-21,Male,52,Kochi,Beauty,Shampoo,1,252.97,0.344,Cash on Delivery,5,252.97,87.02,165.95
ORD103592,CUST1708,2024-08-28,Male,18,Coimbatore,Home & Kitchen,Mixer,4,214.65,0.147,Net Banking,5,858.6,126.21,732.39
ORD103593,CUST1026,2024-09-15,Male,36,Kochi,Beauty,Face Wash,2,235.1,0.122,Cash on Delivery,5,470.2,57.36,412.84
ORD103594,CUST1459,2024-05-06,Female,33,Delhi,Clothing,T-Shirt,4,233.49,0.119,Credit Card,3,933.96,111.14,822.82
ORD103595,CUST1352,2024-09-02,Female,25,Hyderabad,Clothing,T-Shirt,4,327.12,0.195,Debit Card,2,1308.48,255.15,1053.33
ORD103596,CUST1918,2024-05-26,Male,27,Chennai,Electronics,Keyboard,1,338.04,0.117,Net Banking,2,338.04,39.55,298.49
ORD103597,CUST1997,2024-04-30,Female,59,Pune,Electronics,Smartwatch,2,157.95,0.245,Credit Card,1,315.9,77.4,238.5
ORD103598,CUST1483,2024-02-24,Male,39,Hyderabad,Electronics,Earbuds,3,221.72,0.072,Cash on Delivery,1,665.16,47.89,617.27
ORD103599,CUST1579,2024-03-30,Male,21,Chennai,Electronics,Earbuds,4,283.94,0.081,Cash on Delivery,5,1135.76,92.0,1043.76
ORD103600,CUST1378,2024-08-15,Male,47,Coimbatore,Sports,Cricket Bat,1,15.35,0.133,Credit Card,1,15.35,2.04,13.31
ORD103601,CUST1776,2024-03-13,Male,43,Mumbai,Books,Academic Book,1,191.55,0.283,UPI,4,191.55,54.21,137.34
ORD103602,CUST1294,2024-01-26,Male,34,Delhi,Clothing,Jacket,2,233.71,0.147,Net Banking,2,467.42,68.71,398.71
ORD103603,CUST1743,2024-04-01,Female,35,Coimbatore,Sports,Football,1,255.26,0.191,UPI,4,255.26,48.75,206.51
ORD103604,CUST1902,2024-11-27,Female,41,Hyderabad,Books,Fiction Book,2,138.54,0.247,Cash on Delivery,3,277.08,68.44,208.64
ORD103605,CUST1171,2024-02-20,Male,57,Coimbatore,Electronics,Earbuds,1,114.04,0.287,Debit Card,1,114.04,32.73,81.31
ORD103606,CUST1225,2024-02-18,Male,50,Delhi,Clothing,T-Shirt,4,76.02,0.142,Cash on Delivery,2,304.08,43.18,260.9
ORD103607,CUST1377,2024-05-15,Female,35,Delhi,Clothing,Kurta,4,201.87,0.269,Net Banking,4,807.48,217.21,590.27
ORD103608,CUST1826,2024-05-08,Female,28,Hyderabad,Books,Academic Book,1,322.97,0.136,Cash on Delivery,5,322.97,43.92,279.05
ORD103609,CUST1640,2024-11-04,Male,22,Coimbatore,Books,Self-Help Book,3,315.15,0.243,Net Banking,2,945.45,229.74,715.71
ORD103610,CUST1193,2024-03-20,Female,26,Bengaluru,Books,Fiction Book,3,135.59,0.185,Credit Card,2,406.77,75.25,331.52
ORD103611,CUST1367,2024-05-19,Male,23,Delhi,Toys,Puzzle,3,101.38,0.328,Net Banking,4,304.14,99.76,204.38
ORD103612,CUST1642,2024-04-07,Female,52,Coimbatore,Home & Kitchen,Bedsheet,4,279.25,0.345,Credit Card,3,1117.0,385.36,731.64
ORD103613,CUST1963,2024-03-24,Female,42,Chennai,Toys,Building Blocks,3,257.87,0.282,Net Banking,1,773.61,218.16,555.45
ORD103614,CUST1450,2024-04-18,Male,19,Mumbai,Electronics,Power Bank,3,184.29,0.325,Debit Card,1,552.87,179.68,373.19
ORD103615,CUST1074,2024-03-27,Female,57,Pune,Toys,Puzzle,1,145.33,0.091,Cash on Delivery,2,145.33,13.23,132.1
ORD103616,CUST1104,2024-08-28,Female,24,Hyderabad,Toys,Building Blocks,1,56.47,0.246,Net Banking,2,56.47,13.89,42.58
ORD103617,CUST1028,2024-09-21,Female,45,Chennai,Home & Kitchen,Bedsheet,3,278.02,0.11,Debit Card,1,834.06,91.75,742.31
ORD103618,CUST1125,2024-02-29,Female,18,Mumbai,Books,Academic Book,4,221.85,0.133,Debit Card,4,887.4,118.02,769.38
ORD103619,CUST1412,2024-06-15,Female,43,Mumbai,Home & Kitchen,Mixer,2,141.26,0.207,Debit Card,3,282.52,58.48,224.04
ORD103620,CUST1281,2024-03-29,Male,41,Kochi,Electronics,Earbuds,3,322.79,0.273,Net Banking,4,968.37,264.37,704.0
ORD103621,CUST1300,2024-10-17,Female,57,Coimbatore,Toys,Puzzle,1,235.99,0.266,UPI,1,235.99,62.77,173.22
ORD103622,CUST1765,2024-02-03,Female,43,Bengaluru,Books,Academic Book,2,326.3,0.311,Net Banking,3,652.6,202.96,449.64
ORD103623,CUST1476,2024-05-17,Female,39,Hyderabad,Sports,Football,4,173.93,0.218,Cash on Delivery,3,695.72,151.67,544.05
ORD103624,CUST1728,2024-04-21,Male,40,Bengaluru,Beauty,Face Wash,3,167.3,0.328,Credit Card,3,501.9,164.62,337.28
ORD103625,CUST1541,2024-05-01,Female,45,Kochi,Toys,Remote Car,1,328.98,0.316,Net Banking,5,328.98,103.96,225.02
ORD103626,CUST1204,2024-11-11,Male,35,Hyderabad,Sports,Dumbbells,4,336.53,0.305,Debit Card,3,1346.12,410.57,935.55
ORD103627,CUST1947,2024-06-30,Female,48,Kochi,Electronics,Power Bank,4,336.86,0.119,Net Banking,3,1347.44,160.35,1187.09
ORD103628,CUST1475,2024-05-07,Male,40,Chennai,Toys,Building Blocks,2,289.33,0.209,Debit Card,5,578.66,120.94,457.72
ORD103629,CUST1835,2024-09-27,Male,59,Delhi,Toys,Board Game,2,169.91,0.271,UPI,2,339.82,92.09,247.73
ORD103630,CUST1096,2024-09-17,Female,26,Chennai,Books,Academic Book,3,85.45,0.343,UPI,2,256.35,87.93,168.42
ORD103631,CUST1848,2024-02-18,Male,49,Delhi,Clothing,T-Shirt,4,143.45,0.053,UPI,1,573.8,30.41,543.39
ORD103632,CUST1715,2024-06-03,Male,53,Chennai,Electronics,Earbuds,2,329.33,0.148,Cash on Delivery,4,658.66,97.48,561.18
ORD103633,CUST1249,2024-05-18,Male,48,Bengaluru,Toys,Board Game,1,136.79,0.153,Credit Card,1,136.79,20.93,115.86
ORD103634,CUST1792,2024-05-30,Male,60,Bengaluru,Home & Kitchen,Cookware Set,1,268.5,0.137,Debit Card,2,268.5,36.78,231.72
ORD103635,CUST1741,2024-04-26,Male,36,Pune,Toys,Building Blocks,4,324.21,0.295,Debit Card,3,1296.84,382.57,914.27
ORD103636,CUST1892,2024-10-03,Male,41,Pune,Clothing,Jeans,4,340.08,0.064,Net Banking,3,1360.32,87.06,1273.26
ORD103637,CUST1209,2024-11-29,Female,24,Delhi,Beauty,Shampoo,4,332.47,0.158,Cash on Delivery,1,1329.88,210.12,1119.76
ORD103638,CUST1884,2024-01-09,Male,34,Bengaluru,Books,Academic Book,1,200.94,0.264,Net Banking,3,200.94,53.05,147.89
ORD103639,CUST1761,2024-10-13,Male,24,Hyderabad,Beauty,Shampoo,1,179.78,0.172,UPI,5,179.78,30.92,148.86
ORD103640,CUST1337,2024-10-16,Male,52,Mumbai,Sports,Dumbbells,2,345.86,0.093,Cash on Delivery,1,691.72,64.33,627.39
ORD103641,CUST1350,2024-05-02,Female,51,Kochi,Books,Comics,1,88.09,0.233,Debit Card,3,88.09,20.52,67.57
ORD103642,CUST1254,2024-06-11,Female,26,Pune,Clothing,T-Shirt,2,77.82,0.207,Debit Card,3,155.64,32.22,123.42
ORD103643,CUST1476,2024-02-04,Male,52,Chennai,Beauty,Face Wash,3,337.67,0.345,Debit Card,2,1013.01,349.49,663.52
ORD103644,CUST1895,2024-04-27,Male,31,Chennai,Books,Fiction Book,2,245.88,0.275,Cash on Delivery,3,491.76,135.23,356.53
ORD103645,CUST1836,2024-03-20,Male,49,Hyderabad,Clothing,Jeans,1,194.66,0.346,Credit Card,2,194.66,67.35,127.31
ORD103646,CUST1145,2024-10-30,Female,58,Bengaluru,Beauty,Moisturizer,2,59.24,0.106,Net Banking,1,118.48,12.56,105.92
ORD103647,CUST1131,2024-02-05,Male,53,Mumbai,Home & Kitchen,Bedsheet,3,186.94,0.278,UPI,5,560.82,155.91,404.91
ORD103648,CUST1059,2024-04-23,Female,26,Kochi,Home & Kitchen,Storage Box,3,331.31,0.215,Debit Card,5,993.93,213.69,780.24
ORD103649,CUST1613,2024-06-10,Female,25,Bengaluru,Books,Fiction Book,2,216.97,0.264,Credit Card,2,433.94,114.56,319.38
ORD103650,CUST1313,2024-11-23,Female,22,Delhi,Electronics,Power Bank,2,150.55,0.19,Net Banking,1,301.1,57.21,243.89
ORD103651,CUST1760,2024-09-30,Female,54,Mumbai,Home & Kitchen,Storage Box,3,199.62,0.114,UPI,1,598.86,68.27,530.59
ORD103652,CUST1759,2024-11-09,Female,41,Pune,Books,Comics,1,311.86,0.064,Net Banking,5,311.86,19.96,291.9
ORD103653,CUST1197,2024-04-13,Male,24,Delhi,Home & Kitchen,Bedsheet,4,320.8,0.301,Debit Card,5,1283.2,386.24,896.96
ORD103654,CUST1693,2024-03-30,Male,43,Delhi,Books,Comics,4,149.03,0.294,UPI,3,596.12,175.26,420.86
ORD103655,CUST1763,2024-07-10,Male,40,Hyderabad,Home & Kitchen,Bedsheet,1,218.7,0.099,UPI,5,218.7,21.65,197.05
ORD103656,CUST1986,2024-04-24,Female,43,Kochi,Clothing,T-Shirt,4,108.53,0.244,Net Banking,2,434.12,105.93,328.19
ORD103657,CUST1721,2024-01-06,Male,45,Hyderabad,Books,Academic Book,1,166.11,0.271,Cash on Delivery,3,166.11,45.02,121.09
ORD103658,CUST1359,2024-09-29,Male,25,Bengaluru,Home & Kitchen,Storage Box,2,88.66,0.217,Debit Card,1,177.32,38.48,138.84
ORD103659,CUST1998,2024-02-01,Female,34,Chennai,Electronics,Keyboard,3,193.04,0.145,Debit Card,3,579.12,83.97,495.15
ORD103660,CUST1275,2024-03-06,Male,49,Chennai,Clothing,Jacket,2,208.71,0.314,UPI,4,417.42,131.07,286.35
ORD100051,CUST1644,2024-05-04,Female,25,Hyderabad,Books,Comics,1,114.9,0.163,UPI,4,114.9,18.73,96.17
ORD100121,CUST1680,2024-09-26,Male,21,Kochi,Toys,Building Blocks,4,309.82,0.308,Net Banking,5,1239.28,381.7,857.58
